"";"data";"hora";"natureza_acidente";"situacao";"bairro";"endereco";"numero";"detalhe_endereco_acidente";"complemento";"bairro_cruzamento";"num_semaforo";"sentido_via";"tipo";"descricao";"auto";"moto";"ciclom";"ciclista";"pedestre";"onibus";"caminhao";"viatura";"outros";"vitimas";"vitimasfatais";"acidente_verificado";"tempo_clima";"situacao_semaforo";"sinalizacao";"condicao_via";"conservacao_via";"ponto_controle";"situacao_placa";"velocidade_max_via";"mao_direcao";"divisao_via1";"divisao_via2";"divisao_via3"
"165";2020-01-07;"11:28:00";"SEM VÍTIMA";"FINALIZADA";"ESPINHEIRO";"RUA CONS PORTELA";"";"RUA BARAO DE ITAMARACA";"IGREJA MATRIZ DO ESPINHEIRO";"ESPINHEIRO";464;"CIDADE";"ABALROAMENTO LONGITUDINAL";"AUTO E CAMINHÃO";1;0;0;0;0;0;1;0;0;0;0;"Longo da via";"Bom";"Sem defeito";"Perfeito estado";"Seca";"Perfeito estado";"Faixa de pedestre";"R-6a";"";"Única";"Faixa seccionada";"";""
"166";2020-01-07;"11:32:00";"SEM VÍTIMA";"FINALIZADA";"PRADO";"AV ENGENHEIRO ABDIAS DE CARVALHO";"";"";"ZERO GRAU / ESTÁCIO CLÍNICA DE PSICOLOGIA";"PRADO";327;"CIDADE";"COLISÃO TRASEIRA";"SEM VITIMAS";2;0;0;0;0;0;0;0;0;0;0;"Longo da via";"Bom";"Sem defeito";"Perfeito estado";"Seca";"Perfeito estado";"Faixa de pedestre";"R-6a";"60 km/h";"Única";"Faixa contínua";"";""
"167";2020-01-07;"12:39:00";"SEM VÍTIMA";"FINALIZADA";"TORRE";"RUA REAL DA TORRE";"1507";"RUA VITORIANO PALHARES";"EDF. AMADEUS E MOZART";"TORRE";NA;"CIDADE";"CHOQUE VEÍCULO PARADO";"COLISAO ENTRE DOIS AUTOS S/V";2;0;0;0;0;0;0;0;0;0;0;"";"Bom";"Não existe";"Perfeito estado";"Seca";"Perfeito estado";"Não existe";"Não há placas";"30 km/h";"Única";"Não existe";"";""
"168";2020-01-07;"12:53:00";"SEM VÍTIMA";"FINALIZADA";"ESPINHEIRO";"RUA DO ESPINHEIRO";"222";"";"EM FRENTE AO HOSPITAL DE ESPINHEIRO";"ESPINHEIRO";NA;"SUBURBIO";"ABALROAMENTO LONGITUDINAL";"COLISAO ENTRE DOIS AUTOS S/V";2;0;0;0;0;0;0;0;0;0;0;"Longo da via";"Bom";"Não existe";"Não existente";"Seca";"Perfeito estado";"Não existe";"Não há placas";"";"Única";"Faixa seccionada";"";""
"169";2020-01-07;"13:21:00";"SEM VÍTIMA";"FINALIZADA";"CIDADE UNIVERSITÁRIA";"AV PROFESSOR ARTUR DE SA";"1953";"";"LADO OPOSTO AO CEMITÉRIO DA VÁRZEA";"CIDADE UNIVERSITÁRIA";NA;"SUBURBIO";"ABALROAMENTO TRANSVERSAL";"COLISÃO SEM VITIMAS";1;1;0;0;0;0;0;0;0;0;0;"Longo da via";"Bom";"Não existe";"Perfeito estado";"Seca";"Perfeito estado";"Outros";"Outras";"30 km/h";"Dupla";"Faixa seccionada";"";""
"170";2020-01-07;"13:24:00";"SEM VÍTIMA";"FINALIZADA";"ESPINHEIRO";"RUA ANGUSTURA";"358";"";"CHINA 48";"ESPINHEIRO";NA;"CIDADE";"ABALROAMENTO TRANSVERSAL";"COLISAO ENTRE DOIS AUTOS S/V";2;0;0;0;0;0;0;0;0;0;0;"Longo da via";"Bom";"Não existe";"Perfeito estado";"Seca";"Perfeito estado";"Não existe";"Outras";"";"Única";"Não existe";"";""
"171";2020-01-07;"13:28:00";"SEM VÍTIMA";"CANCELADA";"AREIAS";"RUA JOAO TEIXEIRA";"440";"";"EM FRENTE AO MC AÇAI LANCHES";"AREIAS";NA;"";"COLISÃO";"COLISÃO SEM VÍTIMA";1;0;0;0;0;0;1;0;0;0;0;"";"";"";"";"";"";"";"";"";"";"";"";""
"172";2020-01-07;"13:37:00";"SEM VÍTIMA";"FINALIZADA";"PINA";"AV ANTONIO DE GOES";"820";"";"EMPRESARIAL JOPIN";"PINA";103;"CIDADE";"COLISÃO TRASEIRA";"COLISÃO S/VITIMAS ENTRE DUAS MOTOS";0;2;0;0;0;0;0;0;0;0;0;"Cruzamento";"Bom";"Sem defeito";"Perfeito estado";"Seca";"Perfeito estado";"Agente";"";"60 km/h";"Única";"Canteiro central";"";""
"173";2020-01-07;"13:57:00";"SEM VÍTIMA";"FINALIZADA";"BAIRRO DO RECIFE";"CAIS DO APOLO";"";"";"TRIBUNAL REGIONAL DA 5º REGIÃO";"BAIRRO DO RECIFE";454;"CIDADE";"ABALROAMENTO LONGITUDINAL";"COLISÃO SEM VITIMA";1;0;0;0;0;0;1;0;0;0;0;"Longo da via";"Bom";"Sem defeito";"Perfeito estado";"Seca";"Perfeito estado";"Faixa de pedestre";"R-6a";"";"Única";"Faixa seccionada";"";""
"174";2020-01-07;"14:21:00";"SEM VÍTIMA";"FINALIZADA";"SANTO AMARO";"AV NORTE";"787";"";"EVALDO DE ALBUQUERQUE BATERIAS HELIAR";"SANTO AMARO";NA;"CIDADE";"ABALROAMENTO LONGITUDINAL";"COLISÃO SEM VÍTIMA";1;0;0;0;0;1;0;0;0;0;0;"Longo da via";"Bom";"Não existe";"Perfeito estado";"Seca";"Perfeito estado";"Outros";"Outras";"60 km/h";"Dupla";"Faixa seccionada";"Canteiro central";""
"175";2020-01-07;"14:40:00";"SEM VÍTIMA";"FINALIZADA";"DERBY";"AV RUI BARBOSA";"";"AV GOVERNADOR AGAMENON MAGALHAES";"";"DERBY";37;"CIDADE";"ABALROAMENTO LONGITUDINAL";"COLISÃO S/VITIMAS ENTRE DOIS AUTOS (GM VIEIRA NUNES E WILAMS OLIVEIRA NO QTH)";2;0;0;0;0;0;0;0;0;0;0;"Cruzamento";"Bom";"Sem defeito";"Perfeito estado";"Seca";"Perfeito estado";"";"Outras";"40 km/h";"Única";"Faixa contínua";"";""
"176";2020-01-07;"14:52:00";"SEM VÍTIMA";"FINALIZADA";"IPSEP";"RUA POTENGY";"512";"";"";"IPSEP";NA;"CIDADE";"ABALROAMENTO LONGITUDINAL";"COLISÃO SEM VÍTIMA";2;0;0;0;0;0;0;0;0;0;0;"";"Bom";"Não existe";"Perfeito estado";"Seca";"Perfeito estado";"Não existe";"Placas Pare";"";"Única";"Não existe";"";""
"177";2020-01-07;"15:16:00";"SEM VÍTIMA";"FINALIZADA";"AFOGADOS";"RUA IMPERIAL";"";"";"CORE";"AFOGADOS";87;"SUBURBIO";"COLISÃO TRASEIRA";"COLISAO ENTRE AUTO E CAMINHAO S/V";1;0;0;0;0;0;1;0;0;0;0;"Longo da via";"Bom";"Sem defeito";"Perfeito estado";"Seca";"Perfeito estado";"Faixa de pedestre";"Outras";"";"Única";"Faixa seccionada";"";""
"178";2020-01-07;"15:15:00";"SEM VÍTIMA";"FINALIZADA";"IPSEP";"AV RECIFE";"2775";"";"EM FRENTE A IBEX";"IPSEP";NA;"SUBURBIO";"ABALROAMENTO LONGITUDINAL";"COLISÃO COM DOIS AUTOS E UM DOS AUTO SE CHOCOU COM O POSTE/ SEM VÍTIMA";2;0;0;0;0;0;0;0;0;0;0;"Longo da via";"Bom";"Não existe";"Perfeito estado";"Seca";"Perfeito estado";"Agente";"Não há placas";"60 km/h";"Dupla";"Canteiro central";"";""
"179";2020-01-07;"15:34:00";"SEM VÍTIMA";"FINALIZADA";"";"RUA WALDEMAR NERY CARNEIRO MONTEIRO";"62";"RUA DA CONFRATERNIZACAO";"COLÉGIO GESTÃO RECIFE";"";NA;"SUBURBIO";"COLISÃO FRONTAL";"COLISÃO SEM VÍTIMA";2;0;0;0;0;0;0;0;0;0;0;"Cruzamento";"Bom";"Não existe";"Perfeito estado";"Seca";"Perfeito estado";"Não existe";"Não há placas";"";"Dupla";"Não existe";"";""
"180";2020-01-07;"15:35:00";"SEM VÍTIMA";"FINALIZADA";"CORDEIRO";"AV ENGENHEIRO ABDIAS DE CARVALHO";"";"RUA TIJUCAS";"DROGARIA DROGA MARIA";"CORDEIRO";422;"";"COLISÃO TRASEIRA";"COLISÃO SEM VÍTIMA";2;0;0;0;0;0;0;0;0;0;0;"Longo da via";"Bom";"Sem defeito";"Perfeito estado";"Seca";"Perfeito estado";"Faixa de pedestre";"Não há placas";"";"Dupla";"Canteiro central";"";""
"181";2020-01-07;"15:40:00";"SEM VÍTIMA";"FINALIZADA";"CASA AMARELA";"AV PEDRO ALLAIN";"81";"";"EM FRENTE AO EDF EDUARDO CARDOSO";"CASA AMARELA";NA;"";"ABALROAMENTO LONGITUDINAL";"COLISÃO S/VITIMAS ENTRE DOIS AUTOS";2;0;0;0;0;0;0;0;0;0;0;"Longo da via";"Bom";"Não existe";"Não existente";"Seca";"Perfeito estado";"Não existe";"Não há placas";"30 km/h";"Dupla";"Não existe";"";""
"182";2020-01-07;"15:50:00";"SEM VÍTIMA";"FINALIZADA";"CAMPO GRANDE";"RUA ODORICO MENDES";"597";"";"EM FRENTE A ULTRAGÁS";"CAMPO GRANDE";NA;"SUBURBIO";"COLISÃO FRONTAL";"COLISÃO SEM VÍTIMA";3;0;0;0;0;0;0;0;0;0;0;"Longo da via";"Bom";"Não existe";"Perfeito estado";"Seca";"Perfeito estado";"Não existe";"R-6a";"";"Dupla";"Faixa seccionada";"";""
"183";2020-01-07;"15:59:00";"SEM VÍTIMA";"FINALIZADA";"JARDIM SÃO PAULO";"RUA LORENA";"93";"RUA BRAGANCA";"AO LADO DO Nº 093";"JARDIM SÃO PAULO";NA;"";"ABALROAMENTO TRANSVERSAL";"COLISAO ENTRE DOIS AUTOS S/V";2;0;0;0;0;0;0;0;0;0;0;"Cruzamento";"Bom";"Não existe";"Incompleta";"Seca";"Perfeito estado";"Não existe";"Placas Pare";"";"Dupla";"Não existe";"";""
"184";2020-01-07;"17:37:00";"COM VÍTIMA";"FINALIZADA";"BOA VIAGEM";"RUA VISCONDE DE JEQUITINHONHA";"652";"RUA ERNESTO DE PAULA SANTOS";"NO SEMAFORO 304";"BOA VIAGEM";304;"CIDADE";"COLISÃO COM CICLISTA";"COLISAO COM CICLISTA";1;0;0;1;0;0;0;0;0;1;0;"Cruzamento";"Bom";"Sem defeito";"Perfeito estado";"Seca";"Perfeito estado";"Faixa de pedestre";"R-6a";"30 km/h";"Única";"Não existe";"";""
"185";2020-01-07;"18:55:00";"SEM VÍTIMA";"FINALIZADA";"BOA VIAGEM";"RUA JOSE DOMINGUES DA SILVA";"205";"RUA PADRE CABRAL";"EDF MONTE CATINE";"BOA VIAGEM";NA;"SUBURBIO";"ABALROAMENTO TRANSVERSAL";"ENTRE AUTO PASSEIO X MOTO COM VÍTIMA";1;1;0;0;0;0;0;0;0;0;0;"Cruzamento";"Bom";"Não existe";"Perfeito estado";"Seca";"Perfeito estado";"Faixa de retenção";"Placas Pare";"";"Dupla";"Faixa contínua";"Faixa seccionada";""
"186";2020-01-08;"04:11:00";"SEM VÍTIMA";"FINALIZADA";"BOA VISTA";"AV CONDE DA BOA VISTA";"175";"RUA DA AURORA";"CINEMA SÃO LUIZ";"BOA VISTA";162;"CIDADE";"ABALROAMENTO TRANSVERSAL";"COLISÃO ENTRE DOIS ÔNIBUS S/V";0;0;0;0;0;2;0;0;0;0;0;"Cruzamento";"Bom";"Sem defeito";"Perfeito estado";"Seca";"Perfeito estado";"Faixa de pedestre";"Outras";"";"Dupla";"Canteiro central";"";""
"187";2020-01-08;"07:14:00";"COM VÍTIMA";"FINALIZADA";"IPUTINGA";"RUA MAURICIO DE NASSAU";"43";"";"EM FRENTE A IGREJA CONGREGAÇÃO CRISTÃ";"IPUTINGA";NA;"CIDADE";"COLISÃO TRASEIRA";"COLISÃO COM VITIMA A ESPERA  DO SAMU";1;1;0;0;0;0;0;0;0;1;0;"Longo da via";"Bom";"";"";"Seca";"Perfeito estado";"";"";"";"Dupla";"";"";""
"188";2020-01-08;"08:47:00";"SEM VÍTIMA";"FINALIZADA";"DERBY";"PRC DO DERBY";"";"";"LADO OPOSTO AO LABORATÓRIO MARCELO MAGALHÃES";"DERBY";NA;"CIDADE";"ABALROAMENTO TRANSVERSAL";"COLISAO S/ VITIMA. ENTRE DOIS VEICULOS";2;0;0;0;0;0;0;0;0;0;0;"Longo da via";"Bom";"Não existe";"Perfeito estado";"Seca";"Perfeito estado";"Não existe";"Outras";"";"Dupla";"Faixa seccionada";"";""
"189";2020-01-08;"09:38:00";"SEM VÍTIMA";"FINALIZADA";"CASA AMARELA";"EST DO ARRAIAL";"3720";"RUA ANTONIO DE CASTRO";"E/F AO EDF. VALDIR PESSOA";"CASA AMARELA";NA;"SUBURBIO";"ABALROAMENTO LONGITUDINAL";"COLISÃO S/VITIMAS ENTRE DOIS AUTOS";2;0;0;0;0;0;0;0;0;0;0;"Longo da via";"Bom";"Não existe";"Perfeito estado";"Seca";"Perfeito estado";"";"";"60 km/h";"Única";"Não existe";"";""
"190";2020-01-08;"10:28:00";"COM VÍTIMA";"FINALIZADA";"COELHOS";"RUA DOS COELHOS";"123";"PTE JOAQUIM CARDOSO";"AO LADO DO IMIP";"COELHOS";NA;"SUBURBIO";"ABALROAMENTO LONGITUDINAL";"COM DUAS VITIMAS /SAMU ACIONADO/VT 05 NO QTH";0;2;0;0;0;0;0;0;0;2;0;"Longo da via";"Bom";"Não existe";"Perfeito estado";"Seca";"Perfeito estado";"Não existe";"R-6a";"";"Dupla";"Faixa contínua";"";""
"191";2020-01-08;"10:47:00";"SEM VÍTIMA";"FINALIZADA";"DERBY";"PRC DO DERBY";"";"RUA JENER DE SOUZA";"SOB O SEMÁFORO 418";"DERBY";NA;"CIDADE";"COLISÃO TRASEIRA";"SEM VITIMAS";2;0;0;0;0;0;0;0;0;0;0;"Cruzamento";"Bom";"Sem defeito";"Perfeito estado";"Seca";"Perfeito estado";"Faixa de pedestre";"Outras";"";"Dupla";"Blocos";"";""
"192";2020-01-08;"11:07:00";"COM VÍTIMA";"FINALIZADA";"ARRUDA";"RUA SAO BENTO";"340";"EST VELHA DE AGUA FRIA";"APÓS O POSTO NORTE BRAZ";"ARRUDA";NA;"SUBURBIO";"ABALROAMENTO LONGITUDINAL";"COLISAO COM VITIMA. ENTRE DUAS MOTOS";0;2;0;0;0;0;0;0;0;1;0;"Longo da via";"Bom";"Não existe";"Perfeito estado";"Seca";"Perfeito estado";"Não existe";"Não há placas";"";"Única";"Faixa seccionada";"";""
"193";2020-01-08;"11:22:00";"SEM VÍTIMA";"FINALIZADA";"TORRE";"RUA PADRE ANCHIETA";"";"RUA JOSE BONIFACIO";"AO LADO DO MINUTO PÃO DE AÇUCAR";"TORRE";193;"CIDADE";"ABALROAMENTO LONGITUDINAL";"SEM VITIMAS";2;0;0;0;0;0;0;0;0;0;0;"Cruzamento";"Bom";"Sem defeito";"Perfeito estado";"Seca";"Perfeito estado";"Faixa de pedestre";"R-6a";"";"Única";"Faixa seccionada";"";""
"194";2020-01-08;"11:41:00";"SEM VÍTIMA";"FINALIZADA";"ARRUDA";"RUA DR RAIMUNDO CAVALCANTI UCHOA";"";"RUA DESPORTIST WALDIR SANTANA";"ESQUINA DAS RUAS";"ARRUDA";NA;"";"ABALROAMENTO TRANSVERSAL";"COLISAO S/ VITIMA. ENTRE DOIS VEICULOS";2;0;0;0;0;0;0;0;0;0;0;"";"Bom";"Não existe";"Não existente";"Seca";"Mal conservada";"Não existe";"Não há placas";"";"Dupla";"Não existe";"";""
"195";2020-01-08;"11:46:00";"SEM VÍTIMA";"FINALIZADA";"BOA VISTA";"AV GOVERNADOR AGAMENON MAGALHAES";"";"";"EM FRENTE AO CÍRCULO MILITAR DO RECIFE";"BOA VISTA";NA;"";"COLISÃO TRASEIRA";"COLISAO S/ VITIMA. ENTRE DOIS VEICULOS. GM: JOBSON E RODRIGO NO LOCAL";2;0;0;0;0;0;0;0;0;0;0;"Longo da via";"Bom";"Não existe";"Perfeito estado";"Seca";"Perfeito estado";"Não existe";"Não há placas";"60 km/h";"Dupla";"Canteiro central";"";""
"196";2020-01-08;"12:33:00";"SEM VÍTIMA";"FINALIZADA";"IBURA";"AV DOIS RIOS";"";"RUA PINTOR AGENOR DE ALBUQUERQUE CESAR";"";"IBURA";561;"SUBURBIO";"ABALROAMENTO TRANSVERSAL";"COLISÃO SEM VÍTIMA";1;0;0;0;0;1;0;0;0;0;0;"Cruzamento";"Bom";"Sem defeito";"Perfeito estado";"Seca";"Perfeito estado";"Faixa de pedestre";"Não há placas";"";"Dupla";"Faixa contínua";"";""
"197";2020-01-08;"13:21:00";"SEM VÍTIMA";"FINALIZADA";"BAIRRO DO RECIFE";"CAIS DO APOLO";"925";"";"AREA INTERNA DO ESTACIONAMENTO DA PCR";"BAIRRO DO RECIFE";NA;"";"ABALROAMENTO TRANSVERSAL";"COLISAO ENTRE DOIS AUTOS S/V";2;0;0;0;0;0;0;0;0;0;0;"";"Bom";"Não existe";"Não existente";"Seca";"Perfeito estado";"Não existe";"Não há placas";"";"Dupla";"Não existe";"";""
"198";2020-01-08;"13:21:00";"SEM VÍTIMA";"FINALIZADA";"ESPINHEIRO";"RUA MARQUES DO PARANA";"450";"RUA GOMES PACHECO";"OFICERTA";"ESPINHEIRO";NA;"";"ABALROAMENTO LONGITUDINAL";"ENTRE DOIS AUTOS S/V";2;0;0;0;0;0;0;0;0;0;0;"Cruzamento";"Bom";"Não existe";"Perfeito estado";"Seca";"Perfeito estado";"Faixa de pedestre";"Placas Pare";"";"Única";"Faixa seccionada";"";""
"199";2020-01-08;"13:23:00";"SEM VÍTIMA";"FINALIZADA";"BOA VISTA";"RUA DO RIACHUELO";"105";"RUA DA UNIAO";"";"BOA VISTA";NA;"CIDADE";"COLISÃO TRASEIRA";"COLISÃO SEM VÍTIMA";2;0;0;0;0;0;0;0;0;0;0;"Longo da via";"Bom";"Não existe";"Perfeito estado";"Seca";"Perfeito estado";"Faixa de pedestre";"Outras";"";"Dupla";"Faixa seccionada";"Canteiro central";""
"200";2020-01-08;"13:32:00";"SEM VÍTIMA";"FINALIZADA";"COELHOS";"RUA DO JARDIM";"37";"";"EM FRENTE AO Nº 37 / SENTIDO ÚNICO";"COELHOS";NA;"";"COLISÃO TRASEIRA";"ENTRE DOIS AUTOS S/V";2;0;0;0;0;0;0;0;0;0;0;"Longo da via";"Bom";"Não existe";"Não existente";"Seca";"Mal conservada";"Não existe";"Não há placas";"";"Única";"Não existe";"";""
"201";2020-01-08;"13:48:00";"COM VÍTIMA";"FINALIZADA";"CORDEIRO";"AV CAXANGA";"2555";"AV INACIO MONTEIRO";"PROX AO POSTO SILVA E ARAUJO";"CORDEIRO";234;"CIDADE";"ABALROAMENTO LONGITUDINAL";"ENTRE MOTO- AUTO PASSEIO E REBOQUE COM VÍTIMA.";1;1;0;0;0;0;0;0;1;1;0;"Esquina";"Bom";"Sem defeito";"Perfeito estado";"Seca";"Perfeito estado";"Faixa de pedestre";"Outras";"";"Dupla";"Faixa contínua";"Faixa seccionada";"Canteiro central"
"202";2020-01-08;"14:08:00";"SEM VÍTIMA";"FINALIZADA";"BOA VIAGEM";"AV ENGENHEIRO DOMINGOS FERREIRA";"236";"";"CERPE";"BOA VIAGEM";380;"SUBURBIO";"COLISÃO TRASEIRA";"ENTRE DOIS AUTOS S/V";2;0;0;0;0;0;0;0;0;0;0;"Longo da via";"Bom";"Sem defeito";"Perfeito estado";"Seca";"Perfeito estado";"Faixa de pedestre";"";"60 km/h";"Única";"Faixa contínua";"";""
"203";2020-01-08;"14:52:00";"SEM VÍTIMA";"FINALIZADA";"AREIAS";"AV RECIFE";"";"";"LADO OPOSTO AO BIG BOMPREÇO";"AREIAS";NA;"";"COLISÃO TRASEIRA";"COLISÃO SEM VÍTIMA";2;0;0;0;0;0;0;0;0;0;0;"Longo da via";"Bom";"Sem defeito";"Perfeito estado";"Seca";"Perfeito estado";"";"Outras";"";"Dupla";"Canteiro central";"";""
"204";2020-01-08;"15:15:00";"SEM VÍTIMA";"FINALIZADA";"BOA VIAGEM";"RUA RIBEIRO DE BRITO";"972";"RUA DOS NAVEGANTES";"EDIFÍCIO LUIZA RAMOS";"BOA VIAGEM";NA;"";"ABALROAMENTO TRANSVERSAL";"COLISAO ENTRE DOIS AUTOS S/V";2;0;0;0;0;0;0;0;0;0;0;"Cruzamento";"Bom";"Não existe";"Ilegível";"Seca";"Perfeito estado";"Faixa de retenção";"Placas Pare";"";"Única";"Não existe";"";""
"205";2020-01-08;"15:37:00";"SEM VÍTIMA";"CANCELADA";"SANTO AMARO";"AV GOVERNADOR AGAMENON MAGALHAES";"";"";"PROX AO SHOPPING TACARUNA S/T OLINDA";"SANTO AMARO";NA;"";"COLISÃO";"COLISAO ENTRE DOIS AUTOS S/V";2;0;0;0;0;0;0;0;0;0;0;"";"";"";"";"";"";"";"";"";"";"";"";""
"206";2020-01-08;"15:43:00";"SEM VÍTIMA";"FINALIZADA";"JORDÃO";"RUA BOANERGES PEREIRA";"";"AV MARIA IRENE";"";"JORDÃO";NA;"CIDADE";"ABALROAMENTO LONGITUDINAL";"COLISAO ENTRE DOIS AUTOS S/V";0;0;0;0;0;0;2;0;0;0;0;"Cruzamento";"Bom";"Não existe";"Perfeito estado";"Seca";"Perfeito estado";"";"";"";"";"";"";""
"207";2020-01-08;"15:47:00";"COM VÍTIMA";"FINALIZADA";"SOLEDADE";"RUA BARAO DE SAO BORJA";"";"";"E/F AO CENTRO UNIVERSITARIO TIRADENTES";"SOLEDADE";NA;"SUBURBIO";"ATROPELAMENTO";"ATROPELAMENTO COM UMA VITIMA";1;0;0;0;1;0;0;0;0;1;0;"Longo da via";"Bom";"Não existe";"Perfeito estado";"Seca";"Perfeito estado";"Não existe";"R-6a";"";"Única";"Não existe";"";""
"208";2020-01-08;"15:54:00";"SEM VÍTIMA";"FINALIZADA";"CASA FORTE";"AV DEZESSETE DE AGOSTO";"";"";"EM FRENTE A FARMACIA PAGUE MENOS";"CASA FORTE";NA;"CIDADE";"COLISÃO TRASEIRA";"COLISÃO SEM VÍTIMA";2;0;0;0;0;0;0;0;0;0;0;"Longo da via";"Bom";"Sem defeito";"Perfeito estado";"Seca";"Perfeito estado";"Faixa de pedestre";"Outras";"";"Dupla";"Faixa contínua";"";""
"209";2020-01-08;"16:42:00";"SEM VÍTIMA";"FINALIZADA";"VÁRZEA";"AV CAXANGA";"";"";"";"VÁRZEA";608;"CIDADE";"COLISÃO TRASEIRA";"COLISÃO SEM VÍTIMA";1;0;0;0;0;0;1;0;0;0;0;"Longo da via";"Bom";"Sem defeito";"Perfeito estado";"Seca";"Perfeito estado";"Faixa de pedestre";"R-6a";"";"Dupla";"Canteiro central";"";""
"210";2020-01-08;"16:59:00";"SEM VÍTIMA";"FINALIZADA";"IMBIRIBEIRA";"RUA JOAQUIM BANDEIRA";"268";"AV SUL";"EM FRENTE A MICAELLY PEDROSA";"IMBIRIBEIRA";NA;"SUBURBIO";"ABALROAMENTO LONGITUDINAL";"COLISÃO SEM VÍTIMA";2;0;0;0;0;0;0;0;0;0;0;"Cruzamento";"Bom";"Não existe";"Perfeito estado";"Seca";"Perfeito estado";"Não existe";"Não há placas";"";"Única";"Faixa seccionada";"";""
"211";2020-01-08;"17:18:00";"SEM VÍTIMA";"FINALIZADA";"CASA FORTE";"AV DEZESSETE DE AGOSTO";"";"RUA PIAUI";"AO LADO DO CENTRO MÉDICO SEN JOSE ERMIRIO DE MORRES";"CASA FORTE";251;"CIDADE";"CHOQUE OBJETO FIXO";"CAMINHÃO CHOCOU-SE COM O SEMÁFORO";0;0;0;0;0;0;1;0;0;0;0;"";"Bom";"Sem defeito";"Perfeito estado";"Seca";"Perfeito estado";"Faixa de pedestre";"R-6a";"";"Dupla";"Faixa seccionada";"";""
"212";2020-01-08;"17:27:00";"SEM VÍTIMA";"FINALIZADA";"BOA VIAGEM";"RUA AMALIA BERNARDINO DE SOUZA";"286";"";"POR TRÁS DA FACULDADE MAURICIO DE NASSAU";"BOA VIAGEM";NA;"CIDADE";"COLISÃO TRASEIRA";"ENTRE DOIS AUTOS S/V";2;0;0;0;0;0;0;0;0;0;0;"Longo da via";"Bom";"Sem defeito";"Perfeito estado";"Seca";"Perfeito estado";"Não existe";"Não há placas";"";"Dupla";"Não existe";"";""
"213";2020-01-08;"17:29:00";"SEM VÍTIMA";"FINALIZADA";"AFOGADOS";"RUA MOTOCOLOMBO";"190";"RUA FRANCISCO SILVEIRA";"";"AFOGADOS";NA;"SUBURBIO";"ABALROAMENTO LONGITUDINAL";"COLISÃO SEM VÍTIMA";2;0;0;0;0;0;0;0;0;0;0;"Cruzamento";"Bom";"Não existe";"Não existente";"Seca";"Perfeito estado";"Não existe";"Não há placas";"";"Única";"Faixa seccionada";"";""
"214";2020-01-08;"17:46:00";"SEM VÍTIMA";"FINALIZADA";"SANTO ANTÔNIO";"PRC DA REPUBLICA";"";"RUA IMPERADOR PEDRO SEGUNDO";"";"SANTO ANTÔNIO";278;"";"ABALROAMENTO TRANSVERSAL";"ENTRE ONIBUS X AUTO PASSEIO S/V";1;0;0;0;0;1;0;0;0;0;0;"Cruzamento";"Bom";"Sem defeito";"Perfeito estado";"Seca";"Perfeito estado";"";"Outras";"";"Única";"Faixa contínua";"Faixa seccionada";""
"215";2020-01-08;"17:58:00";"SEM VÍTIMA";"FINALIZADA";"DERBY";"AV GOVERNADOR AGAMENON MAGALHAES";"";"";"AO LADO DO CLUBE PORTUGUÊS";"DERBY";173;"";"COLISÃO TRASEIRA";"COLISÃO SEM VÍTIMA";3;0;0;0;0;0;0;0;0;0;0;"Longo da via";"Bom";"Sem defeito";"Perfeito estado";"Seca";"Perfeito estado";"";"Não há placas";"60 km/h";"Única";"Faixa contínua";"";""
"216";2020-01-08;"18:28:00";"SEM VÍTIMA";"CANCELADA";"CAXANGÁ";"AV CAXANGA";"";"";"SOBRE PONTE DA CAXANGA/ LADO OPOSTO A INTEGRAÇÃO DA CAXANGA";"CAXANGÁ";NA;"";"COLISÃO";"ENTRE DOIS AUTOS S/V";2;0;0;0;0;0;0;0;0;0;0;"";"";"";"";"";"";"";"";"";"";"";"";""
"217";2020-01-08;"18:37:00";"SEM VÍTIMA";"FINALIZADA";"IPUTINGA";"AV LUIZ DE LACERDA";"260";"RUA PROFESSOR MUSSA HAZIN";"EM FRENTE AO COLÉGIO DESAFIO";"IPUTINGA";NA;"SUBURBIO";"ABALROAMENTO LONGITUDINAL";"ENTRE DOIS AUTOS S/V";2;0;0;0;0;0;0;0;0;0;0;"Longo da via";"Bom";"Não existe";"Perfeito estado";"Seca";"Perfeito estado";"Não existe";"R-6a";"";"Única";"Faixa seccionada";"";""
"218";2020-01-08;"19:00:00";"SEM VÍTIMA";"FINALIZADA";"ILHA DO RETIRO";"PRC DA BANDEIRA";"";"";"EM FRENTEAO SPORT CLUB DO RECIFE";"ILHA DO RETIRO";NA;"CIDADE";"ABALROAMENTO LONGITUDINAL";"COLISAO SEM VITIMAS";2;0;0;0;0;0;0;0;0;0;0;"";"Bom";"Não existe";"Perfeito estado";"Seca";"Perfeito estado";"Não existe";"R-6a";"30 km/h";"Única";"Não existe";"";""
"219";2020-01-08;"22:39:00";"SEM VÍTIMA";"FINALIZADA";"BOA VIAGEM";"RUA BRUNO VELOSO";"392";"";"";"BOA VIAGEM";338;"SUBURBIO";"COLISÃO TRASEIRA";"COLISAO SEM VITIMAS";2;0;0;0;0;0;0;0;0;0;0;"Longo da via";"Bom";"Sem defeito";"Perfeito estado";"Seca";"Perfeito estado";"Faixa de retenção";"Outras";"";"Única";"Faixa seccionada";"";""