"";"data";"hora";"natureza_acidente";"situacao";"bairro";"endereco";"numero";"detalhe_endereco_acidente";"complemento";"bairro_cruzamento";"num_semaforo";"sentido_via";"tipo";"descricao";"auto";"moto";"ciclom";"ciclista";"pedestre";"onibus";"caminhao";"viatura";"outros";"vitimas";"vitimasfatais";"acidente_verificado";"tempo_clima";"situacao_semaforo";"sinalizacao";"condicao_via";"conservacao_via";"ponto_controle";"situacao_placa";"velocidade_max_via";"mao_direcao";"divisao_via1";"divisao_via2";"divisao_via3"
"276";2020-01-10;"17:39:00";"SEM VÍTIMA";"FINALIZADA";"CASA AMARELA";"RUA PADRE LEMOS";"785";"AV NORTE";"AO LADO DO POSTO DE COMBUSTÍVEL BR";"CASA AMARELA";66;"SUBURBIO";"ABALROAMENTO LONGITUDINAL";"COLISÃO SEM VÍTIMA";1;0;0;0;0;0;1;0;0;0;0;"Longo da via";"Bom";"Sem defeito";"Ilegível";"Seca";"Mal conservada";"Outros";"R-6a";"";"Dupla";"";"";""
"277";2020-01-10;"17:53:00";"SEM VÍTIMA";"FINALIZADA";"ESTÂNCIA";"AV RECIFE";"5008";"";"LADO OPOSTO AO MAKRO";"ESTÂNCIA";621;"SUBURBIO";"COLISÃO TRASEIRA";"COLISÃO SEM VÍTIMA";1;0;0;0;0;0;1;0;0;0;0;"Longo da via";"Bom";"Sem defeito";"Perfeito estado";"Seca";"Perfeito estado";"Faixa de pedestre";"Outras";"";"Dupla";"Canteiro central";"";""
"278";2020-01-10;"18:10:00";"SEM VÍTIMA";"FINALIZADA";"BOA VIAGEM";"RUA VISCONDE DE JEQUITINHONHA";"";"AV ARMINDO MOURA";"";"BOA VIAGEM";258;"";"COLISÃO TRASEIRA";"COLISAO SEM VITIMAS";2;0;0;0;0;0;0;0;0;0;0;"Cruzamento";"Bom";"Sem defeito";"Perfeito estado";"Seca";"Perfeito estado";"Faixa de pedestre";"Não há placas";"60 km/h";"Única";"Faixa contínua";"";""
"279";2020-01-10;"18:15:00";"SEM VÍTIMA";"FINALIZADA";"ÁGUA FRIA";"RUA DA REGENERACAO";"2202";"";"AO LADO DO POSTO DE COMBUSTÍVEL IPIRANGA";"ÁGUA FRIA";622;"SUBURBIO";"ABALROAMENTO LONGITUDINAL";"ENTRE AUTO E CAMINHÃO. S/V";1;0;0;0;0;0;1;0;0;0;0;"Longo da via";"Bom";"Sem defeito";"Perfeito estado";"Seca";"Perfeito estado";"";"Não há placas";"";"Única";"Faixa contínua";"";""
"280";2020-01-10;"18:37:00";"SEM VÍTIMA";"FINALIZADA";"PINA";"RUA BARAO DE SANTO ANGELO";"150";"";"HOTEL LUZEIROS";"PINA";NA;"CIDADE";"COLISÃO TRASEIRA";"COLISAO SEM VITIMAS";2;0;0;0;0;0;0;0;0;0;0;"Longo da via";"Bom";"Não existe";"Perfeito estado";"Seca";"Perfeito estado";"Não existe";"R-6a";"";"Única";"Faixa seccionada";"";""
"281";2020-01-10;"18:46:00";"SEM VÍTIMA";"FINALIZADA";"BOA VIAGEM";"RUA ERNESTO DE PAULA SANTOS";"187";"AV CONSELHEIRO AGUIAR";"ACADEMIA SMART FIT";"BOA VIAGEM";127;"";"ABALROAMENTO LONGITUDINAL";"COLISAO SEM VITIMAS";2;0;0;0;0;0;0;0;0;0;0;"Cruzamento";"Bom";"Sem defeito";"Perfeito estado";"Seca";"Perfeito estado";"Não existe";"R-6a";"";"Única";"Faixa seccionada";"";""
"282";2020-01-10;"19:10:00";"SEM VÍTIMA";"FINALIZADA";"SANTO AMARO";"AV CRUZ CABUGA";"555";"RUA DOIS DE JULHO";"EM FRENTE AO NÚMERO 555 ( SHEKINA IGREJA MISSIONÁRIA)";"SANTO AMARO";NA;"SUBURBIO";"ABALROAMENTO LONGITUDINAL";"COLISAO SEM VITIMAS";1;0;0;0;0;1;1;0;0;0;0;"Longo da via";"Bom";"Não existe";"Perfeito estado";"Seca";"Perfeito estado";"Faixa de pedestre";"R-6a";"";"Dupla";"Faixa contínua";"";""
"283";2020-01-10;"18:59:00";"COM VÍTIMA";"FINALIZADA";"AFOGADOS";"RUA VINTE E UM DE ABRIL";"1075";"";"E/F A PADARIA IPIRANGA / PRÓX A FÁBRICA DE CAFÉ PETINHO. KARMÉLIA CONFECÇÕES E CALÇADOS.";"AFOGADOS";NA;"SUBURBIO";"ABALROAMENTO TRANSVERSAL";"ENTRE AUTO E MOTO. C/V";1;1;0;0;0;0;0;0;0;1;0;"Longo da via";"Bom";"Não existe";"Incompleta";"Seca";"Perfeito estado";"Não existe";"R-19";"30 km/h";"Dupla";"Outros";"";""
"284";2020-01-10;"19:41:00";"SEM VÍTIMA";"FINALIZADA";"PARNAMIRIM";"RUA PADRE ROMA";"273";"RUA SEBASTIAO ALVES";"E/F AO FAACA BUTECO";"PARNAMIRIM";NA;"SUBURBIO";"ABALROAMENTO LONGITUDINAL";"COLISAO SEM VITIMAS";2;0;0;0;0;0;0;0;0;0;0;"Longo da via";"Bom";"Não existe";"Perfeito estado";"Seca";"Perfeito estado";"Não existe";"Outras";"";"Única";"Não existe";"";""
"285";2020-01-10;"19:38:00";"SEM VÍTIMA";"FINALIZADA";"TAMARINEIRA";"RUA EUCLIDES GOMES DE FREITAS";"721";"AV PROFESSOR JOSE DOS ANJOS";"";"TAMARINEIRA";NA;"CIDADE";"ABALROAMENTO LONGITUDINAL";"ENTRE 2 AUTOS. S/V";2;0;0;0;0;0;0;0;0;0;0;"";"Bom";"Não existe";"Perfeito estado";"Seca";"Perfeito estado";"Faixa de pedestre";"Não há placas";"";"Única";"Faixa seccionada";"";""
"286";2020-01-10;"19:48:00";"SEM VÍTIMA";"CANCELADA";"BOA VISTA";"AV CONDE DA BOA VISTA";"1546";"";"E/F A POLITEC- SNT SUB/CID / PRÓX AO COPE";"BOA VISTA";NA;"";"COLISÃO";"ENTRE AUTO E ÕNIBUS. S/V";1;0;0;0;0;1;0;0;0;0;0;"";"";"";"";"";"";"";"";"";"";"";"";""
"287";2020-01-10;"20:12:00";"SEM VÍTIMA";"FINALIZADA";"";"PTE RAIMUNDO FARIAS";"";"AV GOVERNADOR AGAMENON MAGALHAES";"";"";37;"CIDADE";"ABALROAMENTO LONGITUDINAL";"ENTRE 2 AUTOS. S/V";2;0;0;0;0;0;0;0;0;0;0;"Cruzamento";"Bom";"Sem defeito";"Perfeito estado";"Seca";"Perfeito estado";"Faixa de pedestre";"Não há placas";"60 km/h";"Dupla";"Canal";"";""
"288";2020-01-10;"20:23:00";"SEM VÍTIMA";"FINALIZADA";"IMBIRIBEIRA";"AV GENERAL MAC ARTHUR";"80";"";"LAFITTE GRAFICA E ESTAMPARIA";"IMBIRIBEIRA";NA;"SUBURBIO";"COLISÃO TRASEIRA";"COLISAO SEM VITIMAS";1;1;0;0;0;0;0;0;0;0;0;"Longo da via";"Bom";"";"Perfeito estado";"Seca";"Perfeito estado";"Não existe";"Não há placas";"";"Única";"Faixa seccionada";"";""
"289";2020-01-10;"20:35:00";"SEM VÍTIMA";"CANCELADA";"JARDIM SÃO PAULO";"AV LIBERDADE";"389";"";"E/F A FARMÁCIA DISK REMÉDIOS E AO ( CENTRO DESPORTIVO E FISIOTERAPEUTICO) CDF";"JARDIM SÃO PAULO";NA;"";"COLISÃO";"ENTRE AUTO E MOTO. C/V";1;1;0;0;0;0;0;0;0;0;0;"";"";"";"";"";"";"";"";"";"";"";"";""
"290";2020-01-10;"21:00:00";"SEM VÍTIMA";"CANCELADA";"LINHA DO TIRO";"RUA URIEL DE HOLANDA";"";"";"E/F A ESCOLA PADRE NERCIO RODRIGUES";"LINHA DO TIRO";NA;"";"COLISÃO";"ENTRE 2 AUTOS. S/V";2;0;0;0;0;0;0;0;0;0;0;"";"";"";"";"";"";"";"";"";"";"";"";""
"291";2020-01-11;"00:25:00";"SEM VÍTIMA";"CANCELADA";"MACAXEIRA";"AV NORTE";"";"RUA BUJARU";"PRÓX AO PARQUE URBANO DA MACAXEIRA";"MACAXEIRA";424;"";"COLISÃO";"COLISÃO ENTRE DOIS AUTOS- S/V";2;0;0;0;0;0;0;0;0;0;0;"";"";"";"";"";"";"";"";"";"";"";"";""
"292";2020-01-11;"04:58:00";"SEM VÍTIMA";"FINALIZADA";"BOA VIAGEM";"RUA DEZ DE JULHO";"";"RUA WALDEMAR NERY CARNEIRO MONTEIRO";"";"BOA VIAGEM";573;"CIDADE";"ABALROAMENTO TRANSVERSAL";"ENTRE 2 AUTOS. S/V";2;0;0;0;0;0;0;0;0;0;0;"Cruzamento";"Bom";"Intermitente";"Incompleta";"Seca";"Perfeito estado";"Faixa de pedestre";"Não há placas";"";"Única";"Faixa seccionada";"";""
"293";2020-01-11;"06:16:00";"COM VÍTIMA";"FINALIZADA";"TORRE";"RUA REAL DA TORRE";"1309";"";"APOS O ATACADO DOS PRESENTES  EM FRENTE A DROGARIA SÃO PAULO";"TORRE";NA;"SUBURBIO";"CHOQUE OBJETO FIXO";"CONDUTOR BATEU  CONTRA POSTE  VITIMA A ESPERA DO SAMU";1;0;0;0;0;0;0;0;0;1;0;"Longo da via";"Bom";"Não existe";"Perfeito estado";"Seca";"Perfeito estado";"Não existe";"R-6a";"";"Única";"Faixa seccionada";"";""
"294";2020-01-11;"06:19:00";"SEM VÍTIMA";"FINALIZADA";"MADALENA";"AV ENGENHEIRO ABDIAS DE CARVALHO";"";"EST DOS REMEDIOS";"SEMÁFORO Nº 052";"MADALENA";52;"CIDADE";"COLISÃO TRASEIRA";"COLISÃO SEM VITIMAS";2;0;0;0;0;0;0;0;0;0;0;"Cruzamento";"Bom";"Sem defeito";"Perfeito estado";"Seca";"Perfeito estado";"Faixa de pedestre";"R-6a";"40 km/h";"Dupla";"Canteiro central";"";""
"295";2020-01-11;"07:29:00";"COM VÍTIMA";"FINALIZADA";"ROSARINHO";"AV NORTE";"3287";"";"POSTO IPIRANGA";"ROSARINHO";NA;"CIDADE";"ATROPELAMENTO";"ATROPELAMENTO -COM UMA BICICLETA ELETRICA";0;0;0;1;1;0;0;0;0;1;0;"Longo da via";"Bom";"Sem defeito";"Perfeito estado";"Seca";"Perfeito estado";"Faixa de pedestre";"Outras";"";"Única";"Faixa seccionada";"Canteiro central";""
"296";2020-01-11;"09:52:00";"SEM VÍTIMA";"FINALIZADA";"SANTO ANTÔNIO";"RUA DO SOL";"283";"";"EM FRENTE AO EDIFÍCIO AVENIDA GUARARAPES";"SANTO ANTÔNIO";14;"SUBURBIO";"ABALROAMENTO LONGITUDINAL";"CAMINHÃO E AUTO";2;0;0;0;0;0;0;0;1;0;0;"Longo da via";"Bom";"Sem defeito";"Perfeito estado";"Seca";"Perfeito estado";"Faixa de pedestre";"R-6b";"";"Única";"Faixa seccionada";"";""
"297";2020-01-11;"10:03:00";"SEM VÍTIMA";"FINALIZADA";"TORRE";"RUA DOM MANOEL DA COSTA";"";"RUA PADRE LANDIM";"SOB O SEMÁFORO Nº 252";"TORRE";252;"";"ABALROAMENTO TRANSVERSAL";"COLISÃO SEM VITIMAS";2;0;0;0;0;0;0;0;0;0;0;"Cruzamento";"Bom";"Sem defeito";"Perfeito estado";"Seca";"Perfeito estado";"Faixa de retenção";"R-6a";"";"Única";"Faixa seccionada";"";""
"298";2020-01-11;"10:08:00";"SEM VÍTIMA";"FINALIZADA";"IPSEP";"RUA DR RAPOSO PINTO";"";"RUA ADERBAL DE MELO";"";"IPSEP";NA;"SUBURBIO";"COLISÃO FRONTAL";"SEM VITIMAS";1;0;0;0;0;1;0;0;0;0;0;"Cruzamento";"Bom";"Não existe";"Incompleta";"Seca";"Perfeito estado";"Não existe";"Placas Pare";"";"Dupla";"Não existe";"";""
"299";2020-01-11;"10:51:00";"SEM VÍTIMA";"FINALIZADA";"BOA VIAGEM";"RUA BARAO DE SOUZA LEAO";"";"AV DES JOSE NEVES";"SUPERMERCADO TREVO";"BOA VIAGEM";476;"";"COLISÃO TRASEIRA";"COLISAO S/ VITIMA. CARRETA E UM VEICULO";1;0;0;0;0;0;1;0;1;0;0;"Ponte";"Bom";"Sem defeito";"Perfeito estado";"Seca";"Perfeito estado";"Faixa de retenção";"Outras";"";"Única";"Faixa seccionada";"";""
"300";2020-01-11;"11:04:00";"SEM VÍTIMA";"FINALIZADA";"ARRUDA";"RUA SAO BENTO";"204";"";"EM FRENTE AO Nº 204";"ARRUDA";NA;"";"COLISÃO TRASEIRA";"DOIS AUTOS";2;0;0;0;0;0;0;0;0;0;0;"Longo da via";"Bom";"Não existe";"Perfeito estado";"Seca";"Perfeito estado";"Não existe";"Não há placas";"";"Única";"Faixa seccionada";"";""
"301";2020-01-11;"11:16:00";"SEM VÍTIMA";"FINALIZADA";"NOVA DESCOBERTA";"RUA CORREGO DO JOAQUIM";"610";"";"";"NOVA DESCOBERTA";NA;"SUBURBIO";"ABALROAMENTO LONGITUDINAL";"ONIBUS E AUTO";1;0;0;0;0;1;0;0;0;0;0;"Longo da via";"Bom";"Não existe";"Não existente";"Seca";"Mal conservada";"Não existe";"Não há placas";"";"Dupla";"Não existe";"";""
"302";2020-01-11;"11:47:00";"SEM VÍTIMA";"FINALIZADA";"TORRE";"RUA PROFESSOR TRAJANO DE MENDONCA";"320";"";"RAMPA DE ACESSO AO ESTACIONAMENTO DO ATACADO DOS PRESENTES";"TORRE";NA;"";"COLISÃO TRASEIRA";"SEM VITIMAS";2;0;0;0;0;0;0;0;0;0;0;"";"Bom";"Não existe";"Perfeito estado";"Seca";"Perfeito estado";"Não existe";"Outras";"";"Única";"Faixa seccionada";"";""
"303";2020-01-11;"12:00:00";"SEM VÍTIMA";"FINALIZADA";"ESTÂNCIA";"AV ESTANCIA";"22";"";"PANIFICADORA SITIENCE";"ESTÂNCIA";NA;"SUBURBIO";"ABALROAMENTO LONGITUDINAL";"COLISAO ENTRE DOIS AUTOS S/V";2;0;0;0;0;0;0;0;0;0;0;"Longo da via";"Bom";"Não existe";"Incompleta";"Seca";"";"Não existe";"Não há placas";"";"Única";"Não existe";"";""
"304";2020-01-11;"12:10:00";"COM VÍTIMA";"CANCELADA";"ÁGUA FRIA";"RUA ALEGRE";"206";"";"NA PRAÇA DA DELEGACIA DE AGUA FRIA";"ÁGUA FRIA";NA;"";"COLISÃO";"";1;1;0;0;0;0;0;0;0;1;0;"";"";"";"";"";"";"";"";"";"";"";"";""
"305";2020-01-11;"13:09:00";"SEM VÍTIMA";"FINALIZADA";"SÃO JOSÉ";"RUA IMPERIAL";"";"TRV DO RAPOSO";"SOB O SEMAFORO DE Nº 510";"SÃO JOSÉ";510;"";"ABALROAMENTO LONGITUDINAL";"COLISAO ENTRE DOIS AUTOS S/V";2;0;0;0;0;0;0;0;0;0;0;"Cruzamento";"Bom";"Sem defeito";"Perfeito estado";"Seca";"Perfeito estado";"Faixa de pedestre";"R-4a";"";"Única";"Faixa seccionada";"";""
"306";2020-01-11;"13:12:00";"SEM VÍTIMA";"FINALIZADA";"IBURA";"AV DOIS RIOS";"196";"";"POLICLÍNICA E MATERNIDADE PROFESSOR ARNALDO MARQUES";"IBURA";NA;"SUBURBIO";"ABALROAMENTO LONGITUDINAL";"COLISÃO SEM VÍTIMA";2;0;0;0;0;0;0;0;0;0;0;"Longo da via";"Bom";"Não existe";"Não existente";"Seca";"Mal conservada";"Não existe";"R-6a";"";"Dupla";"Faixa contínua";"";""
"307";2020-01-11;"14:32:00";"SEM VÍTIMA";"FINALIZADA";"BOA VIAGEM";"AV MARECHAL JUAREZ TAVORA";"328";"RUA DEZ DE JULHO";"D.J MOVEIS";"BOA VIAGEM";437;"";"ABALROAMENTO LONGITUDINAL";"COLISÃO SEM VITIMA";2;0;0;0;0;0;0;0;0;0;0;"Cruzamento";"Bom";"Sem defeito";"Perfeito estado";"Seca";"Perfeito estado";"Faixa de pedestre";"Não há placas";"";"Dupla";"Canal";"";""
"308";2020-01-11;"15:03:00";"SEM VÍTIMA";"CANCELADA";"BOA VIAGEM";"AV BOA VIAGEM";"";"";"E/F AO BAR SUBURBAN BAR VT 25 NO LOCAL";"BOA VIAGEM";NA;"";"COLISÃO";"COLISAO ENTRE DOIS AUTOS S/V";2;0;0;0;0;0;0;0;0;0;0;"";"";"";"";"";"";"";"";"";"";"";"";""
"309";2020-01-11;"15:24:00";"SEM VÍTIMA";"CANCELADA";"DERBY";"AV GOVERNADOR AGAMENON MAGALHAES";"";"";"EM FRENTE A O HOSP. DA RESTAURAÇÃO- SENTIDO BOA VIAGEM";"DERBY";NA;"";"COLISÃO";"COLISÃO SEM VITIMA";1;0;0;0;0;0;1;0;0;0;0;"";"";"";"";"";"";"";"";"";"";"";"";""
"310";2020-01-11;"15:39:00";"SEM VÍTIMA";"FINALIZADA";"IPSEP";"AV RECIFE";"";"RUA PINTOR ANTONIO ALBUQUERQUE";"POSTO SHELL";"IPSEP";55;"SUBURBIO";"COLISÃO TRASEIRA";"COLISAO ENTRE DOIS AUTOS S/V";2;0;0;0;0;0;0;0;0;0;0;"Longo da via";"Bom";"Sem defeito";"Perfeito estado";"Seca";"Perfeito estado";"Faixa de pedestre";"Não há placas";"";"Dupla";"Canteiro central";"";""
"311";2020-01-11;"15:51:00";"COM VÍTIMA";"FINALIZADA";"SANTO ANTÔNIO";"RUA PRIMEIRO DE MARCO";"";"AV DANTAS BARRETO";"EM FRENTE A FARMACIA PERMANENTE";"SANTO ANTÔNIO";15;"SUBURBIO";"ABALROAMENTO LONGITUDINAL";"COLISÃO COM VITIMA";0;1;0;0;0;0;0;1;0;1;0;"Cruzamento";"Bom";"Sem defeito";"Perfeito estado";"Seca";"Perfeito estado";"Faixa de pedestre";"Não há placas";"";"Única";"Não existe";"";""
"312";2020-01-11;"15:53:00";"SEM VÍTIMA";"FINALIZADA";"ARRUDA";"AV PROFESSOR JOSE DOS ANJOS";"1310";"RUA DA REGENERACAO";"FW REFRIGERAÇÕES";"ARRUDA";NA;"SUBURBIO";"COLISÃO TRASEIRA";"COLISÃO SEM VÍTIMA";2;0;0;0;0;0;0;0;0;0;0;"Longo da via";"Bom";"Não existe";"Perfeito estado";"Seca";"Perfeito estado";"Não existe";"Outras";"";"Única";"Canal";"";""
"313";2020-01-11;"16:10:00";"SEM VÍTIMA";"FINALIZADA";"TEJIPIÓ";"AV DR JOSE RUFINO";"2984";"";"LADO OPOSTO AO ED. NINA MACHADO";"TEJIPIÓ";156;"SUBURBIO";"ABALROAMENTO TRANSVERSAL";"COLISÃO SEM VÍTIMA";1;1;0;0;0;0;0;0;0;0;0;"Longo da via";"Bom";"Sem defeito";"Perfeito estado";"Seca";"Perfeito estado";"Faixa de pedestre";"R-6a";"";"Dupla";"Faixa contínua";"";""
"314";2020-01-11;"16:15:00";"SEM VÍTIMA";"CANCELADA";"IBURA";"RUA ROSARIO D'OESTE";"17";"";"CASA";"IBURA";NA;"";"COLISÃO";"COLISÃO SEM VITIMA";1;0;0;0;0;0;0;0;1;0;0;"";"";"";"";"";"";"";"";"";"";"";"";""
"315";2020-01-11;"16:19:00";"SEM VÍTIMA";"FINALIZADA";"IBURA";"AV DOIS RIOS";"483";"";"";"IBURA";NA;"SUBURBIO";"COLISÃO FRONTAL";"COLISAO ENTRE AUTO E MOTO S/V";1;1;0;0;0;0;0;0;0;0;0;"Longo da via";"Bom";"Não existe";"Não existente";"Seca";"Perfeito estado";"Não existe";"Não há placas";"";"Dupla";"Faixa contínua";"";""
"316";2020-01-11;"17:25:00";"COM VÍTIMA";"FINALIZADA";"BARRO";"AV DR JOSE RUFINO";"2513";"";"E/F A SOCORRO VENACIO RECEPÇOES";"BARRO";NA;"SUBURBIO";"ABALROAMENTO LONGITUDINAL";"COLISAO ENTRE AUTO E MOTO COM UMA VITIMA";1;1;0;0;0;0;0;0;0;1;0;"Longo da via";"Bom";"Não existe";"Perfeito estado";"Seca";"Perfeito estado";"Não existe";"R-6a";"";"Dupla";"Faixa seccionada";"";""
"317";2020-01-11;"18:32:00";"SEM VÍTIMA";"CANCELADA";"SANTO AMARO";"AV CRUZ CABUGA";"";"";"PRÓX A PRAÇA CARLOS PINTO / AO LADO DO SHOPPING TACARUNA";"SANTO AMARO";NA;"";"COLISÃO";"ENTRE 2 AUTOS. S/V";2;0;0;0;0;0;0;0;0;0;0;"";"";"";"";"";"";"";"";"";"";"";"";""
"318";2020-01-11;"19:06:00";"SEM VÍTIMA";"FINALIZADA";"GRAÇAS";"RUA CONS PORTELA";"78";"";"";"GRAÇAS";NA;"SUBURBIO";"COLISÃO TRASEIRA";"ENTRE 4 AUTOS. S/V";4;0;0;0;0;0;0;0;0;0;0;"Longo da via";"Bom";"Não existe";"Perfeito estado";"Seca";"Perfeito estado";"Não existe";"R-6a";"";"Única";"Faixa seccionada";"";""
"319";2020-01-11;"19:21:00";"COM VÍTIMA";"CANCELADA";"AFOGADOS";"RUA SAO MIGUEL";"1401";"";"E/F AO BODE DO NÔ";"AFOGADOS";NA;"";"COLISÃO";"ENTRE AUTO E MOTO. C/V";1;1;0;0;0;0;0;0;0;1;0;"";"";"";"";"";"";"";"";"";"";"";"";""
"320";2020-01-11;"19:50:00";"SEM VÍTIMA";"CANCELADA";"DERBY";"AV GOVERNADOR AGAMENON MAGALHAES";"";"";"E/F A PRAÇA DO DERBY";"DERBY";NA;"BOA VIAGEM";"COLISÃO";"COLISAO SEM VITIMAS";2;0;0;0;0;0;0;0;0;0;0;"";"";"";"";"";"";"";"";"";"";"";"";""
"321";2020-01-11;"20:19:00";"SEM VÍTIMA";"FINALIZADA";"BREJO DE BEBERIBE";"AV VEREADOR OTACILIO AZEVEDO";"858";"";"POSTE DE Nº B 078225";"BREJO DE BEBERIBE";NA;"CIDADE";"COLISÃO FRONTAL";"ENTRE 2 AUTOS. S/V";2;0;0;0;0;0;0;0;0;0;0;"Longo da via";"Bom";"Não existe";"Incompleta";"Seca";"Perfeito estado";"Não existe";"Outras";"";"Dupla";"Faixa contínua";"";""
"322";2020-01-11;"19:54:00";"COM VÍTIMA";"FINALIZADA";"ALTO JOSÉ DO PINHO";"RUA CECILIA REIS";"44";"RUA ITAPICURU";"PROX AO CLUBE BOM SUCESSO";"ALTO JOSÉ DO PINHO";NA;"SUBURBIO";"CHOQUE VEÍCULO PARADO";"COLISAO COM VITIMAS/ ENTRE UM CAMINHAO E MOTO COM ATROPELAMENTO DE UMA CRIANÇA";0;1;0;0;0;0;1;0;0;2;0;"Cruzamento";"Bom";"Não existe";"Não existente";"Seca";"Perfeito estado";"Não existe";"Não há placas";"";"Dupla";"Não existe";"";""
"323";2020-01-11;"20:00:00";"SEM VÍTIMA";"FINALIZADA";"BOA VIAGEM";"RUA DOS NAVEGANTES";"401";"RUA CORONEL BENEDITO CHAVES";"EDIFÍCIO SCALA";"BOA VIAGEM";NA;"SUBURBIO";"ABALROAMENTO TRANSVERSAL";"COLISAO SEM VITIMAS";2;0;0;0;0;0;0;0;0;0;0;"Cruzamento";"Bom";"Não existe";"Incompleta";"Seca";"Perfeito estado";"Faixa de retenção";"Outras";"";"Única";"Não existe";"";""
"324";2020-01-11;"21:24:00";"COM VÍTIMA";"CANCELADA";"IBURA";"AV DOIS RIOS";"";"";"SEMÁFORO 475";"IBURA";NA;"";"COLISÃO";"ENTRE AUTO E MOTO. C/V";1;1;0;0;0;0;0;0;0;1;0;"";"";"";"";"";"";"";"";"";"";"";"";""
"325";2020-01-11;"22:18:00";"SEM VÍTIMA";"CANCELADA";"IBURA";"AV DOIS RIOS";"";"";"NO INÍCIO DA LADEIRA DA COHAB -- IBURA DE BAIXO";"IBURA";NA;"";"COLISÃO";"ENTRE 2 AUTOS. S/V";2;0;0;0;0;0;0;0;0;0;0;"";"";"";"";"";"";"";"";"";"";"";"";""
"326";2020-01-11;"23:37:00";"SEM VÍTIMA";"FINALIZADA";"SANTO AMARO";"AV CRUZ CABUGA";"";"";"E/F A SANTA CASA DE MISERICORDIA";"SANTO AMARO";479;"SUBURBIO";"ABALROAMENTO LONGITUDINAL";"COLISAO SEM VITIMAS";1;0;0;0;0;1;0;0;0;0;0;"Longo da via";"Bom";"Sem defeito";"Perfeito estado";"Seca";"Perfeito estado";"Faixa de retenção";"R-6a";"";"Dupla";"Faixa seccionada";"";""
"327";2020-01-12;"01:03:00";"SEM VÍTIMA";"FINALIZADA";"TORRE";"RUA DOM MANOEL DA COSTA";"342";"RUA PADRE LANDIM";"ALTURA DA ESCOLA MUNICIPAL PAROQUIA CRISTO REI";"TORRE";252;"CIDADE";"ABALROAMENTO TRANSVERSAL";"COLISÃO ENTRE DOIS AUTOS S/V";2;0;0;0;0;0;0;0;0;0;0;"Longo da via";"Bom";"Sem defeito";"Perfeito estado";"Seca";"Perfeito estado";"Faixa de retenção";"Não há placas";"";"Única";"Faixa seccionada";"";""
"328";2020-01-12;"04:24:00";"SEM VÍTIMA";"FINALIZADA";"AFLITOS";"AV CONS ROSA E SILVA";"";"AV SANTOS DUMONT";"";"AFLITOS";47;"";"ABALROAMENTO TRANSVERSAL";"COLISÃO ENTRE DOIS AUTOS C/V";2;0;0;0;0;0;0;0;0;0;0;"Cruzamento";"Bom";"Sem defeito";"Perfeito estado";"Seca";"Perfeito estado";"Faixa de pedestre";"R-6a";"";"Única";"Faixa seccionada";"";""
"329";2020-01-12;"05:47:00";"COM VÍTIMA";"FINALIZADA";"BOA VIAGEM";"AV CONSELHEIRO AGUIAR";"2178";"";"EM FRENTE AO BRADESCO";"BOA VIAGEM";NA;"SUBURBIO";"CHOQUE OBJETO FIXO";"VIATURA DA PM CHOCOU-SE EM UMA ÁRVORE C/V";1;0;0;0;0;0;0;0;0;2;0;"Longo da via";"Bom";"Não existe";"Perfeito estado";"Seca";"Perfeito estado";"";"R-6a";"";"Única";"Faixa seccionada";"";""
"330";2020-01-12;"06:26:00";"SEM VÍTIMA";"FINALIZADA";"BOA VIAGEM";"RUA RIBEIRO DE BRITO";"";"AV FERNANDO SIMOES BARBOSA";"AO LADO DO EMPRESARIAL MONTEIRO DE MELO";"BOA VIAGEM";332;"SUBURBIO";"ABALROAMENTO TRANSVERSAL";"SEM VITIMAS";2;0;0;0;0;0;0;0;0;0;0;"Cruzamento";"Bom";"Sem defeito";"Perfeito estado";"Seca";"Perfeito estado";"Faixa de pedestre";"R-6a";"";"Dupla";"Outros";"";""
"331";2020-01-12;"06:53:00";"COM VÍTIMA";"FINALIZADA";"SANTO AMARO";"AV CRUZ CABUGA";"767";"";"EM FRENTE A CASA DA INDUSTRIA";"SANTO AMARO";NA;"CIDADE";"ABALROAMENTO LONGITUDINAL";"COM UMA VITIMA -SAMU E BOMBEIROS NO LOCAL";1;1;0;0;0;0;0;0;0;1;0;"Longo da via";"Bom";"";"Perfeito estado";"Seca";"Perfeito estado";"Não existe";"Outras";"";"Dupla";"Faixa contínua";"";""
"332";2020-01-12;"10:17:00";"SEM VÍTIMA";"FINALIZADA";"DERBY";"AV GOVERNADOR AGAMENON MAGALHAES";"";"";"EM FRENTE AO HOSPITAL PORTUGUES";"DERBY";349;"SUBURBIO";"COLISÃO TRASEIRA";"ENTRE QUATRO VEÍCULOS AUTO PASSEIO";4;0;0;0;0;0;0;0;0;0;0;"Longo da via";"Bom";"Sem defeito";"Perfeito estado";"Seca";"Perfeito estado";"Faixa de pedestre";"R-6a";"";"Dupla";"";"";""
"333";2020-01-12;"10:23:00";"SEM VÍTIMA";"FINALIZADA";"IMBIRIBEIRA";"AV MARECHAL MASCARENHAS DE MORAES";"1482";"";"À ENCRUZILHADA PNEUS";"IMBIRIBEIRA";287;"";"ABALROAMENTO LONGITUDINAL";"ONIBUS E AUTO";1;0;0;0;0;1;0;0;0;0;0;"Longo da via";"Bom";"Sem defeito";"Perfeito estado";"Seca";"Perfeito estado";"Faixa de pedestre";"R-6a";"";"Dupla";"";"";""