"";"data";"hora";"natureza_acidente";"situacao";"bairro";"endereco";"numero";"detalhe_endereco_acidente";"complemento";"bairro_cruzamento";"num_semaforo";"sentido_via";"tipo";"descricao";"auto";"moto";"ciclom";"ciclista";"pedestre";"onibus";"caminhao";"viatura";"outros";"vitimas";"vitimasfatais";"acidente_verificado";"tempo_clima";"situacao_semaforo";"sinalizacao";"condicao_via";"conservacao_via";"ponto_controle";"situacao_placa";"velocidade_max_via";"mao_direcao";"divisao_via1";"divisao_via2";"divisao_via3"
"502";2020-01-17;"10:22:00";"SEM VÍTIMA";"FINALIZADA";"BOA VIAGEM";"AV CONSELHEIRO AGUIAR";"2814";"RUA TENENTE JOAO CICERO";"";"BOA VIAGEM";NA;"CIDADE";"ABALROAMENTO LONGITUDINAL";"AUTO E MOTO SUB INSP. ROMERO NO LOCAL";1;1;0;0;0;0;0;0;0;0;0;"Cruzamento";"Bom";"Não existe";"Perfeito estado";"Seca";"Perfeito estado";"Não existe";"Não há placas";"";"Única";"Faixa seccionada";"";""
"503";2020-01-17;"10:26:00";"COM VÍTIMA";"FINALIZADA";"BAIRRO DO RECIFE";"RUA MARIZ E BARROS";"173";"AV ALFREDO LISBOA";"EM FRENTE AO POSTO BR";"BAIRRO DO RECIFE";NA;"SUBURBIO";"ABALROAMENTO LONGITUDINAL";"COM UMA VITIMA AGUARDANDO SAMU";1;1;0;0;0;0;0;0;0;1;0;"Esquina";"Bom";"Não existe";"Perfeito estado";"Seca";"Perfeito estado";"Não existe";"Outras";"";"Única";"Não existe";"";""
"504";2020-01-17;"10:27:00";"SEM VÍTIMA";"FINALIZADA";"AREIAS";"AV RECIFE";"5586";"";"EM FRENTE AO POSTO BR DO MACRO";"AREIAS";NA;"";"COLISÃO TRASEIRA";"COLISAO S/ VITIMA. ENTRE DOIS VEICULOS";2;0;0;0;0;0;0;0;0;0;0;"Longo da via";"Bom";"Não existe";"Perfeito estado";"Seca";"Perfeito estado";"Não existe";"Não há placas";"60 km/h";"Dupla";"Canteiro central";"";""
"505";2020-01-17;"11:28:00";"SEM VÍTIMA";"FINALIZADA";"MANGUEIRA";"RUA VINTE E UM DE ABRIL";"1357";"RUA CORACAO DE JESUS";"";"MANGUEIRA";NA;"SUBURBIO";"ABALROAMENTO TRANSVERSAL";"COLISAO S/ VITIMA. ENTRE DOIS VEICULOS";2;0;0;0;0;0;0;0;0;0;0;"Cruzamento";"Bom";"Não existe";"Perfeito estado";"Seca";"Perfeito estado";"Outros";"Outras";"60 km/h";"Dupla";"Não existe";"";""
"506";2020-01-17;"12:14:00";"SEM VÍTIMA";"FINALIZADA";"BOA VIAGEM";"RUA JACK AYRES";"";"RUA FRANCISCO DA CUNHA";"";"BOA VIAGEM";NA;"";"ABALROAMENTO TRANSVERSAL";"COLISÃO SEM VITIMA";1;1;0;0;0;0;0;0;0;0;0;"Cruzamento";"Bom";"Não existe";"Perfeito estado";"Seca";"Perfeito estado";"Não existe";"Placas Pare";"";"Dupla";"Não existe";"";""
"507";2020-01-17;"12:16:00";"SEM VÍTIMA";"FINALIZADA";"SANTO AMARO";"AV MARIO MELO";"";"RUA DO POMBAL";"POSTO DE SAÚDE DO POMBAL ( L.O)";"SANTO AMARO";NA;"SUBURBIO";"ABALROAMENTO LONGITUDINAL";"COLISAO S/ VITIMAS";1;1;0;0;0;0;0;0;0;0;0;"Cruzamento";"Bom";"Não existe";"Perfeito estado";"Seca";"Perfeito estado";"Não existe";"R-4a";"";"Única";"";"";""
"508";2020-01-17;"12:17:00";"SEM VÍTIMA";"FINALIZADA";"SANTO AMARO";"RUA MARIO ALBUQUERQUE CAVALCANTI";"";"RUA VOLTA DO SINO";"POR TRAS DA COMPESA";"SANTO AMARO";NA;"";"COLISÃO TRASEIRA";"COLISÃO SEM VÍTIMA";2;0;0;0;0;0;0;0;0;0;0;"Cruzamento";"Bom";"Não existe";"Não existente";"Seca";"Perfeito estado";"Não existe";"Não há placas";"";"Dupla";"Canal";"";""
"509";2020-01-17;"12:37:00";"SEM VÍTIMA";"CANCELADA";"BAIRRO DO RECIFE";"CAIS DA ALFANDEGA";"";"AV MARQUES DE OLINDA";"NO CRUZAMENTO MESMO";"BAIRRO DO RECIFE";165;"";"COLISÃO";"COLISAO SEM VITIMAS";2;0;0;0;0;0;0;0;0;0;0;"";"";"";"";"";"";"";"";"";"";"";"";""
"510";2020-01-17;"12:45:00";"SEM VÍTIMA";"FINALIZADA";"AFOGADOS";"RUA VINTE E UM DE ABRIL";"";"RUA COSME VIANA";"FARMACIA DO TRABALHADOR";"AFOGADOS";334;"CIDADE";"ABALROAMENTO LONGITUDINAL";"COLISÃO SEM VITIMA";1;0;0;0;0;1;0;0;0;0;0;"Cruzamento";"Bom";"Sem defeito";"Perfeito estado";"Seca";"Perfeito estado";"Faixa de pedestre";"Não há placas";"";"Dupla";"Faixa seccionada";"";""
"511";2020-01-17;"13:05:00";"SEM VÍTIMA";"FINALIZADA";"SANTO AMARO";"RUA TREZE DE MAIO";"112";"RUA DOS PALMARES";"";"SANTO AMARO";30;"CIDADE";"ABALROAMENTO LONGITUDINAL";"COLISÃO SEM VITIMA";1;1;0;0;0;0;0;0;0;0;0;"Longo da via";"Bom";"Sem defeito";"Perfeito estado";"Seca";"Perfeito estado";"Não existe";"Não há placas";"";"Dupla";"Faixa contínua";"";""
"512";2020-01-17;"13:39:00";"SEM VÍTIMA";"CANCELADA";"BOA VIAGEM";"AVENIDA CELSO FURTADO (VIA MANGUE)";"";"";"NA BIFURCAÇÃO DA VIA MANGUE/ SENTIDO BOA VIAGEM";"BOA VIAGEM";NA;"";"COLISÃO";"COLISÃO SEM VÍTIMA";2;0;0;0;0;0;0;0;0;0;0;"";"";"";"";"";"";"";"";"";"";"";"";""
"513";2020-01-17;"14:31:00";"SEM VÍTIMA";"FINALIZADA";"BOA VISTA";"RUA NUNES MACHADO";"22";"";"EM FRENTE AO Nº 22";"BOA VISTA";NA;"CIDADE";"COLISÃO TRASEIRA";"COLISÃO SEM VÍTIMA";2;0;0;0;0;0;0;0;0;0;0;"Longo da via";"Bom";"Não existe";"Perfeito estado";"Seca";"Perfeito estado";"Faixa de pedestre";"R-6a";"";"Única";"Não existe";"";""
"514";2020-01-17;"16:38:00";"SEM VÍTIMA";"FINALIZADA";"BOA VISTA";"RUA GERVASIO PIRES";"332";"";"";"BOA VISTA";24;"SUBURBIO";"COLISÃO TRASEIRA";"COLISAO SEM VITIMAS";2;0;0;0;0;0;0;0;0;0;0;"Longo da via";"Bom";"Sem defeito";"Perfeito estado";"Seca";"Perfeito estado";"Faixa de pedestre";"";"";"Única";"Não existe";"";""
"515";2020-01-17;"18:02:00";"SEM VÍTIMA";"FINALIZADA";"TORREÃO";"AV NORTE";"1987";"";"NISSAN";"TORREÃO";NA;"CIDADE";"ABALROAMENTO LONGITUDINAL";"ENTRE ÕNIBUS E AUTO PASSEIO. S/V";1;0;0;0;0;1;0;0;0;0;0;"Longo da via";"Bom";"Não existe";"Perfeito estado";"Seca";"Perfeito estado";"Não existe";"Outras";"";"Dupla";"Canteiro central";"";""
"516";2020-01-17;"18:13:00";"SEM VÍTIMA";"FINALIZADA";"IPUTINGA";"RUA REZENDE";"";"RUA MIGUEL LEAO";"";"IPUTINGA";NA;"";"ABALROAMENTO TRANSVERSAL";"ENTRE 2 AUTOS. S/V";2;0;0;0;0;0;0;0;0;0;0;"Cruzamento";"Bom";"Não existe";"Perfeito estado";"Seca";"Perfeito estado";"";"";"40 km/h";"Dupla";"Não existe";"";""
"517";2020-01-17;"18:44:00";"SEM VÍTIMA";"FINALIZADA";"TAMARINEIRA";"AV PROFESSOR JOSE DOS ANJOS";"";"";"EM FRENTE AO POSTO DE GASOLINA PETROBRAS";"TAMARINEIRA";364;"CIDADE";"ABALROAMENTO LONGITUDINAL";"ENTRE 2 AUTOS. S/V";2;0;0;0;0;0;0;0;0;0;0;"Longo da via";"Bom";"Sem defeito";"Perfeito estado";"Seca";"Perfeito estado";"Faixa de pedestre";"Não há placas";"";"Dupla";"Faixa seccionada";"";""
"518";2020-01-17;"18:50:00";"COM VÍTIMA";"FINALIZADA";"BOA VIAGEM";"RUA RIBEIRO DE BRITO";"1250";"RUA JONATHAS DE VASCONCELOS";"ENF AO HOTEL NACIONAL INN // BATERIAS HELIAR";"BOA VIAGEM";NA;"SUBURBIO";"COLISÃO TRASEIRA";"FIAT TORO X MOTO";1;1;0;0;0;0;0;0;0;1;0;"Longo da via";"Bom";"Não existe";"Perfeito estado";"Seca";"Perfeito estado";"Não existe";"Outras";"";"Única";"Faixa seccionada";"";""
"519";2020-01-17;"19:55:00";"SEM VÍTIMA";"FINALIZADA";"PARNAMIRIM";"AV DEZESSETE DE AGOSTO";"30";"";"E/F A DROGASIL";"PARNAMIRIM";NA;"SUBURBIO";"ABALROAMENTO LONGITUDINAL";"ENTRE 2 AUTOS. S/V";2;0;0;0;0;0;0;0;0;0;0;"Longo da via";"Bom";"Não existe";"Perfeito estado";"Seca";"Perfeito estado";"Não existe";"Não há placas";"";"Única";"Faixa seccionada";"Canteiro central";""
"520";2020-01-17;"20:52:00";"SEM VÍTIMA";"FINALIZADA";"MORRO DA CONCEIÇÃO";"AV NORTE";"5210B";"RUA DEPUTADO MARIO MONTEIRO";"";"MORRO DA CONCEIÇÃO";79;"SUBURBIO";"ABALROAMENTO LONGITUDINAL";"ONIBUS PEDROSA X ONIX";1;0;0;0;0;1;0;0;0;0;0;"Cruzamento";"Bom";"Sem defeito";"Incompleta";"Seca";"Mal conservada";"Faixa de pedestre";"Outras";"";"Dupla";"Canteiro central";"";""
"521";2020-01-17;"21:42:00";"SEM VÍTIMA";"CANCELADA";"PRADO";"RUA GOMES TABORDA";"768";"";"E/F AO ESPETINHO PARADA CERTA E LEO CHOPP";"PRADO";NA;"";"COLISÃO";"ENTRE AUTO E MOTO. S/V";1;1;0;0;0;0;0;0;0;0;0;"";"";"";"";"";"";"";"";"";"";"";"";""
"522";2020-01-17;"21:47:00";"SEM VÍTIMA";"FINALIZADA";"BOMBA DO HEMETÉRIO";"RUA DAS CRIANCAS";"135";"RUA BOMBA DO HEMETERIO";"";"BOMBA DO HEMETÉRIO";NA;"";"ABALROAMENTO LONGITUDINAL";"ENTRE 2 AUTOS. S/V";2;0;0;0;0;0;0;0;0;0;0;"Cruzamento";"Bom";"Não existe";"Incompleta";"Seca";"";"Não existe";"Outras";"";"Dupla";"Faixa seccionada";"";""
"523";2020-01-17;"21:56:00";"SEM VÍTIMA";"FINALIZADA";"COHAB";"RUA DR BENIGNO JORDAO DE VASCONCELOS";"7";"RUA RADIALISTA TORRES FILHO";"";"COHAB";NA;"CIDADE";"ABALROAMENTO LONGITUDINAL";"ENTRE VT DA POLÍCIA E MOTO. S/V";0;1;0;0;0;0;0;1;0;0;0;"Longo da via";"Bom";"Não existe";"Não existente";"Seca";"Perfeito estado";"Não existe";"Não há placas";"";"Única";"Não existe";"";""
"524";2020-01-17;"22:39:00";"SEM VÍTIMA";"FINALIZADA";"SÃO JOSÉ";"RUA IMPERIAL";"1198";"RUA BOM SUCESSO";"AO LADO DA PADARIA PÃO PÃO";"SÃO JOSÉ";NA;"SUBURBIO";"ABALROAMENTO TRANSVERSAL";"ONIBUS PARTICULAR X POLO";1;0;0;0;0;1;0;0;0;0;0;"";"Bom";"Não existe";"Perfeito estado";"Seca";"Perfeito estado";"Não existe";"Não há placas";"";"Única";"Faixa seccionada";"";""
"525";2020-01-18;"01:16:00";"SEM VÍTIMA";"FINALIZADA";"MADALENA";"AV VISCONDE DE ALBUQUERQUE";"";"RUA JOSE OSORIO";"";"MADALENA";50;"SUBURBIO";"ABALROAMENTO LONGITUDINAL";"COLISÃO ENTRE AUTO E MOTO- S/V";1;1;0;0;0;0;0;0;0;0;0;"Cruzamento";"Bom";"Sem defeito";"Perfeito estado";"Seca";"Perfeito estado";"Faixa de pedestre";"Outras";"";"Única";"Faixa contínua";"";""
"526";2020-01-18;"03:40:00";"COM VÍTIMA";"FINALIZADA";"CORDEIRO";"AV CAXANGA";"";"";"EM FRENTE A EXPOSIÇÃO DE ANIMAIS";"CORDEIRO";135;"SUBURBIO";"ABALROAMENTO TRANSVERSAL";"COLISÃO ENTRE AUTO E MOTO- C/V";1;1;0;0;0;0;0;0;0;1;0;"Cruzamento";"Bom";"Sem defeito";"Perfeito estado";"Seca";"Perfeito estado";"Faixa de pedestre";"Outras";"";"Única";"Faixa contínua";"Faixa seccionada";"Canteiro central"
"527";2020-01-18;"09:04:00";"SEM VÍTIMA";"FINALIZADA";"TORRÕES";"AV ENGENHEIRO ABDIAS DE CARVALHO";"603";"";"LADO DO POSTO SHELL- APÓS A UPA DOS TORRÕES";"TORRÕES";NA;"SUBURBIO";"COLISÃO TRASEIRA";"DOIS AUTOS";2;0;0;0;0;0;0;0;0;0;0;"Longo da via";"Bom";"Não existe";"Perfeito estado";"Seca";"Perfeito estado";"Não existe";"Não há placas";"60 km/h";"Dupla";"Canteiro central";"";""
"528";2020-01-18;"09:27:00";"SEM VÍTIMA";"FINALIZADA";"BOA VIAGEM";"RUA DHALIA";"53";"";"";"BOA VIAGEM";NA;"SUBURBIO";"ABALROAMENTO LONGITUDINAL";"DOIS AUTOS";2;0;0;0;0;0;0;0;0;0;0;"Longo da via";"Bom";"Não existe";"Perfeito estado";"Seca";"Perfeito estado";"Não existe";"R-6a";"";"Única";"Não existe";"";""
"529";2020-01-18;"09:32:00";"SEM VÍTIMA";"FINALIZADA";"AREIAS";"RUA ARAPUA";"";"";"POR TRÁS DA ESCOLA ISAAC PERIM";"AREIAS";NA;"SUBURBIO";"ABALROAMENTO LONGITUDINAL";"MOTO E AUTO";1;1;0;0;0;0;0;0;0;0;0;"Longo da via";"Bom";"Não existe";"Não existente";"Seca";"Perfeito estado";"Não existe";"Não há placas";"";"Dupla";"Não existe";"";""
"530";2020-01-18;"10:04:00";"SEM VÍTIMA";"FINALIZADA";"MANGABEIRA";"AV PROFESSOR JOSE DOS ANJOS";"";"RUA EUCLIDES GOMES DE FREITAS";"ESQUINA DAS RUAS";"MANGABEIRA";NA;"CIDADE";"ABALROAMENTO TRANSVERSAL";"COLISÃO S/VITIMAS ENTRE UM AUTO E UMA CARRETA (V.T. 03 NO QTH)";1;0;0;0;0;0;1;0;0;0;0;"";"Bom";"Não existe";"Incompleta";"Seca";"Perfeito estado";"Não existe";"Outras";"";"Única";"Faixa seccionada";"";""
"531";2020-01-18;"10:18:00";"COM VÍTIMA";"FINALIZADA";"BEBERIBE";"AV BEBERIBE";"1095";"";"EM FRENTE A FRIGO ALVES";"BEBERIBE";NA;"SUBURBIO";"ATROPELAMENTO ANIMAL";"AUTO X ANIMAL";0;1;0;0;0;0;0;0;1;1;0;"Longo da via";"Bom";"Não existe";"Perfeito estado";"Seca";"";"Não existe";"Não há placas";"40 km/h";"Dupla";"Faixa seccionada";"";""
"532";2020-01-18;"10:30:00";"SEM VÍTIMA";"CANCELADA";"JORDÃO";"AV MARIA IRENE";"290";"";"RUA DA IGREJA LIRIO DOS VALES";"JORDÃO";NA;"";"COLISÃO";"DOIS AUTOS";2;0;0;0;0;0;0;0;0;0;0;"";"";"";"";"";"";"";"";"";"";"";"";""
"533";2020-01-18;"11:07:00";"SEM VÍTIMA";"FINALIZADA";"SÃO JOSÉ";"C SANTA RITA";"595";"";"LADO OPOSTO AS TORRES GÊMEAS";"SÃO JOSÉ";NA;"SUBURBIO";"COLISÃO TRASEIRA";"DOIS AUTOS";2;0;0;0;0;0;0;0;0;0;0;"Longo da via";"Bom";"Não existe";"Perfeito estado";"Seca";"Perfeito estado";"Não existe";"Não há placas";"";"Dupla";"Faixa seccionada";"Canteiro central";""
"534";2020-01-18;"11:52:00";"SEM VÍTIMA";"FINALIZADA";"BOA VISTA";"RUA DO GIRIQUITI";"18";"";"EM FRENTE AO Nº 18";"BOA VISTA";NA;"CIDADE";"COLISÃO TRASEIRA";"COLISÃO S/VITIMAS ENTRE DOIS AUTOS";2;0;0;0;0;0;0;0;0;0;0;"Longo da via";"Bom";"Não existe";"Perfeito estado";"Seca";"Perfeito estado";"Não existe";"Outras";"";"Única";"Não existe";"";""
"535";2020-01-18;"12:24:00";"SEM VÍTIMA";"FINALIZADA";"JORDÃO";"AV DONA CARENTINA";"21";"";"ESCOLA ESTADUAL ENELDA RABELO";"JORDÃO";NA;"SUBURBIO";"CHOQUE VEÍCULO PARADO";"COLISAO SEM VITIMAS";1;0;0;0;0;1;0;0;0;0;0;"Longo da via";"Bom";"Não existe";"Perfeito estado";"Seca";"Perfeito estado";"";"";"";"Dupla";"Faixa seccionada";"";""
"536";2020-01-18;"12:32:00";"SEM VÍTIMA";"FINALIZADA";"BOMBA DO HEMETÉRIO";"RUA CHA DE ALEGRIA";"107";"RUA TAMBOARA";"";"BOMBA DO HEMETÉRIO";NA;"CIDADE";"COLISÃO TRASEIRA";"ENTRE DUAS MOTOS S/V";0;2;0;0;0;0;0;0;0;0;0;"Cruzamento";"Bom";"Não existe";"Perfeito estado";"Seca";"Perfeito estado";"Outros";"Outras";"";"Dupla";"Faixa seccionada";"";""
"537";2020-01-18;"13:01:00";"COM VÍTIMA";"FINALIZADA";"BOA VIAGEM";"RUA SA E SOUZA";"580";"RUA LUIZ PIMENTEL";"E/F A IGREJA DE JESUS CRISTOS DOS ULTIMOS DIAS";"BOA VIAGEM";NA;"CIDADE";"ABALROAMENTO TRANSVERSAL";"COLISAO COM VITIMAS";1;1;0;0;0;0;0;0;0;1;0;"Cruzamento";"Bom";"Não existe";"Perfeito estado";"Seca";"Perfeito estado";"Não existe";"Placas Pare";"";"Dupla";"Faixa seccionada";"";""
"538";2020-01-18;"14:13:00";"SEM VÍTIMA";"FINALIZADA";"BOA VISTA";"RUA SAO GONCALO";"497";"RUA DA GLORIA";"";"BOA VISTA";NA;"SUBURBIO";"ABALROAMENTO LONGITUDINAL";"ENTRE DOIS AUTOS S/V";2;0;0;0;0;0;0;0;0;0;0;"";"Bom";"Não existe";"Perfeito estado";"Seca";"Perfeito estado";"Não existe";"Placas Pare";"40 km/h";"Única";"Faixa seccionada";"";""
"539";2020-01-18;"14:22:00";"SEM VÍTIMA";"FINALIZADA";"ILHA DO RETIRO";"RUA SPORT CLUBE DO RECIFE";"";"RUA JOAO ELISIO RAMOS";"AO LADO DO ESTÁDIO ADELMAR DA COSTA CARVALHO";"ILHA DO RETIRO";355;"CIDADE";"ABALROAMENTO LONGITUDINAL";"COLISÃO SEM VITIMA";2;0;0;0;0;0;0;0;0;0;0;"";"Bom";"Sem defeito";"Perfeito estado";"Seca";"Perfeito estado";"";"R-6a";"";"Dupla";"Faixa contínua";"Canteiro central";""
"540";2020-01-18;"14:27:00";"SEM VÍTIMA";"FINALIZADA";"TORRÕES";"";"";"RUA ONZE DE FEVEREIRO";"AO LADO DO LAVA JATO BRILHO CAR";"TORRÕES";NA;"";"ABALROAMENTO LONGITUDINAL";"ENTRE AUTO PASSEIO X MOTO COM VÍTIMA";1;1;0;0;0;0;0;0;0;0;0;"Cruzamento";"Bom";"Não existe";"";"Seca";"Perfeito estado";"Não existe";"Placas Pare";"";"Dupla";"";"";""
"541";2020-01-18;"14:27:00";"SEM VÍTIMA";"CANCELADA";"BOA VIAGEM";"RUA JAIME RAMIRO COSTA";"176";"";"PROX A QUADRA DE TENIS";"BOA VIAGEM";NA;"";"COLISÃO";"COLISAO SEM VITIMAS";2;0;0;0;0;0;0;0;0;0;0;"";"";"";"";"";"";"";"";"";"";"";"";""
"542";2020-01-18;"14:27:00";"SEM VÍTIMA";"DUPLICIDADE";"COELHOS";"RUA SAO GONCALO";"7";"";"NA RUA DO MERCADO DA BOA VISTA";"COELHOS";NA;"";"COLISÃO";"COLISÃO SEM VITIMA";2;0;0;0;0;0;0;0;0;0;0;"";"";"";"";"";"";"";"";"";"";"";"";""
"543";2020-01-18;"15:34:00";"SEM VÍTIMA";"FINALIZADA";"JIQUIÁ";"RUA SAO MIGUEL";"1805";"";"";"JIQUIÁ";NA;"SUBURBIO";"COLISÃO TRASEIRA";"COLISÃO SEM VITIMA";2;0;0;0;0;0;0;0;0;0;0;"Longo da via";"Bom";"Sem defeito";"Incompleta";"Seca";"Perfeito estado";"Faixa de pedestre";"Outras";"60 km/h";"Dupla";"Faixa contínua";"";""
"544";2020-01-18;"16:02:00";"SEM VÍTIMA";"FINALIZADA";"ARRUDA";"RUA DAS MOCAS";"752";"";"EM FRENTE A IEADALPE";"ARRUDA";NA;"SUBURBIO";"ABALROAMENTO LONGITUDINAL";"ENTRE DOIS AUTOS S/V";2;0;0;0;0;0;0;0;0;0;0;"Longo da via";"Bom";"Não existe";"Perfeito estado";"Seca";"Perfeito estado";"Não existe";"Não há placas";"";"Dupla";"Faixa seccionada";"";""
"545";2020-01-18;"16:47:00";"SEM VÍTIMA";"FINALIZADA";"TORREÃO";"RUA DJALMA FARIAS";"109";"";"EM FRENTE AO Nº 109";"TORREÃO";NA;"SUBURBIO";"ABALROAMENTO LONGITUDINAL";"AUTO PASSEIO X MOTO S/V";1;1;0;0;0;0;0;0;0;0;0;"Longo da via";"Bom";"Não existe";"Não existente";"Seca";"Mal conservada";"Não existe";"Não há placas";"";"Dupla";"Não existe";"";""
"546";2020-01-18;"17:18:00";"SEM VÍTIMA";"CANCELADA";"CASA AMARELA";"AV NORTE";"";"RUA PADRE LEMOS";"E/F A PASSIRA";"CASA AMARELA";NA;"";"COLISÃO";"ENTRE DOIS AUTOS S/V";2;0;0;0;0;0;0;0;0;0;0;"";"";"";"";"";"";"";"";"";"";"";"";""
"547";2020-01-18;"17:55:00";"SEM VÍTIMA";"CANCELADA";"TORRE";"RUA FREI JABOATAO";"65";"";"E/F AO CARREFOUR DA TORRE";"TORRE";NA;"";"COLISÃO";"ENTRE 2 AUTOS. S/V";2;0;0;0;0;0;0;0;0;0;0;"";"";"";"";"";"";"";"";"";"";"";"";""
"548";2020-01-18;"20:49:00";"COM VÍTIMA";"FINALIZADA";"IMBIRIBEIRA";"RUA ITACARI";"162";"RUA ITAJAI";"GRÁFICA YNOVE";"IMBIRIBEIRA";NA;"SUBURBIO";"ABALROAMENTO TRANSVERSAL";"SIENA X VOYAGE";2;0;0;0;0;0;0;0;0;1;0;"Cruzamento";"Bom";"Não existe";"Incompleta";"Seca";"Mal conservada";"Não existe";"Placas Pare";"";"Única";"";"";""
"549";2020-01-18;"21:26:00";"SEM VÍTIMA";"FINALIZADA";"ÁGUA FRIA";"AV BEBERIBE";"";"RUA DA REGENERACAO";"";"ÁGUA FRIA";187;"SUBURBIO";"ABALROAMENTO LONGITUDINAL";"ENTRE 3 AUTOS. S/V";3;0;0;0;0;0;0;0;0;0;0;"Longo da via";"Bom";"Não existe";"Ilegível";"Seca";"Perfeito estado";"Não existe";"Não há placas";"";"Única";"Faixa seccionada";"";""
"550";2020-01-19;"00:45:00";"SEM VÍTIMA";"CANCELADA";"CAMPO GRANDE";"RUA ODORICO MENDES";"";"";"EM FRENTE AO CLUBE DAS PÁS";"CAMPO GRANDE";NA;"";"COLISÃO";"COLISÃO ENTRE VEÍCULOS- SEGUIDA DE CHOQUE EM DOIS TÁXIS ESTACIONADOS. SEM VÍTIMAS";4;0;0;0;0;0;0;0;0;0;0;"";"";"";"";"";"";"";"";"";"";"";"";""
"551";2020-01-19;"02:29:00";"SEM VÍTIMA";"FINALIZADA";"BOA VISTA";"RUA DOM BOSCO";"";"RUA LUIZ BARBALHO";"EM FRENTE AO BATALHÃO DE POLÍCIA RADIOPATRULHA";"BOA VISTA";NA;"CIDADE";"CHOQUE VEÍCULO PARADO";"AUTO CHOCOU-SE EM UM VEICULO QUE ENCONTRAVA-SE ESTACIONADO (UM DOS ENVOLVIDOS APRESENTA SINTOMAS DE EMBRIAGUEZ)";2;0;0;0;0;0;0;0;0;0;0;"Longo da via";"Chuvoso";"Não existe";"Perfeito estado";"Molhada";"Perfeito estado";"Não existe";"R-6a";"";"Única";"Faixa seccionada";"";""
"552";2020-01-19;"06:02:00";"SEM VÍTIMA";"FINALIZADA";"SANTO AMARO";"AV NORTE";"";"";"SENAI";"SANTO AMARO";36;"";"COLISÃO TRASEIRA";"COLISÃO ENTRE AUTO E ÔNIBUS- S/V";1;0;0;0;0;1;0;0;0;0;0;"Longo da via";"Bom";"Sem defeito";"Perfeito estado";"Seca";"Perfeito estado";"Faixa de pedestre";"Outras";"";"Dupla";"Canteiro central";"";""
"553";2020-01-19;"06:53:00";"COM VÍTIMA";"FINALIZADA";"ROSARINHO";"RUA COUTO MAGALHAES";"";"AV SANTOS DUMONT";"DE ESQUINA COM O COLEGIO FAZER CRESCER";"ROSARINHO";NA;"SUBURBIO";"ABALROAMENTO LONGITUDINAL";"AUTO E MOTO";1;1;0;0;0;0;0;0;0;1;0;"Esquina";"Bom";"Não existe";"Perfeito estado";"Seca";"Perfeito estado";"Faixa de pedestre";"Outras";"30 km/h";"Única";"Não existe";"";""
"554";2020-01-19;"08:09:00";"SEM VÍTIMA";"FINALIZADA";"CORDEIRO";"AV CAXANGA";"144";"";"EM FRENTE AO SEMÁFORO Nº 080";"CORDEIRO";80;"SUBURBIO";"COLISÃO TRASEIRA";"AUTO E ONIBUS";1;0;0;0;0;1;0;0;0;0;0;"Longo da via";"Bom";"Sem defeito";"Perfeito estado";"Seca";"Perfeito estado";"Faixa de pedestre";"R-6a";"";"Dupla";"Faixa contínua";"Canteiro central";""
"555";2020-01-19;"09:12:00";"SEM VÍTIMA";"CANCELADA";"AFOGADOS";"RUA FRANCISCO SILVEIRA";"";"";"APOS O LARGO DA PAZ PRIMEIRA A ESQUERDA / SENT AEROPORTO";"AFOGADOS";NA;"";"COLISÃO";"CAMINHAO E AUTO";1;0;0;0;0;0;1;0;0;0;0;"";"";"";"";"";"";"";"";"";"";"";"";""
"556";2020-01-19;"09:35:00";"SEM VÍTIMA";"FINALIZADA";"TEJIPIÓ";"AV LIBERDADE";"364";"";"PRÓXIMO A DELEGACIA DRACO";"TEJIPIÓ";NA;"SUBURBIO";"ABALROAMENTO LONGITUDINAL";"SEM VITIMAS";2;0;0;0;0;0;0;0;0;0;0;"Longo da via";"Bom";"Não existe";"Não existente";"Seca";"Perfeito estado";"Não existe";"Não há placas";"";"Dupla";"Faixa contínua";"";""
"557";2020-01-19;"09:51:00";"COM VÍTIMA";"FINALIZADA";"PINA";"AV HERCULANO BANDEIRA";"950";"";"EM FRENTE A JBS VEICULOS";"PINA";660;"SUBURBIO";"CHOQUE OBJETO FIXO";"CAMINHAO CHOCOU-SE COM A LOJA / MOTORISTA FOI SOCORRIDO POR TERCEIROS";0;0;0;0;0;0;1;0;0;1;0;"Longo da via";"Bom";"Sem defeito";"Perfeito estado";"Seca";"Perfeito estado";"Faixa de pedestre";"Outras";"60 km/h";"Única";"Faixa seccionada";"";""
"558";2020-01-19;"10:07:00";"SEM VÍTIMA";"FINALIZADA";"CORDEIRO";"AV CAXANGA";"1417";"RUA CONEGO ANTONIO CAVALCANTE";"";"CORDEIRO";NA;"CIDADE";"CHOQUE OBJETO FIXO";"CHOQUE OBJETO FIXO. VEICULO PASSEIO- NAO A VITIMA";1;0;0;0;0;0;0;0;0;0;0;"Cruzamento";"Bom";"Não existe";"Perfeito estado";"Seca";"Perfeito estado";"Outros";"Outras";"";"Dupla";"Não existe";"";""