"";"data";"hora";"natureza_acidente";"situacao";"bairro";"endereco";"numero";"detalhe_endereco_acidente";"complemento";"bairro_cruzamento";"num_semaforo";"sentido_via";"tipo";"descricao";"auto";"moto";"ciclom";"ciclista";"pedestre";"onibus";"caminhao";"viatura";"outros";"vitimas";"vitimasfatais";"acidente_verificado";"tempo_clima";"situacao_semaforo";"sinalizacao";"condicao_via";"conservacao_via";"ponto_controle";"situacao_placa";"velocidade_max_via";"mao_direcao";"divisao_via1";"divisao_via2";"divisao_via3"
"780";2020-01-27;"06:58:00";"SEM VÍTIMA";"FINALIZADA";"BOA VIAGEM";"AV ENGENHEIRO DOMINGOS FERREIRA";"3920";"";"EM FRENTE AO EDIFÍCIO ALICANTE";"BOA VIAGEM";NA;"SUBURBIO";"CHOQUE OBJETO FIXO";"CHOQUE ENTRE AUTO E ÁRVORE- CONDUTOR SE EVADIU DO LOCAL";1;0;0;0;0;0;0;0;0;0;0;"Longo da via";"Bom";"Não existe";"Perfeito estado";"Seca";"Perfeito estado";"Não existe";"Não há placas";"60 km/h";"Dupla";"Canteiro central";"";""
"781";2020-01-27;"07:11:00";"COM VÍTIMA";"FINALIZADA";"SANTO ANTÔNIO";"AV DANTAS BARRETO";"";"RUA SIQUEIRA CAMPOS";"EM FRENTE AO ANTIGO PREIO DO INSS / POR TRAS DOS CORREIOS";"SANTO ANTÔNIO";141;"SUBURBIO";"ATROPELAMENTO";"PEDESTRE / ONIBUS BRT";0;0;0;0;1;1;0;0;0;1;0;"Cruzamento";"Bom";"Sem defeito";"Incompleta";"Seca";"Perfeito estado";"Não existe";"Não há placas";"30 km/h";"Dupla";"Canteiro central";"";""
"782";2020-01-27;"07:51:00";"COM VÍTIMA";"CANCELADA";"CASA FORTE";"AV DEZESSETE DE AGOSTO";"";"";"";"CASA FORTE";NA;"";"ACID. DE PERCURSO";"MOTO / O DONO DA MOTO NAO QUIZ O ATENDIMENTO DA CTTU / SEGUINDO JUNTO COM A AMBULANCIA PARA O HOAPITAL COM A VITIMA";0;1;0;0;0;0;0;0;0;1;0;"";"";"";"";"";"";"";"";"";"";"";"";""
"783";2020-01-27;"08:44:00";"SEM VÍTIMA";"CANCELADA";"IBURA";"AV DOIS RIOS";"";"";"APOS O NUCLEO- PROX. AO POSTO DE GASOLINA BR";"IBURA";NA;"";"COLISÃO";"DOIS AUTOS";2;0;0;0;0;0;0;0;0;0;0;"";"";"";"";"";"";"";"";"";"";"";"";""
"784";2020-01-27;"08:45:00";"SEM VÍTIMA";"FINALIZADA";"TAMARINEIRA";"RUA CONEGO BARATA";"420";"";"";"TAMARINEIRA";NA;"SUBURBIO";"COLISÃO TRASEIRA";"SEM VITIMAS";2;0;0;0;0;0;0;0;0;0;0;"Longo da via";"Bom";"Não existe";"Perfeito estado";"Seca";"Perfeito estado";"Não existe";"Não há placas";"";"Dupla";"Canteiro central";"";""
"785";2020-01-27;"08:49:00";"SEM VÍTIMA";"FINALIZADA";"ESPINHEIRO";"RUA DR FERNANDO ALLAIN";"25";"RUA MARQUES DO PARANA";"MARTELINHO DE OURO";"ESPINHEIRO";NA;"CIDADE";"ABALROAMENTO TRANSVERSAL";"COLISÃO S/VITIMAS ENTRE DOIS AUTOS";2;0;0;0;0;0;0;0;0;0;0;"Cruzamento";"Bom";"Não existe";"Incompleta";"Seca";"Perfeito estado";"Faixa de pedestre";"R-6a";"";"Única";"Não existe";"";""
"786";2020-01-27;"09:19:00";"SEM VÍTIMA";"FINALIZADA";"MACAXEIRA";"AV NORTE";"";"AV DA RECUPERACAO";"";"MACAXEIRA";NA;"SUBURBIO";"COLISÃO TRASEIRA";"SEM VITIMAS";2;0;0;0;0;1;0;0;0;0;0;"";"Bom";"Não existe";"Não existente";"Seca";"Perfeito estado";"Não existe";"Não há placas";"";"Dupla";"";"";""
"787";2020-01-27;"09:44:00";"COM VÍTIMA";"FINALIZADA";"IPSEP";"RUA PAMPULHA";"";"RUA ITAJAI";"EM FRENTE AO BUFFET CASA BRABCA";"IPSEP";NA;"CIDADE";"ABALROAMENTO TRANSVERSAL";"COLISÃO COM DUAS VITIMAS-SAMU NO LOCAL";1;1;0;0;0;0;0;0;0;2;0;"Cruzamento";"Bom";"Não existe";"";"Seca";"Perfeito estado";"Outros";"Placas Pare";"";"Dupla";"Faixa seccionada";"";""
"788";2020-01-27;"09:56:00";"SEM VÍTIMA";"FINALIZADA";"AFOGADOS";"RUA COSME VIANA";"";"RUA PADRE TEOFILO TWORZ";"AO LADO DA TUPAN";"AFOGADOS";503;"SUBURBIO";"ABALROAMENTO TRANSVERSAL";"COLISÃO S/VITIMAS ENTRE DOIS AUTOS";2;0;0;0;0;0;0;0;0;0;0;"Cruzamento";"Bom";"Sem defeito";"Incompleta";"Seca";"Perfeito estado";"Faixa de pedestre";"Não há placas";"";"Única";"Faixa contínua";"Faixa seccionada";""
"789";2020-01-27;"10:40:00";"SEM VÍTIMA";"FINALIZADA";"TORRE";"RUA ALBERTO PAIVA";"";"RUA AMELIA";"";"TORRE";NA;"SUBURBIO";"ABALROAMENTO LONGITUDINAL";"COLISÃO S/VITIMAS ENTRE DOIS AUTOS";1;0;0;0;0;0;1;0;0;0;0;"Longo da via";"Bom";"Sem defeito";"Perfeito estado";"Seca";"Perfeito estado";"Faixa de retenção";"Outras";"";"Dupla";"Faixa contínua";"";""
"790";2020-01-27;"10:43:00";"SEM VÍTIMA";"CANCELADA";"MACAXEIRA";"AV NORTE";"7750";"";"EM FRENTE AO COLEGIO ESTADUAL MARIA AMALIA";"MACAXEIRA";NA;"SUBURBIO";"COLISÃO";"SEM VITIMAS";2;0;0;0;0;0;0;0;0;0;0;"";"";"";"";"";"";"";"";"";"";"";"";""
"791";2020-01-27;"10:56:00";"SEM VÍTIMA";"CANCELADA";"AFOGADOS";"RUA MOTOCOLOMBO";"";"RUA PROFESSOR AUGUSTO WANDERLEY FILHO";"NO CRUZAMENTO / EM FRETE AO TROCAO";"AFOGADOS";39;"";"COLISÃO";"DOIS AUTOS";2;0;0;0;0;0;0;0;0;0;0;"";"";"";"";"";"";"";"";"";"";"";"";""
"792";2020-01-27;"11:12:00";"SEM VÍTIMA";"FINALIZADA";"IMBIRIBEIRA";"AV MARECHAL MASCARENHAS DE MORAES";"2337";"";"LOJAS FERREIRA COSTA";"IMBIRIBEIRA";385;"CIDADE";"ABALROAMENTO LONGITUDINAL";"ONIBUS E AUTO";1;0;0;0;0;1;0;0;0;0;0;"Longo da via";"Bom";"Sem defeito";"Perfeito estado";"Seca";"Perfeito estado";"";"Não há placas";"60 km/h";"Dupla";"Faixa contínua";"Canteiro central";""
"793";2020-01-27;"11:15:00";"SEM VÍTIMA";"FINALIZADA";"CORDEIRO";"EST DO FORTE DO ARRAIAL N. DO B. JESUS";"";"RUA PROFESSORA LAURA FERREIRA DA COSTA";"FORTE ARRAIAL DO BOM JESUS";"CORDEIRO";NA;"SUBURBIO";"ABALROAMENTO TRANSVERSAL";"COLISÃO S/VITIMAS ENTRE UM ONIBUS E UM AUTO";1;0;0;0;0;1;0;0;0;0;0;"Cruzamento";"Bom";"Não existe";"Não existente";"Seca";"Perfeito estado";"Não existe";"Não há placas";"";"Dupla";"Faixa contínua";"";""
"794";2020-01-27;"11:18:00";"SEM VÍTIMA";"FINALIZADA";"IMBIRIBEIRA";"AV MARECHAL MASCARENHAS DE MORAES";"2837";"";"FORD DIVEPE CAMINHÕES";"IMBIRIBEIRA";7;"CIDADE";"ABALROAMENTO LONGITUDINAL";"ONIBUS E CAMINHAO";1;0;0;0;0;0;1;0;0;0;0;"Longo da via";"Bom";"Sem defeito";"Perfeito estado";"Seca";"Perfeito estado";"Faixa de pedestre";"Outras";"";"Dupla";"Canteiro central";"";""
"795";2020-01-27;"12:13:00";"SEM VÍTIMA";"CANCELADA";"JARDIM SÃO PAULO";"AV SAO PAULO";"382";"";"EM FRENTE AO SUPERMERCADO RENDE MAIS";"JARDIM SÃO PAULO";NA;"";"COLISÃO";"COLISÃO SEM VÍTIMA";1;0;0;0;0;0;1;0;0;0;0;"";"";"";"";"";"";"";"";"";"";"";"";""
"796";2020-01-27;"12:55:00";"SEM VÍTIMA";"FINALIZADA";"BOA VISTA";"RUA DA AURORA";"";"";"E/F A AGENCIA DO TRABALHO";"BOA VISTA";NA;"";"ABALROAMENTO LONGITUDINAL";"ENTRE CAMINHÃO X AUTO PASSEIO S/V";1;0;0;0;0;0;1;0;0;0;0;"Longo da via";"Bom";"Sem defeito";"Perfeito estado";"Seca";"Perfeito estado";"Faixa de pedestre";"";"";"Única";"Faixa contínua";"Faixa seccionada";""
"797";2020-01-27;"13:19:00";"SEM VÍTIMA";"FINALIZADA";"BOA VIAGEM";"AV VINTE DE JANEIRO";"1060";"RUA JORNALISTA ALFREDO PORTO SILVEIRA";"";"BOA VIAGEM";NA;"SUBURBIO";"ABALROAMENTO TRANSVERSAL";"COLISÃO SEM VÍTIMA";2;0;0;0;0;0;0;0;0;0;0;"Cruzamento";"Bom";"Não existe";"Perfeito estado";"Seca";"Perfeito estado";"Faixa de retenção";"Placas Pare";"30 km/h";"Dupla";"Faixa contínua";"";""
"798";2020-01-27;"13:20:00";"SEM VÍTIMA";"FINALIZADA";"MADALENA";"RUA JOSE OSORIO";"";"AV BEIRA RIO";"";"MADALENA";387;"SUBURBIO";"COLISÃO TRASEIRA";"ENTRE DOIS AUTOS S/V";2;0;0;0;0;0;0;0;0;0;0;"Longo da via";"Bom";"Sem defeito";"Perfeito estado";"Seca";"Perfeito estado";"Faixa de pedestre";"Não há placas";"60 km/h";"Dupla";"Faixa contínua";"";""
"799";2020-01-27;"13:50:00";"SEM VÍTIMA";"CANCELADA";"CORDEIRO";"EST DO FORTE DO ARRAIAL N. DO B. JESUS";"117";"";"PROXIMO A PRAÇA DO QUINZE";"CORDEIRO";NA;"";"COLISÃO";"COLISÃO SEM VÍTIMA";2;0;0;0;0;0;0;0;0;0;0;"";"";"";"";"";"";"";"";"";"";"";"";""
"800";2020-01-27;"14:45:00";"SEM VÍTIMA";"FINALIZADA";"BOA VIAGEM";"AV ENGENHEIRO DOMINGOS FERREIRA";"";"RUA HENRIQUE CAPITULINO";"";"BOA VIAGEM";484;"SUBURBIO";"COLISÃO TRASEIRA";"ENTRE DOIS AUTOS S/V";2;0;0;0;0;0;0;0;0;0;0;"Longo da via";"Bom";"Sem defeito";"Perfeito estado";"Seca";"Perfeito estado";"Faixa de pedestre";"";"";"Única";"Faixa contínua";"Faixa seccionada";"Canteiro central"
"801";2020-01-27;"14:47:00";"SEM VÍTIMA";"FINALIZADA";"BOA VISTA";"RUA PADRE INGLES";"367";"";"EM FRENTE AO Nº 367";"BOA VISTA";NA;"";"ABALROAMENTO LONGITUDINAL";"COLISÃO SEM VÍTIMA";2;0;0;0;0;0;0;0;0;0;0;"Longo da via";"Bom";"Não existe";"Perfeito estado";"Seca";"Mal conservada";"Faixa de pedestre";"Placas Pare";"";"Única";"Não existe";"";""
"802";2020-01-27;"15:50:00";"SEM VÍTIMA";"FINALIZADA";"MADALENA";"AV CAXANGA";"792";"";"ESTAÇÃO ZUMBI - BRT";"MADALENA";273;"SUBURBIO";"COLISÃO TRASEIRA";"COLISÃO SEM VÍTIMA";3;0;0;0;0;0;0;0;0;0;0;"Longo da via";"Bom";"Sem defeito";"Perfeito estado";"Seca";"";"Faixa de pedestre";"Outras";"";"Única";"Não existe";"";""
"803";2020-01-27;"16:45:00";"COM VÍTIMA";"FINALIZADA";"SANTO AMARO";"AV CRUZ CABUGA";"";"RUA PEDRO AFONSO";"LADO OPOSTO À ESCOLA SUPERIOR DE MARKETING.";"SANTO AMARO";NA;"";"ABALROAMENTO TRANSVERSAL";"DUAS MOTOCICLETAS";0;2;0;0;0;0;0;0;0;1;0;"Cruzamento";"Bom";"Não existe";"Perfeito estado";"Seca";"Perfeito estado";"Faixa de pedestre";"Não há placas";"";"Dupla";"Não existe";"";""
"804";2020-01-27;"17:17:00";"SEM VÍTIMA";"FINALIZADA";"ENGENHO DO MEIO";"RUA FRANCISCO BEZERRA MONTEIRO";"";"";"EUROFINS";"ENGENHO DO MEIO";NA;"SUBURBIO";"ABALROAMENTO LONGITUDINAL";"COLISÃO SEM VÍTIMA";2;0;0;0;0;0;0;0;0;0;0;"Longo da via";"Bom";"Não existe";"Não existente";"Seca";"Perfeito estado";"Não existe";"Não há placas";"";"Dupla";"Não existe";"";""
"805";2020-01-27;"17:58:00";"SEM VÍTIMA";"FINALIZADA";"IPSEP";"RUA HELIO BRANDAO";"268";"RUA ALVORADA";"";"IPSEP";NA;"SUBURBIO";"ABALROAMENTO LONGITUDINAL";"ENTRE ONIBUS X TAXI S/V";1;0;0;0;0;1;0;0;0;0;0;"Longo da via";"Bom";"Não existe";"Não existente";"Seca";"Perfeito estado";"Não existe";"Não há placas";"30 km/h";"Única";"Não existe";"";""
"806";2020-01-27;"18:21:00";"SEM VÍTIMA";"CANCELADA";"TAMARINEIRA";"EST DO ARRAIAL";"";"";"E//F A HI ACADEMIA";"TAMARINEIRA";NA;"";"COLISÃO";"ONIBUS X AUTO PASSEIO S/V";1;0;0;0;0;1;0;0;0;0;0;"";"";"";"";"";"";"";"";"";"";"";"";""
"807";2020-01-27;"18:24:00";"SEM VÍTIMA";"FINALIZADA";"BOA VIAGEM";"AV ENGENHEIRO DOMINGOS FERREIRA";"";"";"EM FRENTE AO ARMAZÉM CORAL";"BOA VIAGEM";NA;"SUBURBIO";"COLISÃO TRASEIRA";"COLISÃO SEM VÍTIMA";2;0;0;0;0;0;0;0;0;0;0;"Longo da via";"Bom";"Não existe";"Perfeito estado";"Seca";"Perfeito estado";"Não existe";"R-6a";"60 km/h";"Dupla";"Canteiro central";"";""
"808";2020-01-27;"18:29:00";"COM VÍTIMA";"FINALIZADA";"IPSEP";"AV RECIFE";"";"";"LADO OPOSTO A PADARIA VILA DO PÃO";"IPSEP";NA;"CIDADE";"COLISÃO TRASEIRA";"ENTRE AUTO PASSEIO X CARROÇA COM VÍTIMA. APÓS A COLISÃO NA CARROÇA- ELA COLIDIU COM UM TERCEIRO ENVOLVIDO.";2;0;0;0;0;0;0;0;1;1;0;"Longo da via";"Bom";"Não existe";"Perfeito estado";"Seca";"Perfeito estado";"Não existe";"Outras";"60 km/h";"Dupla";"Faixa contínua";"Faixa seccionada";"Canteiro central"
"809";2020-01-27;"18:38:00";"COM VÍTIMA";"FINALIZADA";"ÁGUA FRIA";"RUA DA REGENERACAO";"333";"RUA BOM CONSELHO";"PROX. A CASA DE FERRAGENS JOSÉ LUIZ DA FONSECA";"ÁGUA FRIA";NA;"CIDADE";"COLISÃO FRONTAL";"COLISÃO COM VITIMA";2;1;0;0;0;0;0;0;0;1;0;"Cruzamento";"Bom";"Não existe";"Incompleta";"Seca";"";"Não existe";"Não há placas";"";"Dupla";"Não existe";"";""
"810";2020-01-27;"18:43:00";"SEM VÍTIMA";"FINALIZADA";"PINA";"AV HERCULANO BANDEIRA";"";"";"EM FRENTE AO ATACADO DOS PRESENTES";"PINA";660;"SUBURBIO";"ABALROAMENTO LONGITUDINAL";"ONIBUS BORBOREMA X RENAULT LOGAN";1;0;0;0;0;1;0;0;0;0;0;"Longo da via";"Bom";"Sem defeito";"Perfeito estado";"Seca";"Perfeito estado";"Faixa de pedestre";"";"";"Única";"Faixa contínua";"Faixa seccionada";""
"811";2020-01-27;"20:21:00";"COM VÍTIMA";"FINALIZADA";"IPSEP";"RUA ALDEMAR DE OLIVEIRA";"150";"RUA HELIO BRANDAO";"PROX A GUSTAVO VEICULOS DA AV. RECIFE";"IPSEP";NA;"";"ABALROAMENTO TRANSVERSAL";"ENTRE AUTO PASSEIO X MOTO COM VÍTIMA";1;1;0;0;0;0;0;0;0;2;0;"Cruzamento";"Bom";"Não existe";"Ilegível";"Seca";"Perfeito estado";"Faixa de retenção";"Não há placas";"";"Dupla";"Faixa contínua";"Faixa seccionada";""
"812";2020-01-27;"21:16:00";"SEM VÍTIMA";"FINALIZADA";"JAQUEIRA";"RUA SIMAO MENDES";"200";"";"FRENTE AO SAINT ELISIO";"JAQUEIRA";NA;"SUBURBIO";"COLISÃO TRASEIRA";"ENTRE DOIS AUTOS S/V";2;0;0;0;0;0;0;0;0;0;0;"Longo da via";"Bom";"Não existe";"Não existente";"Seca";"Perfeito estado";"Não existe";"";"40 km/h";"Dupla";"Não existe";"";""
"813";2020-01-27;"23:18:00";"SEM VÍTIMA";"FINALIZADA";"BOA VIAGEM";"RUA JOAO CARDOSO AIRES";"";"";"SEMÁFORO 478 / APÓS O COLÉGIO MADRE DE DEUS";"BOA VIAGEM";478;"SUBURBIO";"COLISÃO TRASEIRA";"HONDA HRV X SANDERO";2;0;0;0;0;0;0;0;0;0;0;"Longo da via";"Bom";"Sem defeito";"Perfeito estado";"Seca";"Perfeito estado";"Faixa de pedestre";"Outras";"";"Única";"Faixa seccionada";"Canteiro central";""
"814";2020-01-28;"07:05:00";"SEM VÍTIMA";"FINALIZADA";"AFOGADOS";"RUA COSME VIANA";"1801";"";"";"AFOGADOS";NA;"SUBURBIO";"COLISÃO TRASEIRA";"SEM VITIMAS";1;0;0;0;0;0;1;0;0;0;0;"Longo da via";"Bom";"Sem defeito";"Perfeito estado";"Seca";"Perfeito estado";"Faixa de pedestre";"R-6a";"";"Única";"Faixa seccionada";"";""
"815";2020-01-28;"07:07:00";"SEM VÍTIMA";"FINALIZADA";"CORDEIRO";"RUA ODETE MONTEIRO";"";"AV PROFESSOR ESTEVAO FRANCISCO DA COSTA";"POSTO PETROCAL";"CORDEIRO";NA;"CIDADE";"ABALROAMENTO LONGITUDINAL";"COLISÃO S/VITIMAS ENTRE DOIS AUTOS";2;0;0;0;0;0;0;0;0;0;0;"Cruzamento";"Bom";"Sem defeito";"Perfeito estado";"Seca";"Perfeito estado";"Faixa de pedestre";"";"";"Dupla";"Canteiro central";"";""
"816";2020-01-28;"07:23:00";"SEM VÍTIMA";"FINALIZADA";"BOA VIAGEM";"AVENIDA CELSO FURTADO (VIA MANGUE)";"";"";"SOBRE AV GENERAL MAC ARTHUR";"BOA VIAGEM";NA;"SUBURBIO";"ABALROAMENTO LONGITUDINAL";"SEM VITIMAS";2;0;0;0;0;0;0;0;0;0;0;"Longo da via";"Bom";"Não existe";"Perfeito estado";"Seca";"Perfeito estado";"Não existe";"Não há placas";"60 km/h";"Dupla";"Canteiro central";"";""
"817";2020-01-28;"07:49:00";"SEM VÍTIMA";"FINALIZADA";"ESPINHEIRO";"AV GOVERNADOR AGAMENON MAGALHAES";"";"RUA DR FERNANDO ALLAIN";"AO LADO DA JEEP";"ESPINHEIRO";NA;"";"ABALROAMENTO LONGITUDINAL";"COLISÃO S/VITIMAS ENTRE DOIS AUTOS";2;0;0;0;0;0;0;0;0;0;0;"";"Bom";"Não existe";"Perfeito estado";"Seca";"Perfeito estado";"Não existe";"Placas Pare";"";"Dupla";"Não existe";"";""
"818";2020-01-28;"08:11:00";"SEM VÍTIMA";"FINALIZADA";"JOANA BEZERRA";"VIADUTO CAPITAO TEMUDO";"";"";"SOBRE O VIADUTO";"JOANA BEZERRA";NA;"";"COLISÃO TRASEIRA";"ENGAVETAMENTO ENTRE TRES VEICULOS. SEM VITIMA";2;0;0;0;0;0;0;0;1;0;0;"Viaduto";"Bom";"Não existe";"Perfeito estado";"Seca";"Perfeito estado";"Não existe";"Não há placas";"60 km/h";"Dupla";"Faixa seccionada";"Canteiro central";""
"819";2020-01-28;"08:15:00";"SEM VÍTIMA";"FINALIZADA";"IMBIRIBEIRA";"AV MARECHAL MASCARENHAS DE MORAES";"1482";"";"LADO OPOSTO AO Nº 1482";"IMBIRIBEIRA";287;"CIDADE";"COLISÃO TRASEIRA";"DUAS MOTOS BATEDORES NO LOCAL INSP. ROMERO E BATISTUTA";0;2;0;0;0;0;0;0;0;0;0;"Longo da via";"Bom";"Sem defeito";"Perfeito estado";"Seca";"Perfeito estado";"Faixa de pedestre";"Não há placas";"60 km/h";"Dupla";"Canteiro central";"";""
"820";2020-01-28;"08:20:00";"COM VÍTIMA";"FINALIZADA";"IMBIRIBEIRA";"AV MARECHAL MASCARENHAS DE MORAES";"";"RUA NORUEGA";"EM FRENTE A MARAVILHA MOTOS";"IMBIRIBEIRA";631;"CIDADE";"ABALROAMENTO TRANSVERSAL";"COM UMA VITIMA -SAMU NO LOCAL/CTTU NO LOCAL/GM LEONALDO E ANDRE MANOEL";1;1;0;0;0;0;0;0;0;1;0;"Cruzamento";"Bom";"Sem defeito";"Perfeito estado";"Seca";"Perfeito estado";"Faixa de pedestre";"";"60 km/h";"Dupla";"Faixa contínua";"Canteiro central";""
"821";2020-01-28;"08:27:00";"COM VÍTIMA";"FINALIZADA";"VASCO DA GAMA";"RUA VASCO DA GAMA";"405";"";"";"VASCO DA GAMA";NA;"SUBURBIO";"COLISÃO COM CICLISTA";"MOTO E CICLISTA";0;1;0;1;0;0;0;0;0;1;0;"Longo da via";"Bom";"Não existe";"Incompleta";"Seca";"Perfeito estado";"Não existe";"Outras";"30 km/h";"Dupla";"Não existe";"";""
"822";2020-01-28;"08:47:00";"SEM VÍTIMA";"FINALIZADA";"SÃO JOSÉ";"C SANTA RITA";"";"";"GRANDE RECIFE E 16º BATALHÃO DA PM";"SÃO JOSÉ";NA;"SUBURBIO";"ABALROAMENTO LONGITUDINAL";"DOIS AUTOS";2;0;0;0;0;0;0;0;0;0;0;"Longo da via";"Bom";"Não existe";"Perfeito estado";"Seca";"Perfeito estado";"Não existe";"Não há placas";"60 km/h";"Dupla";"Canteiro central";"";""
"823";2020-01-28;"09:40:00";"SEM VÍTIMA";"FINALIZADA";"ESPINHEIRO";"RUA DA HORA";"348";"";"AO LADO DA HAPVIDA PEDRO DA HORA";"ESPINHEIRO";NA;"";"ABALROAMENTO LONGITUDINAL";"SEM VITIMAS";2;0;0;0;0;0;0;0;0;0;0;"Longo da via";"Bom";"Não existe";"Perfeito estado";"Seca";"Perfeito estado";"Outros";"R-6a";"";"Única";"";"";""
"824";2020-01-28;"09:58:00";"SEM VÍTIMA";"FINALIZADA";"BOA VISTA";"RUA DA MATRIZ";"130";"";"EM FRENTE BC INFORMÁTICA";"BOA VISTA";NA;"CIDADE";"ABALROAMENTO LONGITUDINAL";"SEM VITIMAS";1;1;0;0;0;0;0;0;0;0;0;"Longo da via";"Bom";"Não existe";"Perfeito estado";"Seca";"Perfeito estado";"Outros";"Outras";"";"Única";"Não existe";"";""
"825";2020-01-28;"11:39:00";"SEM VÍTIMA";"FINALIZADA";"MADALENA";"RUA BENFICA";"505";"RUA PROFESSOR BENEDITO MONTEIRO";"EM FRENTE AO CLUBE INTERNACIONAL";"MADALENA";NA;"CIDADE";"ABALROAMENTO LONGITUDINAL";"DOIS AUTOS";2;0;0;0;0;0;0;0;0;0;0;"Longo da via";"Bom";"Não existe";"Perfeito estado";"Seca";"Perfeito estado";"Não existe";"Outras";"30 km/h";"Única";"Faixa seccionada";"";""
"826";2020-01-28;"12:11:00";"SEM VÍTIMA";"PENDENTE";"AFOGADOS";"EST DOS REMEDIOS";"";"RUA VINTE E UM DE ABRIL";"EM FRENTE AO TERMINAL INTEGRAL DE AFOGADOS E MERCADÃO SR ANTONIO";"AFOGADOS";NA;"";"COLISÃO";"COLISÃO SEM VÍTIMA";2;0;0;0;0;0;0;0;0;0;0;"";"";"";"";"";"";"";"";"";"";"";"";""
"827";2020-01-28;"13:05:00";"SEM VÍTIMA";"FINALIZADA";"PINA";"AV ANTONIO DE GOES";"742";"";"EM FRENTE AO EMPRESARIAL JOPIN";"PINA";103;"CIDADE";"COLISÃO TRASEIRA";"COLISÃO SEM VÍTIMA";2;0;0;0;0;0;0;0;0;0;0;"Longo da via";"Bom";"Sem defeito";"Perfeito estado";"Seca";"Perfeito estado";"Agente";"";"60 km/h";"Única";"Canteiro central";"";""
"828";2020-01-28;"13:33:00";"SEM VÍTIMA";"FINALIZADA";"MUSTARDINHA";"AV MANOEL GONCALVES DA LUZ";"321";"RUA ANA OTILIA DE FARIAS";"PROX. DO SESI";"MUSTARDINHA";NA;"SUBURBIO";"ABALROAMENTO TRANSVERSAL";"COLISÃO SEM VITIMA";1;1;0;0;0;0;0;0;0;0;0;"";"Bom";"Não existe";"Perfeito estado";"Seca";"Perfeito estado";"";"Placas Pare";"";"Dupla";"Faixa seccionada";"";""
"829";2020-01-28;"13:47:00";"COM VÍTIMA";"FINALIZADA";"ENCRUZILHADA";"EST DE BELEM";"175";"RUA DONA JULIETA";"PROX A ESCOLA PROFESSOR OLIVIO MONTENEGRO. AO LADO DA IGREJA DE BELÉM.";"ENCRUZILHADA";NA;"CIDADE";"ABALROAMENTO TRANSVERSAL";"MOTO X SAVEIRO OBS : BOMBEIRO NO LOCAL INFORMOU QUE A FRATURA FOI EXPOSTA";1;1;0;0;0;0;0;0;0;1;0;"Esquina";"Bom";"Não existe";"Perfeito estado";"Seca";"Perfeito estado";"Outros";"R-6a";"";"Dupla";"Faixa contínua";"Faixa seccionada";""
"830";2020-01-28;"14:07:00";"SEM VÍTIMA";"FINALIZADA";"CORDEIRO";"AV CAXANGA";"1252";"";"FARMÁCIA DROGASIL";"CORDEIRO";NA;"SUBURBIO";"COLISÃO TRASEIRA";"COLISÃO SEM VÍTIMA";2;0;0;0;0;0;0;0;0;0;0;"Longo da via";"Bom";"Não existe";"Perfeito estado";"Seca";"Perfeito estado";"Não existe";"Outras";"";"Dupla";"Faixa contínua";"Faixa seccionada";"Canteiro central"
"831";2020-01-28;"14:49:00";"SEM VÍTIMA";"FINALIZADA";"ILHA DO RETIRO";"EST DOS REMEDIOS";"1955";"";"HC PNEUS PRÓXIMO";"ILHA DO RETIRO";NA;"SUB/CID";"ABALROAMENTO LONGITUDINAL";"COLISÃO SEM VÍTIMA";2;0;0;0;0;0;0;0;0;0;0;"Longo da via";"Bom";"";"Perfeito estado";"Seca";"Perfeito estado";"";"";"60 km/h";"Única";"";"";""
"832";2020-01-28;"15:15:00";"COM VÍTIMA";"FINALIZADA";"BOA VIAGEM";"RUA DR LUIZ CORREA DE OLIVEIRA";"231";"RUA EVARISTO CARNEIRO LEAO";"NA ESQUINA SO SQUASH CENTER ACADEMIA DE TENNIS";"BOA VIAGEM";NA;"CIDADE";"COLISÃO FRONTAL";"COLISÃO COM VITIMA";1;1;0;0;0;0;0;0;0;2;0;"Cruzamento";"Bom";"Não existe";"Não existente";"Seca";"Perfeito estado";"Não existe";"Não há placas";"";"Dupla";"Não existe";"";""
"833";2020-01-28;"15:22:00";"SEM VÍTIMA";"FINALIZADA";"SANTO AMARO";"AV DR JAYME DA FONTE";"18";"";"EM FRENTE AO Nº 18";"SANTO AMARO";NA;"SUBURBIO";"ABALROAMENTO LONGITUDINAL";"COLISÃO SEM VÍTIMA";1;0;0;0;0;1;0;0;0;0;0;"Longo da via";"Bom";"Não existe";"Perfeito estado";"Seca";"Perfeito estado";"Não existe";"R-6a";"";"Dupla";"Faixa seccionada";"Canteiro central";""
"834";2020-01-28;"15:25:00";"SEM VÍTIMA";"CANCELADA";"IPSEP";"RUA DANCING DAYS";"400";"";"AO LADO DO ARMAZEM DE CONSTRUÇÃO E NARA MIX";"IPSEP";NA;"";"COLISÃO";"COLISÃO SEM VITIMA";1;0;0;0;0;1;0;0;0;0;0;"";"";"";"";"";"";"";"";"";"";"";"";""