"";"data";"hora";"natureza_acidente";"situacao";"bairro";"endereco";"numero";"detalhe_endereco_acidente";"complemento";"bairro_cruzamento";"num_semaforo";"sentido_via";"tipo";"descricao";"auto";"moto";"ciclom";"ciclista";"pedestre";"onibus";"caminhao";"viatura";"outros";"vitimas";"vitimasfatais";"acidente_verificado";"tempo_clima";"situacao_semaforo";"sinalizacao";"condicao_via";"conservacao_via";"ponto_controle";"situacao_placa";"velocidade_max_via";"mao_direcao";"divisao_via1";"divisao_via2";"divisao_via3"
"1114";2020-02-06;"16:20:00";"COM VÍTIMA";"FINALIZADA";"IMBIRIBEIRA";"AV MARECHAL MASCARENHAS DE MORAES";"";"";"NO TRECHO ENTRE O AEROPORTO ATÉ A HOTEL IBIS E O EDF. GARAGEM DO AEROPORTO- EMBAIXO DA ALÇA DE RETORNO DO AEROPORTO";"IMBIRIBEIRA";NA;"SUBURBIO";"ABALROAMENTO TRANSVERSAL";"COLISÃO COM VÍTIMA ENTRE TRÊS VEICULOS";1;1;0;0;0;0;1;0;0;1;0;"Longo da via";"Bom";"Não existe";"Perfeito estado";"Seca";"Perfeito estado";"";"Não há placas";"60 km/h";"Única";"";"";""
"1115";2020-02-06;"16:24:00";"SEM VÍTIMA";"FINALIZADA";"JORDÃO";"AV MARIA IRENE";"255";"";"FRENTE AO ATACAREJO JORDÃO";"JORDÃO";NA;"CIDADE";"COLISÃO TRASEIRA";"COLISAO SEM VITIMAS";2;0;0;0;0;0;0;0;0;0;0;"Longo da via";"Bom";"Não existe";"Perfeito estado";"Seca";"Perfeito estado";"Faixa de pedestre";"R-6a";"";"Dupla";"Faixa contínua";"";""
"1116";2020-02-06;"16:26:00";"COM VÍTIMA";"FINALIZADA";"ÁGUA FRIA";"RUA MANOEL SILVA";"22";"";"";"ÁGUA FRIA";NA;"CIDADE";"ATROPELAMENTO";"MOTO E PEDESTRE.";0;1;0;0;1;0;0;0;0;2;0;"Longo da via";"Bom";"Não existe";"Não existente";"Seca";"Mal conservada";"Não existe";"Não há placas";"";"Dupla";"Não existe";"";""
"1117";2020-02-06;"16:35:00";"SEM VÍTIMA";"CANCELADA";"AFLITOS";"AV CONS ROSA E SILVA";"1305";"";"LADO OPOSTO DO THE BRITISH COUNTRY CLUB/ NO ESTACIONAMENTO DA PARLA DELI";"AFLITOS";NA;"";"COLISÃO";"SEM VITIMA";1;1;0;0;0;0;0;0;0;0;0;"";"";"";"";"";"";"";"";"";"";"";"";""
"1118";2020-02-06;"16:56:00";"COM VÍTIMA";"DUPLICIDADE";"IMBIRIBEIRA";"AV MARECHAL MASCARENHAS DE MORAES";"";"";"E/F AO AEROPORTO DO RECIFE (SENT. PRAZERES)";"IMBIRIBEIRA";NA;"";"COLISÃO";"COLISÃO C/VITIMAS ENTRE UMA MOTO-UM AUTO E UM CAMINHÃO (V.T23 E V.T 20 NO QTH)";1;1;0;0;0;0;1;0;0;1;0;"";"";"";"";"";"";"";"";"";"";"";"";""
"1119";2020-02-06;"17:25:00";"SEM VÍTIMA";"FINALIZADA";"";"RUA DO HOSPICIO";"";"RUA PRINCESA IZABEL";"EM FRENTE A CAMARA DE VEREADORES";"";NA;"CIDADE";"COLISÃO TRASEIRA";"COLISÃO SEM VÍTIMA";1;1;0;0;0;0;0;0;0;0;0;"Longo da via";"Bom";"Sem defeito";"Perfeito estado";"Seca";"";"Não existe";"";"";"Dupla";"Não existe";"";""
"1120";2020-02-06;"17:29:00";"SEM VÍTIMA";"CANCELADA";"IMBIRIBEIRA";"AV MARECHAL MASCARENHAS DE MORAES";"";"";"E/F A HONDA/ AEROPORTO";"IMBIRIBEIRA";NA;"";"COLISÃO";"COLISAO SEM VITIMAS";2;0;0;0;0;0;0;0;0;0;0;"";"";"";"";"";"";"";"";"";"";"";"";""
"1121";2020-02-06;"18:06:00";"COM VÍTIMA";"FINALIZADA";"DOIS IRMÃOS";"RUA DOIS IRMAOS";"";"";"AO LADO DO CAMPO DA UNIVERSIDADE DA RURAL";"DOIS IRMÃOS";NA;"SUBURBIO";"COLISÃO COM CICLISTA";"ENTRE BICICLETA E CAMINHÃO. C/V";0;0;0;1;0;0;1;0;0;1;0;"Longo da via";"Bom";"Não existe";"Incompleta";"Seca";"Mal conservada";"Não existe";"Não há placas";"";"Dupla";"Não existe";"";""
"1122";2020-02-06;"18:11:00";"SEM VÍTIMA";"CANCELADA";"BOA VIAGEM";"AVENIDA CELSO FURTADO (VIA MANGUE)";"";"";"PROXIMO UMA LOMBADA ELETRONICA/ STD BOA VIAGEM";"BOA VIAGEM";NA;"";"ENGAVETAMENTO";"TRÊS AUTOS S/V";3;0;0;0;0;0;0;0;0;0;0;"";"";"";"";"";"";"";"";"";"";"";"";""
"1123";2020-02-06;"18:21:00";"SEM VÍTIMA";"FINALIZADA";"JAQUEIRA";"AV CONS ROSA E SILVA";"";"RUA NETO DE MENDONCA";"PADARIA JAQUEIRA";"JAQUEIRA";NA;"SUBURBIO";"ABALROAMENTO LONGITUDINAL";"ENTRE ÕNIBUS E AUTO. S/V";1;0;0;0;0;1;0;0;0;0;0;"Longo da via";"Bom";"Não existe";"";"Seca";"Perfeito estado";"Não existe";"Outras";"";"Única";"Faixa contínua";"";""
"1124";2020-02-06;"18:31:00";"SEM VÍTIMA";"FINALIZADA";"PINA";"AV REPUBLICA ARABE UNIDA";"";"";"16º BATALHÃO DA POLÍCIA MILITAR";"PINA";NA;"CIDADE";"ABALROAMENTO LONGITUDINAL";"ENTRE 2 AUTOS. S/V";2;0;0;0;0;0;0;0;0;0;0;"Longo da via";"Bom";"Não existe";"Perfeito estado";"Seca";"Perfeito estado";"Faixa de pedestre";"";"";"Única";"Não existe";"";""
"1125";2020-02-06;"18:33:00";"SEM VÍTIMA";"FINALIZADA";"MACAXEIRA";"AV NORTE";"";"";"EM FRENTE AO SEMÁFORO 596";"MACAXEIRA";596;"CIDADE";"COLISÃO TRASEIRA";"ENTRE DOIS AUTOS S/V";2;0;0;0;0;0;0;0;0;0;0;"Longo da via";"Bom";"Sem defeito";"Perfeito estado";"Seca";"Perfeito estado";"Não existe";"Não há placas";"";"Dupla";"Faixa seccionada";"";""
"1126";2020-02-06;"19:30:00";"COM VÍTIMA";"FINALIZADA";"SANTO AMARO";"AV MARIO MELO";"";"RUA SAO GERALDO";"E/F AO COLEGIO SYLVIO RABELLO";"SANTO AMARO";NA;"SUBURBIO";"ABALROAMENTO LONGITUDINAL";"ENTRE MT-41 X MOTO COM VÍTIMA";0;2;0;0;0;0;0;0;0;2;0;"Esquina";"Bom";"Não existe";"Perfeito estado";"Seca";"Perfeito estado";"Faixa de pedestre";"Placas Pare";"";"Dupla";"Faixa seccionada";"Canteiro central";"Outros"
"1127";2020-02-06;"20:04:00";"SEM VÍTIMA";"FINALIZADA";"SANTO AMARO";"AV JOAO DE BARROS";"";"RUA DR CARLOS CHAGAS";"";"SANTO AMARO";NA;"";"ABALROAMENTO TRANSVERSAL";"ENTRE AUTO PASSEIO X MOTO COM VÍTIMA";1;1;0;0;0;0;0;0;0;0;0;"Longo da via";"Bom";"Não existe";"Perfeito estado";"Seca";"Perfeito estado";"Outros";"Outras";"";"Única";"Faixa seccionada";"Blocos";""
"1128";2020-02-06;"20:12:00";"SEM VÍTIMA";"CANCELADA";"IMBIRIBEIRA";"AV MARECHAL MASCARENHAS DE MORAES";"";"";"PRÓX A UPA- SNT PRAZERES / E/F AO DR";"IMBIRIBEIRA";NA;"";"COLISÃO";"ÕNIBUS X AUTO PASSEIO. S/V";1;0;0;0;0;1;0;0;0;0;0;"";"";"";"";"";"";"";"";"";"";"";"";""
"1129";2020-02-07;"08:01:00";"COM VÍTIMA";"FINALIZADA";"SANTO AMARO";"AV PREFEITO ARTUR LIMA CAVALCANTI";"";"RUA AURORA";"APOS A PONTE";"SANTO AMARO";243;"OLINDA";"COLISÃO";"COLISAO COM VITIMA// VEICULO E MOTO. VT: 21 E 08 GM: MAXUEL E PETERSON NO LOCAL";1;1;0;0;0;0;0;0;0;1;0;"Longo da via";"Bom";"Não existe";"Perfeito estado";"Seca";"Perfeito estado";"Não existe";"Outras";"";"Dupla";"Canteiro central";"";""
"1130";2020-02-07;"08:03:00";"SEM VÍTIMA";"FINALIZADA";"PINA";"RUA MANOEL CORIOLANO";"378";"";"EM FRENTE AO ESTACIONAMENTO SANPARK";"PINA";NA;"";"COLISÃO FRONTAL";"MOTO E AUTO";1;1;0;0;0;0;0;0;0;0;0;"Longo da via";"Bom";"Não existe";"Perfeito estado";"Seca";"Perfeito estado";"Não existe";"";"30 km/h";"Dupla";"Faixa contínua";"";""
"1131";2020-02-07;"07:55:00";"SEM VÍTIMA";"FINALIZADA";"JARDIM SÃO PAULO";"RUA ITALACY";"188";"";"IGREJA ASSEMBLEIA DE DEUS";"JARDIM SÃO PAULO";NA;"";"CHOQUE VEÍCULO PARADO";"SEM VITIMAS";1;0;0;0;0;0;1;0;0;0;0;"Longo da via";"Bom";"Não existe";"";"Seca";"Perfeito estado";"";"";"";"Dupla";"Não existe";"";""
"1132";2020-02-07;"08:04:00";"COM VÍTIMA";"FINALIZADA";"MANGUEIRA";"RUA MANOEL DE ALBUQUERQUE FERNANDES";"1364";"RUA VICENTE RIBEIRO DE BARROS";"E/F DROGARIA BONGI";"MANGUEIRA";NA;"CIDADE";"ATROPELAMENTO";"AUTO";1;0;0;0;1;0;0;0;0;1;0;"Longo da via";"Bom";"Não existe";"Não existente";"Seca";"Perfeito estado";"Não existe";"Não há placas";"";"Dupla";"Não existe";"";""
"1133";2020-02-07;"08:55:00";"SEM VÍTIMA";"FINALIZADA";"SANTO AMARO";"AV NORTE";"627";"";"";"SANTO AMARO";NA;"CIDADE";"COLISÃO TRASEIRA";"COLISÃO S/VITIMAS ENTRE UM ONIBUS E UM AUTO (BATEDOR FELISBERTO NO QTH)";1;0;0;0;0;1;0;0;0;0;0;"Longo da via";"Bom";"Não existe";"Perfeito estado";"Seca";"Perfeito estado";"Não existe";"Não há placas";"60 km/h";"Dupla";"Canteiro central";"";""
"1134";2020-02-07;"09:08:00";"SEM VÍTIMA";"FINALIZADA";"MADALENA";"RUA REAL DA TORRE";"955";"RUA COSTA GOMES";"EDF MARIA CAROLINA MONTENEGRO";"MADALENA";NA;"CIDADE";"ABALROAMENTO LONGITUDINAL";"SEM VITIMAS";2;0;0;0;0;0;0;0;0;0;0;"Longo da via";"Bom";"Não existe";"Perfeito estado";"Seca";"Perfeito estado";"Não existe";"Placas Pare";"";"Única";"Faixa seccionada";"";""
"1135";2020-02-07;"09:11:00";"SEM VÍTIMA";"FINALIZADA";"SÃO JOSÉ";"AV SUL";"";"";"PRÓX. A SECRETARIA DA FAZENDA";"SÃO JOSÉ";NA;"CIDADE";"COLISÃO TRASEIRA";"COLISAO S/ VITIMA. ENTRE DOIS VEICULOS";2;0;0;0;0;0;0;0;0;0;0;"Longo da via";"Bom";"Não existe";"Perfeito estado";"Seca";"Perfeito estado";"Não existe";"Não há placas";"";"Dupla";"Faixa seccionada";"Canteiro central";""
"1136";2020-02-07;"09:39:00";"SEM VÍTIMA";"FINALIZADA";"AFOGADOS";"RUA SAO MIGUEL";"432";"";"";"AFOGADOS";NA;"CIDADE";"ABALROAMENTO LONGITUDINAL";"COLISÃO S/VITIMAS ENTRE UM CAMINHÃO E UM AUTO (V.T 17 NO QTH)";1;0;0;0;0;1;0;0;0;0;0;"Longo da via";"Bom";"Não existe";"Perfeito estado";"Seca";"Perfeito estado";"Não existe";"Não há placas";"";"Dupla";"Faixa contínua";"";""
"1137";2020-02-07;"11:18:00";"SEM VÍTIMA";"FINALIZADA";"BOA VIAGEM";"AV DOM JOAO VI";"968";"";"BIG BOMPREÇO";"BOA VIAGEM";670;"CIDADE";"ABALROAMENTO LONGITUDINAL";"COLISÃO S/VITIMAS ENTRE UM CAMINHÃO E UM AUTO";1;0;0;0;0;0;1;0;0;0;0;"Longo da via";"Bom";"Sem defeito";"Perfeito estado";"Seca";"Perfeito estado";"Não existe";"Não há placas";"";"Dupla";"Canal";"";""
"1138";2020-02-07;"11:53:00";"SEM VÍTIMA";"FINALIZADA";"IMBIRIBEIRA";"AV MARECHAL MASCARENHAS DE MORAES";"5001";"";"MOTO HOUSE";"IMBIRIBEIRA";NA;"CIDADE";"ABALROAMENTO LONGITUDINAL";"COLISÃO S/VITIMAS ENTRE UM ONIBUS E UM AUTO";1;0;0;0;0;1;0;0;0;0;0;"Longo da via";"Bom";"Não existe";"Perfeito estado";"Seca";"Perfeito estado";"Não existe";"Outras";"60 km/h";"Dupla";"Faixa contínua";"Faixa seccionada";"Canteiro central"
"1139";2020-02-07;"11:57:00";"COM VÍTIMA";"FINALIZADA";"MADALENA";"AV BEIRA RIO";"1041";"";"EM FRENTE AO EDF ENGENHO MADALENA";"MADALENA";NA;"TORRE";"ABALROAMENTO LONGITUDINAL";"COM UMA VITIMA AGUARDANDO SAMU";1;1;0;0;0;0;0;0;0;1;0;"Longo da via";"Bom";"Não existe";"Perfeito estado";"Seca";"";"Não existe";"Não há placas";"30 km/h";"Dupla";"Faixa seccionada";"";""
"1140";2020-02-07;"11:57:00";"SEM VÍTIMA";"FINALIZADA";"ARRUDA";"RUA DO MACHADO";"";"RUA MANOEL SILVA";"";"ARRUDA";NA;"";"ABALROAMENTO TRANSVERSAL";"COLISAO S/ VITIMA ENTRE DOIS VEICULOS";2;0;0;0;0;0;0;0;0;0;0;"Cruzamento";"Bom";"Não existe";"Perfeito estado";"Seca";"Perfeito estado";"Faixa de retenção";"Placas Pare";"";"Dupla";"Faixa seccionada";"";""
"1141";2020-02-07;"12:19:00";"SEM VÍTIMA";"FINALIZADA";"IMBIRIBEIRA";"AV MARECHAL MASCARENHAS DE MORAES";"2156";"RUA NAPOLIS";"";"IMBIRIBEIRA";NA;"SUBURBIO";"ABALROAMENTO LONGITUDINAL";"COLISAO SEM VITIMAS";1;0;0;0;0;0;1;0;0;0;0;"Cruzamento";"Bom";"Não existe";"Perfeito estado";"Seca";"Perfeito estado";"Não existe";"Não há placas";"60 km/h";"Dupla";"Canteiro central";"";""
"1142";2020-02-07;"12:29:00";"SEM VÍTIMA";"FINALIZADA";"DERBY";"AV GOVERNADOR AGAMENON MAGALHAES";"";"RUA HENRIQUE DIAS";"SOB O SEMÁFORO 068";"DERBY";68;"SUBURBIO";"COLISÃO TRASEIRA";"QUATROS AUTOS S/V";4;0;0;0;0;0;0;0;0;0;0;"Cruzamento";"Bom";"Sem defeito";"Perfeito estado";"Seca";"Perfeito estado";"";"Outras";"60 km/h";"Única";"Faixa seccionada";"";""
"1143";2020-02-07;"12:35:00";"SEM VÍTIMA";"FINALIZADA";"DERBY";"AV GOVERNADOR AGAMENON MAGALHAES";"";"";"E/F A PRAÇA DO DERBY";"DERBY";75;"CIDADE";"ABALROAMENTO LONGITUDINAL";"COLISAO SEM VITIMAS";1;0;0;0;0;1;0;0;0;0;0;"Longo da via";"Bom";"Sem defeito";"Perfeito estado";"Seca";"Perfeito estado";"Não existe";"Não há placas";"60 km/h";"Dupla";"Canteiro central";"";""
"1144";2020-02-07;"13:05:00";"SEM VÍTIMA";"FINALIZADA";"PARNAMIRIM";"RUA JOAO TUDE DE MELO";"";"";"E/F AO SHOPPING PARNAMIRIM";"PARNAMIRIM";NA;"SUBURBIO";"COLISÃO TRASEIRA";"COLISAO SEM VITIMAS";3;0;0;0;0;0;0;0;0;0;0;"Longo da via";"Bom";"Não existe";"Perfeito estado";"Seca";"Perfeito estado";"Não existe";"Não há placas";"40 km/h";"Dupla";"Canteiro central";"";""
"1145";2020-02-07;"13:14:00";"SEM VÍTIMA";"FINALIZADA";"IMBIRIBEIRA";"RUA SARGENTO SILVINO DE MACEDO";"481";"";"EM FRENTE AO CAMPO";"IMBIRIBEIRA";NA;"SUBURBIO";"COLISÃO TRASEIRA";"COLISAO SEM VITIMAS";2;0;0;0;0;0;0;0;0;0;0;"Longo da via";"Bom";"Não existe";"Não existente";"Seca";"Perfeito estado";"Não existe";"Não há placas";"";"Dupla";"Não existe";"";""
"1146";2020-02-07;"13:17:00";"COM VÍTIMA";"FINALIZADA";"ILHA DO LEITE";"AV GOVERNADOR AGAMENON MAGALHAES";"4581";"RUA GENERAL JOAQUIM INACIO";"";"ILHA DO LEITE";69;"CIDADE";"COLISÃO TRASEIRA";"COLISÃO COM VITIMA";1;1;0;0;0;0;0;0;0;1;0;"Longo da via";"Bom";"Sem defeito";"Perfeito estado";"Seca";"Perfeito estado";"Agente";"Outras";"60 km/h";"Dupla";"Canal";"";""
"1147";2020-02-07;"13:50:00";"SEM VÍTIMA";"CANCELADA";"CASA AMARELA";"RUA FERNANDO DE SOUZA CAETE";"301";"";"E/F A PRAÇA DO TRABALHO";"CASA AMARELA";NA;"";"CHOQUE OBJETO FIXO";"VEICULO COLIDIU COM A PAREDE/ VEICULO DA DICON E SEMOC";1;0;0;0;0;0;0;0;0;0;0;"";"";"";"";"";"";"";"";"";"";"";"";""
"1148";2020-02-07;"14:23:00";"SEM VÍTIMA";"FINALIZADA";"AREIAS";"AV RECIFE";"";"AV CAPITAO GREGORIO DE CALDAS";"BIG BROMPREÇO";"AREIAS";494;"SUBURBIO";"ABALROAMENTO TRANSVERSAL";"COLISAO SEM VITIMAS";1;0;0;0;0;1;0;0;0;0;0;"Longo da via";"Bom";"Sem defeito";"Perfeito estado";"Seca";"Perfeito estado";"Faixa de pedestre";"Outras";"";"Única";"Faixa seccionada";"";""
"1149";2020-02-07;"14:51:00";"SEM VÍTIMA";"FINALIZADA";"BOA VISTA";"RUA DA SOLEDADE";"";"";"SOB O SEMÁFORO Nº 220";"BOA VISTA";220;"SUBURBIO";"ABALROAMENTO LONGITUDINAL";"ENTRE DOIS AUTOS S/V";2;0;0;0;0;0;0;0;0;0;0;"Longo da via";"Bom";"Sem defeito";"Perfeito estado";"Seca";"Perfeito estado";"Faixa de pedestre";"R-6a";"";"Única";"Não existe";"";""
"1150";2020-02-07;"14:57:00";"COM VÍTIMA";"FINALIZADA";"IMBIRIBEIRA";"RUA ITAJAI";"";"RUA ITACARI";"PPR TRÁS DA MOVIDA/ AO LADO DO ITAU";"IMBIRIBEIRA";NA;"SUBURBIO";"ABALROAMENTO LONGITUDINAL";"ENTRE AUTO PASSEIO X MOTO COM VÍTIMA";1;1;0;0;0;0;0;0;0;1;0;"Cruzamento";"Bom";"Não existe";"Perfeito estado";"Seca";"Perfeito estado";"Não existe";"Não há placas";"";"Única";"Faixa contínua";"";""
"1151";2020-02-07;"15:11:00";"SEM VÍTIMA";"FINALIZADA";"AFOGADOS";"RUA SANTOS ARAUJO";"";"";"POSTO BRAZ PETRO";"AFOGADOS";333;"";"COLISÃO TRASEIRA";"ENTRE AUTO PASSEIO X MOTO S/V";1;1;0;0;0;0;0;0;0;0;0;"Longo da via";"Bom";"Sem defeito";"Perfeito estado";"Seca";"Perfeito estado";"Faixa de pedestre";"Outras";"";"Única";"Faixa seccionada";"";""
"1152";2020-02-07;"15:14:00";"COM VÍTIMA";"FINALIZADA";"BOA VISTA";"RUA DO PROGRESSO";"465";"RUA GONCALVES MAIA";"E/F AO CONSULADO AMERICANO. VILLA EMPRESARIAL BOA VISTA.";"BOA VISTA";NA;"AV. MANOEL BORBA";"ABALROAMENTO LONGITUDINAL";"COLISAO COM VITIMAS";1;1;0;0;0;0;0;0;0;1;0;"Cruzamento";"Bom";"Não existe";"Incompleta";"Seca";"Perfeito estado";"Não existe";"Outras";"40 km/h";"Única";"Não existe";"";""
"1153";2020-02-07;"15:44:00";"SEM VÍTIMA";"FINALIZADA";"BOA VIAGEM";"AV CONSELHEIRO AGUIAR";"";"RUA CORONEL BENEDITO CHAVES";"";"BOA VIAGEM";114;"";"ABALROAMENTO TRANSVERSAL";"COLISAO SEM VITIMAS";2;0;0;0;0;0;0;0;0;0;0;"Cruzamento";"Bom";"Sem defeito";"Perfeito estado";"Seca";"Perfeito estado";"Faixa de pedestre";"Outras";"60 km/h";"Única";"Faixa contínua";"";""
"1154";2020-02-07;"15:52:00";"SEM VÍTIMA";"CANCELADA";"CORDEIRO";"AV ENGENHEIRO ABDIAS DE CARVALHO";"";"";"E/F AO CAMARAO DO LEO";"CORDEIRO";NA;"CIDADE";"COLISÃO";"COLISAO SEM VITIMAS";2;0;0;0;0;0;0;0;0;0;0;"";"";"";"";"";"";"";"";"";"";"";"";""
"1155";2020-02-07;"16:13:00";"SEM VÍTIMA";"CANCELADA";"BOA VIAGEM";"RUA ATLANTICO";"";"";"E/F AO BODE PRAIA";"BOA VIAGEM";NA;"";"COLISÃO";"COLISAO SEM VITIMAS";2;0;0;0;0;0;0;0;0;0;0;"";"";"";"";"";"";"";"";"";"";"";"";""
"1156";2020-02-07;"16:45:00";"COM VÍTIMA";"FINALIZADA";"CAMPO GRANDE";"RUA OLIVEIRA FONSECA";"";"RUA MARQUES DE ABRANTES";"PROX A IGREJA NOSSA SENHORA DO BOM PARTO";"CAMPO GRANDE";NA;"SUBURBIO";"ABALROAMENTO TRANSVERSAL";"COLISAO COM VITIMAS";0;1;0;0;0;1;0;0;0;2;0;"Cruzamento";"Bom";"Não existe";"Incompleta";"Seca";"Perfeito estado";"Não existe";"Não há placas";"";"Dupla";"Não existe";"";""
"1157";2020-02-07;"16:46:00";"SEM VÍTIMA";"PENDENTE";"CASA AMARELA";"AV DR EURICO CHAVES";"712";"";"E/F A IGREJA CATOLICA DE CASA AMARELA";"CASA AMARELA";NA;"";"COLISÃO";"ENTRE MOTO X AUTO PASSEIO S/V";1;1;0;0;0;0;0;0;0;0;0;"";"";"";"";"";"";"";"";"";"";"";"";""
"1158";2020-02-07;"17:21:00";"SEM VÍTIMA";"CANCELADA";"ÁGUA FRIA";"AV BEBERIBE";"2306";"";"E/F AO SUPERMERCADO DOIS IRMÃOS";"ÁGUA FRIA";NA;"";"COLISÃO";"ENTRE DOIS AUTOS S/V";2;0;0;0;0;0;0;0;0;0;0;"";"";"";"";"";"";"";"";"";"";"";"";""
"1159";2020-02-07;"17:39:00";"COM VÍTIMA";"FINALIZADA";"ILHA JOANA BEZERRA";"VIADUTO CAPITAO TEMUDO";"";"";"PROXIMO A PASSARELA E AO FÓRUM JOANA BEZERRA";"ILHA JOANA BEZERRA";NA;"SUBURBIO";"ATROPELAMENTO";"COLISÃO COM VÍTIMA";0;1;0;0;1;0;0;0;0;2;0;"Longo da via";"Bom";"Não existe";"Perfeito estado";"Seca";"Perfeito estado";"Não existe";"Não há placas";"";"Dupla";"Faixa seccionada";"Canteiro central";""
"1160";2020-02-07;"17:46:00";"COM VÍTIMA";"FINALIZADA";"CORDEIRO";"EST DO FORTE DO ARRAIAL N. DO B. JESUS";"";"RUA PROFESSORA LAURA FERREIRA DA COSTA";"E/F A PRC DO QUINZE. andreza ótica";"CORDEIRO";NA;"SUBURBIO";"ABALROAMENTO TRANSVERSAL";"ENTRE AUTO PASSEIO X MOTO COM VÍTIMA";1;1;0;0;0;0;0;0;0;1;0;"Cruzamento";"Bom";"Não existe";"Incompleta";"Seca";"Perfeito estado";"Não existe";"Não há placas";"";"Dupla";"Faixa contínua";"";""
"1161";2020-02-07;"18:20:00";"SEM VÍTIMA";"FINALIZADA";"IMBIRIBEIRA";"AV MARECHAL MASCARENHAS DE MORAES";"";"";"SEMINOVOS MOVIDA";"IMBIRIBEIRA";255;"SUBURBIO";"ABALROAMENTO LONGITUDINAL";"DOIS AUTOS";2;0;0;0;0;0;0;0;0;0;0;"Longo da via";"Bom";"Sem defeito";"Perfeito estado";"Seca";"Perfeito estado";"Faixa de pedestre";"Outras";"60 km/h";"Dupla";"Faixa seccionada";"Canteiro central";""
"1162";2020-02-07;"18:25:00";"SEM VÍTIMA";"FINALIZADA";"AFOGADOS";"AV SUL";"";"RUA NICOLAU PEREIRA";"AO LADO DA CLÍNICA AGAMENON MAGALHÃES";"AFOGADOS";NA;"";"ABALROAMENTO LONGITUDINAL";"AUTO PASSEIO X CAMINHÃO S/V";1;0;0;0;0;0;1;0;0;0;0;"Longo da via";"Bom";"Não existe";"Perfeito estado";"Seca";"Mal conservada";"Não existe";"Não há placas";"";"Única";"Faixa seccionada";"";""
"1163";2020-02-07;"19:01:00";"COM VÍTIMA";"CANCELADA";"IPSEP";"RUA JEAN EMILE FAVRE";"840";"";"E/F AO ARCOMIX";"IPSEP";NA;"";"COLISÃO";"ENTRE AUTO PASSEIO X MOTO COM VÍTIMA";1;1;0;0;0;0;0;0;0;1;0;"";"";"";"";"";"";"";"";"";"";"";"";""
"1164";2020-02-07;"19:02:00";"SEM VÍTIMA";"FINALIZADA";"VÁRZEA";"AV AFONSO OLINDENSE";"";"AV CAXANGA";"";"VÁRZEA";NA;"SUBURBIO";"ABALROAMENTO LONGITUDINAL";"ONIBUS METROPOLITANA X HYUNDAI SANTAFE";1;0;0;0;0;1;0;0;0;0;0;"Cruzamento";"Bom";"Sem defeito";"Perfeito estado";"Seca";"Perfeito estado";"Faixa de pedestre";"Outras";"30 km/h";"Dupla";"Faixa contínua";"";""
"1165";2020-02-07;"20:39:00";"SEM VÍTIMA";"FINALIZADA";"TORRE";"RUA MARQUES DE MARICA";"187";"";"";"TORRE";NA;"SUBURBIO";"ABALROAMENTO LONGITUDINAL";"FIAT TORO X PRISMA";2;0;0;0;0;0;0;0;0;0;0;"Longo da via";"Bom";"Sem defeito";"Perfeito estado";"Seca";"Perfeito estado";"";"";"";"Dupla";"Faixa seccionada";"";""
"1166";2020-02-07;"20:44:00";"SEM VÍTIMA";"FINALIZADA";"TEJIPIÓ";"AV DR JOSE RUFINO";"";"RUA DO SANCHO";"ESTAÇÃO DE METRO TEJIPIO";"TEJIPIÓ";434;"SUBURBIO";"ABALROAMENTO LONGITUDINAL";"ENTRE ONIBUS X AUTO PASSEIO S/V";1;0;0;0;0;1;0;0;0;0;0;"Longo da via";"Bom";"Sem defeito";"Perfeito estado";"Seca";"Perfeito estado";"Faixa de pedestre";"Outras";"";"Dupla";"Faixa contínua";"";""
"1167";2020-02-07;"21:28:00";"SEM VÍTIMA";"FINALIZADA";"DERBY";"AV GOVERNADOR AGAMENON MAGALHAES";"";"RUA AMAURI DE MEDEIROS";"";"DERBY";NA;"";"COLISÃO TRASEIRA";"ENTRE AUTO PASSEIO X ONIBUS S/V";1;0;0;0;0;1;0;0;0;0;0;"Longo da via";"Bom";"Não existe";"Perfeito estado";"Seca";"Perfeito estado";"Não existe";"Não há placas";"60 km/h";"Dupla";"Canal";"";""
"1168";2020-02-07;"22:22:00";"SEM VÍTIMA";"FINALIZADA";"CASA FORTE";"AV FLOR DE SANTANA";"357";"AV DEZESSETE DE AGOSTO";"BURGUER KING";"CASA FORTE";614;"";"ABALROAMENTO LONGITUDINAL";"ENTRE DOIS AUTOS S/V";2;0;0;0;0;0;0;0;0;0;0;"Longo da via";"Bom";"Sem defeito";"Perfeito estado";"Seca";"Perfeito estado";"Faixa de pedestre";"Outras";"";"Dupla";"Faixa seccionada";"";""