"";"data";"hora";"natureza_acidente";"situacao";"bairro";"endereco";"numero";"detalhe_endereco_acidente";"complemento";"bairro_cruzamento";"num_semaforo";"sentido_via";"tipo";"descricao";"auto";"moto";"ciclom";"ciclista";"pedestre";"onibus";"caminhao";"viatura";"outros";"vitimas";"vitimasfatais";"acidente_verificado";"tempo_clima";"situacao_semaforo";"sinalizacao";"condicao_via";"conservacao_via";"ponto_controle";"situacao_placa";"velocidade_max_via";"mao_direcao";"divisao_via1";"divisao_via2";"divisao_via3"
"1395";2020-02-14;"15:03:00";"SEM VÍTIMA";"CANCELADA";"IPSEP";"RUA DR RAPOSO PINTO";"130";"";"PROXIMO AO ANTIGO KUASE BAR";"IPSEP";NA;"";"COLISÃO";"COLISÃO SEM VÍTIMA";2;0;0;0;0;0;0;0;0;0;0;"";"";"";"";"";"";"";"";"";"";"";"";""
"1396";2020-02-14;"15:40:00";"SEM VÍTIMA";"FINALIZADA";"IPSEP";"AV RECIFE";"2967";"";"E/F AO POSTO FEDERAL S/T BOA VIAGEM";"IPSEP";NA;"AEROPORTO";"COLISÃO";"COLISAO ENTRE DOIS AUTOS S/V";2;0;0;0;0;0;0;0;0;0;0;"Longo da via";"Bom";"Não existe";"Perfeito estado";"Seca";"Perfeito estado";"Não existe";"Não há placas";"";"Dupla";"Canteiro central";"";""
"1397";2020-02-14;"15:43:00";"SEM VÍTIMA";"FINALIZADA";"MADALENA";"AV BEIRA RIO";"660";"RUA DEMOSTENES DE OLINDA";"EM FRENTE AO EDIFICIO VITORIA REGIA";"MADALENA";NA;"CIDADE";"COLISÃO";"COLISÃO SEM VÍTIMA";1;1;0;0;0;0;0;0;0;0;0;"Esquina";"Bom";"Não existe";"Perfeito estado";"Seca";"Perfeito estado";"Faixa de pedestre";"R-4a";"";"Dupla";"Faixa seccionada";"";""
"1398";2020-02-14;"15:44:00";"SEM VÍTIMA";"CANCELADA";"ILHA DO RETIRO";"RUA SPORT CLUBE DO RECIFE";"";"AV JOSE GONCALVES DE MEDEIROS";"CLUBE DO SPORT";"ILHA DO RETIRO";NA;"SUBURBIO";"ENGAVETAMENTO";"ENGAVETAMENTO S/ VITIMA. ENTRE TRES VEICULOS.";3;0;0;0;0;0;0;0;0;0;0;"";"";"";"";"";"";"";"";"";"";"";"";""
"1399";2020-02-14;"16:21:00";"SEM VÍTIMA";"FINALIZADA";"AFOGADOS";"RUA SAO MIGUEL";"268";"";"E/F AO DEPATRI";"AFOGADOS";300;"SUBURBIO";"COLISÃO";"COLISAO ENTRE DOIS AUTO S/V";2;0;0;0;0;0;0;0;0;0;0;"Longo da via";"Bom";"Sem defeito";"Perfeito estado";"Seca";"Perfeito estado";"Faixa de pedestre";"Outras";"";"Dupla";"Faixa contínua";"";""
"1400";2020-02-14;"16:36:00";"SEM VÍTIMA";"FINALIZADA";"BOA VIAGEM";"RUA SETUBAL";"";"RUA PROFESSOR MARIO CASTRO";"AO LADO DO PLAZA HOTEL";"BOA VIAGEM";NA;"";"COLISÃO";"COLISAO ENTRE DOIS AUTO S/V";2;0;0;0;0;0;0;0;0;0;0;"Cruzamento";"Bom";"Não existe";"Ilegível";"Seca";"Perfeito estado";"Não existe";"Não há placas";"40 km/h";"Única";"Não existe";"";""
"1401";2020-02-14;"16:37:00";"SEM VÍTIMA";"FINALIZADA";"IPSEP";"AV RECIFE";"";"RUA FRANCISCO BARRETO";"NUCLIO DA POLICIA MILITA// EXTRA FARMA";"IPSEP";55;"CIDADE";"COLISÃO";"COLISAO ENTRE ONIBUS E VEICULO";1;0;0;0;0;1;0;0;0;0;0;"Cruzamento";"Bom";"Sem defeito";"Perfeito estado";"Seca";"Perfeito estado";"Faixa de pedestre";"Não há placas";"";"Dupla";"Canteiro central";"";""
"1402";2020-02-14;"17:09:00";"SEM VÍTIMA";"CANCELADA";"CASA AMARELA";"RUA PADRE LEMOS";"";"";"ENTRE A IGREJA UNIVERSAL E O SUPERMERCADO CANELA";"CASA AMARELA";NA;"";"COLISÃO";"COLISAO ENTRE TAXI E MICRO ONIBUS S/V";1;0;0;0;0;1;0;0;0;0;0;"";"";"";"";"";"";"";"";"";"";"";"";""
"1403";2020-02-14;"17:19:00";"SEM VÍTIMA";"EQUIPE EM DESLOCAMENTO";"MADALENA";"AV BEIRA RIO";"165";"";"EDF: QUINTA BEIRA RIO// EDF: SOLAR BEIRA RIO";"MADALENA";NA;"CAXANGA";"COLISÃO";"ENGAVETAMENTO S/ VITIMA ENTRE TRES VEICULOS.";3;0;0;0;0;0;0;0;0;0;0;"";"";"";"";"";"";"";"";"";"";"";"";""
"1404";2020-02-14;"18:08:00";"SEM VÍTIMA";"FINALIZADA";"ILHA DO RETIRO";"EST DOS REMEDIOS";"1781";"RUA DO FONSECA";"ENF. A NISSAN";"ILHA DO RETIRO";NA;"CIDADE";"COLISÃO";"HILUX X FORD KA    OBS:: SUSPEITA DE EMBRIAGUEZ";2;0;0;0;0;0;0;0;0;0;0;"Esquina";"Bom";"Não existe";"Incompleta";"Seca";"Perfeito estado";"Não existe";"R-6a";"";"Única";"Faixa seccionada";"";""
"1405";2020-02-14;"18:34:00";"SEM VÍTIMA";"CANCELADA";"IMBIRIBEIRA";"RUA PAMPULHA";"";"AV MARECHAL MASCARENHAS DE MORAES";"AO LADO DA RENALT SELECT";"IMBIRIBEIRA";NA;"";"COLISÃO";"COLISAO SEM VITIMAS";1;0;0;0;0;1;0;0;0;0;0;"";"";"";"";"";"";"";"";"";"";"";"";""
"1406";2020-02-14;"18:40:00";"SEM VÍTIMA";"FINALIZADA";"SÃO JOSÉ";"RUA IMPERIAL";"1509";"";"ANTES DO SEMAFORO 087 PROX AO VIADUTO DOM PAULO 2";"SÃO JOSÉ";NA;"SUBURBIO";"COLISÃO";"MOTO X X HYUNDAI CRETA";1;1;0;0;0;0;0;0;0;0;0;"Longo da via";"Bom";"Não existe";"Perfeito estado";"Seca";"Perfeito estado";"Não existe";"Não há placas";"";"Única";"Faixa seccionada";"";""
"1407";2020-02-14;"19:11:00";"SEM VÍTIMA";"CANCELADA";"ALTO SANTA TERESINHA";"RUA TAMBOARA";"366";"";"PROX A ESCOLA MUNICIPAL ANTONIO TIBURCIO";"ALTO SANTA TERESINHA";NA;"";"COLISÃO";"FIESTA X SIENA";2;0;0;0;0;0;0;0;0;0;0;"";"";"";"";"";"";"";"";"";"";"";"";""
"1408";2020-02-14;"19:24:00";"SEM VÍTIMA";"FINALIZADA";"CORDEIRO";"AV PROFESSOR ESTEVAO FRANCISCO DA COSTA";"";"";"E/F A MERC FRUTES";"CORDEIRO";280;"SUBURBIO";"COLISÃO";"COLISAO SEM VITIMAS";2;0;0;0;0;0;0;0;0;0;0;"Cruzamento";"Bom";"Sem defeito";"Perfeito estado";"Seca";"Perfeito estado";"";"";"";"Dupla";"Não existe";"";""
"1409";2020-02-14;"19:32:00";"SEM VÍTIMA";"CANCELADA";"IMBIRIBEIRA";"RUA PAMPULHA";"";"AV MARECHAL MASCARENHAS DE MORAES";"AO LADO DA RENALT SELECT";"IMBIRIBEIRA";NA;"";"COLISÃO";"COLISAO SEM VITIMAS";1;0;0;0;0;1;0;0;0;0;0;"";"";"";"";"";"";"";"";"";"";"";"";""
"1410";2020-02-14;"19:43:00";"SEM VÍTIMA";"FINALIZADA";"IBURA";"AV DOIS RIOS";"";"";"E/F A POLICLINICA";"IBURA";NA;"";"COLISÃO";"COLISAO SEM VITIMAS";1;0;0;0;0;0;1;0;0;0;0;"Longo da via";"Bom";"Não existe";"Perfeito estado";"Seca";"Perfeito estado";"Não existe";"Outras";"";"Dupla";"Outros";"";""
"1411";2020-02-14;"19:44:00";"COM VÍTIMA";"FINALIZADA";"BOA VIAGEM";"AV FERNANDO SIMOES BARBOSA";"140";"";"EDF. SANTO ANDRE // PROX A SAIDA DO SHOPPING RECIFE";"BOA VIAGEM";NA;"SUBURBIO";"COLISÃO COM CICLISTA";"CICLISTA X ONIBUS VERA VCRUZ";0;0;0;1;0;1;0;0;0;1;0;"Longo da via";"Bom";"Não existe";"Perfeito estado";"Seca";"Perfeito estado";"Não existe";"Outras";"";"Única";"Faixa seccionada";"Canal";""
"1412";2020-02-14;"19:55:00";"SEM VÍTIMA";"FINALIZADA";"SANTO AMARO";"PTE DO LIMOEIRO";"";"";"NA PONTE MESMO";"SANTO AMARO";243;"SUBURBIO";"COLISÃO";"COLISAO SEM VITIMAS";3;0;0;0;0;0;0;0;0;0;0;"Ponte";"Bom";"Sem defeito";"Perfeito estado";"Seca";"Perfeito estado";"Faixa de retenção";"Placas Dê a preferência";"";"Dupla";"Faixa seccionada";"";""
"1413";2020-02-14;"19:56:00";"COM VÍTIMA";"FINALIZADA";"CASA AMARELA";"RUA XAVANTES";"328";"RUA PAULA BATISTA";"ENF  CENTRO ESPIRITA MOACIR";"CASA AMARELA";NA;"CIDADE";"ABALROAMENTO TRANSVERSAL";"DUAS MOTOS";0;2;0;0;0;0;0;0;0;1;0;"Cruzamento";"Bom";"Não existe";"Perfeito estado";"Seca";"Perfeito estado";"";"";"";"Dupla";"";"";""
"1414";2020-02-14;"20:03:00";"SEM VÍTIMA";"FINALIZADA";"DERBY";"PRC DO DERBY";"";"RUA JENER DE SOUZA";"PROX AO QUARTEL DO DERBY";"DERBY";40;"CIDADE";"COLISÃO";"POLO X HILUX";2;0;0;0;0;0;0;0;0;0;0;"Longo da via";"Bom";"Não existe";"Incompleta";"Seca";"Perfeito estado";"Não existe";"Não há placas";"";"Única";"Faixa seccionada";"";""
"1415";2020-02-14;"20:18:00";"SEM VÍTIMA";"CANCELADA";"IMBIRIBEIRA";"AV MARECHAL MASCARENHAS DE MORAES";"2100";"RUA PAMPULHA";"ENF . RENAULT SELECTION";"IMBIRIBEIRA";NA;"";"COLISÃO";"ONIBUS SAO JUDAS TADEU X HB 20";1;0;0;0;0;1;0;0;0;0;0;"";"";"";"";"";"";"";"";"";"";"";"";""
"1416";2020-02-14;"20:31:00";"SEM VÍTIMA";"CANCELADA";"COHAB";"RUA DR BENIGNO JORDAO DE VASCONCELOS";"";"";"PROX A CONVENIENCIA ALTAS HORAS";"COHAB";NA;"";"COLISÃO";"ONIX X VERSA";2;0;0;0;0;0;0;0;0;0;0;"";"";"";"";"";"";"";"";"";"";"";"";""
"1417";2020-02-14;"20:39:00";"SEM VÍTIMA";"FINALIZADA";"BONGI";"EST DO BONGI";"388";"";"ENF A EMPRESA TBFORTE (VIGILANCIA)";"BONGI";NA;"CIDADE";"COLISÃO";"PEUGEOLT X 3MOTOS";1;3;0;0;0;0;0;0;0;0;0;"Longo da via";"Bom";"Não existe";"Perfeito estado";"Seca";"Perfeito estado";"Não existe";"Não há placas";"";"Dupla";"Faixa contínua";"";""
"1418";2020-02-14;"23:01:00";"SEM VÍTIMA";"CANCELADA";"SANTO ANTÔNIO";"TRV DO ARSENAL DE GUERRA";"";"";"PROX AO CAIS DE SANTA RITA";"SANTO ANTÔNIO";NA;"";"COLISÃO";"COLISAO SEM VITIMAS";0;0;0;0;0;2;0;0;0;0;0;"";"";"";"";"";"";"";"";"";"";"";"";""
"1419";2020-02-14;"23:43:00";"COM VÍTIMA";"FINALIZADA";"ROSARINHO";"AV NORTE";"";"RUA TREZE DE JUNHO";"APOS A PRAÇA DO ROSARINHO. EM FRENTE AO POSTO BR.";"ROSARINHO";456;"SUBURBIO";"CHOQUE VEÍCULO PARADO";"COLISAO COM VITIMAS";0;2;0;0;0;0;0;0;0;2;0;"Longo da via";"Bom";"Sem defeito";"Perfeito estado";"Seca";"Perfeito estado";"Faixa de pedestre";"Outras";"";"Única";"Faixa contínua";"Faixa seccionada";"Canteiro central"
"1420";2020-02-15;"00:49:00";"SEM VÍTIMA";"FINALIZADA";"CASA AMARELA";"AV NORTE";"";"COR DO BARTOLOMEU";"PROX DA IGREJA INTERNACIONAL DA GRAÇAS DE DEUS";"CASA AMARELA";79;"SUBURBIO";"COLISÃO";"COLISÃO ENTRE ÕNIBUS E AUTO S/V";1;0;0;0;0;1;0;0;0;0;0;"Longo da via";"Bom";"Sem defeito";"Perfeito estado";"Seca";"Perfeito estado";"Faixa de pedestre";"Outras";"";"Única";"Não existe";"";""
"1421";2020-02-15;"03:22:00";"SEM VÍTIMA";"FINALIZADA";"TORRE";"RUA PADRE ANCHIETA";"";"RUA JOSE BONIFACIO";"EM FRENTE AO MINUTO PÃO DE AÇÚCAR";"TORRE";193;"";"COLISÃO";"COLISÃO ENTRE DOIS AUTOS- S/V";2;0;0;0;0;0;0;0;0;0;0;"Cruzamento";"Bom";"Sem defeito";"Perfeito estado";"Seca";"Perfeito estado";"Faixa de pedestre";"Outras";"";"Única";"Faixa seccionada";"";""
"1422";2020-02-15;"03:55:00";"SEM VÍTIMA";"FINALIZADA";"BONGI";"EST DO BONGI";"";"RUA COSME VIANA";"EM FRENTE A IMBIRIBEIRA VEÍCULOS";"BONGI";100;"";"COLISÃO";"COLISÃO ENTRE DOIS AUTOS- S/V";2;0;0;0;0;0;0;0;0;0;0;"Cruzamento";"Bom";"Sem defeito";"Perfeito estado";"Seca";"Perfeito estado";"Faixa de pedestre";"Outras";"";"";"Faixa contínua";"";""
"1423";2020-02-15;"04:08:00";"SEM VÍTIMA";"FINALIZADA";"BOA VIAGEM";"RUA VISCONDE DE JEQUITINHONHA";"";"RUA BARAO DE SOUZA LEAO";"";"BOA VIAGEM";129;"SUBURBIO";"COLISÃO";"COLISÃO ENTRE DOIS AUTOS- C/V";2;0;0;0;0;0;0;0;0;0;0;"Cruzamento";"Bom";"Sem defeito";"Perfeito estado";"Seca";"Perfeito estado";"Faixa de pedestre";"Outras";"";"Única";"Canal";"";""
"1424";2020-02-15;"07:01:00";"SEM VÍTIMA";"CANCELADA";"BOA VIAGEM";"AV ENGENHEIRO DOMINGOS FERREIRA";"2200";"RUA HENRIQUE CAPITULINO";"AO LADO DO POSTO BR";"BOA VIAGEM";484;"";"COLISÃO";"SEM VITIMAS";2;0;0;0;0;0;0;0;0;0;0;"";"";"";"";"";"";"";"";"";"";"";"";""
"1425";2020-02-15;"08:18:00";"SEM VÍTIMA";"FINALIZADA";"TORRE";"RUA JOAO TUDE DE MELO";"";"";"EM FRENTE AO RESTAURANTE GUAIAMUM GIGANTE";"TORRE";NA;"MADALENA";"COLISÃO";"COLISÃO SEM VITIMAS";2;0;0;0;0;0;0;0;0;0;0;"Longo da via";"Bom";"Não existe";"Perfeito estado";"Seca";"Perfeito estado";"Não existe";"Outras";"40 km/h";"Dupla";"Canal";"";""
"1426";2020-02-15;"08:23:00";"SEM VÍTIMA";"FINALIZADA";"CURADO";"RUA RAPHAEL DE OLIVEIRA ALVES";"365";"RUA JUNDIAI";"AO LADO DO SUPERMERCADO PAJÉU";"CURADO";NA;"SUBURBIO";"COLISÃO";"SEM VITIMAS";2;0;0;0;0;0;0;0;0;0;0;"Longo da via";"Bom";"Não existe";"Não existente";"Molhada";"Mal conservada";"Não existe";"Não há placas";"";"Dupla";"Não existe";"";""
"1427";2020-02-15;"09:30:00";"COM VÍTIMA";"FINALIZADA";"BOA VIAGEM";"RUA AMAZONAS";"196";"RUA TOME GIBSON";"EM FRENTE AO EDF PARK AMAZONAS";"BOA VIAGEM";NA;"";"ABALROAMENTO LONGITUDINAL";"AUTO E MOTO";1;1;0;0;0;0;0;0;0;1;0;"Cruzamento";"Bom";"Não existe";"Perfeito estado";"Seca";"Perfeito estado";"";"Placas Pare";"";"Única";"Não existe";"";""
"1428";2020-02-15;"10:32:00";"SEM VÍTIMA";"FINALIZADA";"APIPUCOS";"RUA MANDACARU";"686";"RUA DE APIPUCOS";"PROX. AO POSTO DE GASOLINA PETROCAL";"APIPUCOS";NA;"";"COLISÃO";"MOTO E AUTO S/V USUARIO INF. QUE HOUVE UMA PANCADA NA PERNA- POREM NÃO DESEJA ACIONAR O SAMU OU BOMBEIRO // VT-13 NO LOCAL SUB. PAULO OLIVEIRA E FATIMA";1;1;0;0;0;0;0;0;0;0;0;"Longo da via";"Bom";"Não existe";"Perfeito estado";"Seca";"Perfeito estado";"Não existe";"Não há placas";"";"Dupla";"Faixa seccionada";"";""
"1429";2020-02-15;"10:47:00";"SEM VÍTIMA";"CANCELADA";"DERBY";"RUA HENRIQUE DIAS";"";"";"EM FRENTE A ESCOLA DA POLICIA MILITAR";"DERBY";NA;"";"COLISÃO";"COLISÃO SEM VITIMAS";1;1;0;0;0;0;0;0;0;0;0;"";"";"";"";"";"";"";"";"";"";"";"";""
"1430";2020-02-15;"11:18:00";"COM VÍTIMA";"FINALIZADA";"SÃO JOSÉ";"AV SUL";"";"";"EM FRENTE AO ESTACIONAMENTO GERALDO ARAUJO";"SÃO JOSÉ";NA;"SUBURBIO";"COLISÃO COM CICLISTA";"ONIBUS E CICLISTA C/V";0;0;0;1;0;1;0;0;0;1;0;"Longo da via";"Bom";"Não existe";"Não existente";"Seca";"Perfeito estado";"Não existe";"Não há placas";"";"Dupla";"Canteiro central";"";""
"1431";2020-02-15;"11:24:00";"SEM VÍTIMA";"FINALIZADA";"COQUEIRAL";"RUA GUANABARA";"148";"";"EM FRENTE ACADEMIA  TECNOFORMA";"COQUEIRAL";NA;"";"COLISÃO";"COLISÃO SEM VITIMAS";1;0;0;0;0;1;0;0;0;0;0;"Longo da via";"Bom";"Não existe";"";"Seca";"Perfeito estado";"Não existe";"Não há placas";"";"Dupla";"";"";""
"1432";2020-02-15;"11:30:00";"COM VÍTIMA";"FINALIZADA";"MADALENA";"RUA BENFICA";"";"AV VISCONDE DE ALBUQUERQUE";"EM FRENTE AO BOMPREÇO";"MADALENA";51;"";"ABALROAMENTO TRANSVERSAL";"COM UMA VITIMA -SAMU NO LOCAL -CTTU VT 07 NO LOCAL";1;0;0;0;0;1;0;0;0;1;0;"Cruzamento";"Bom";"Sem defeito";"Perfeito estado";"Seca";"Perfeito estado";"Faixa de pedestre";"Outras";"40 km/h";"Única";"Faixa contínua";"";""
"1433";2020-02-15;"11:35:00";"SEM VÍTIMA";"FINALIZADA";"GRAÇAS";"AV GOVERNADOR AGAMENON MAGALHAES";"1114";"";"EM FRENTE AO PREDIO DA EMBRATEL";"GRAÇAS";173;"BOA VIAGEM";"COLISÃO";"SEM VITIMAS";2;0;0;0;0;0;0;0;1;0;0;"Longo da via";"Bom";"Sem defeito";"Perfeito estado";"Seca";"Perfeito estado";"Faixa de pedestre";"Não há placas";"60 km/h";"Única";"Canteiro central";"";""
"1434";2020-02-15;"12:14:00";"SEM VÍTIMA";"CANCELADA";"BOA VISTA";"RUA DO RIACHUELO";"413";"";"EM FRENTE A O COLEGIO 2001";"BOA VISTA";NA;"";"COLISÃO";"SEM VITIMAS";1;0;0;0;0;0;1;0;0;0;0;"";"";"";"";"";"";"";"";"";"";"";"";""
"1435";2020-02-15;"13:38:00";"SEM VÍTIMA";"FINALIZADA";"BOA VIAGEM";"AV CONSELHEIRO AGUIAR";"4552";"";"EM FRENTE A FARMACIA DROGASIL";"BOA VIAGEM";NA;"";"COLISÃO";"SEM VITIMAS";2;0;0;0;0;0;0;0;0;0;0;"Longo da via";"Bom";"Sem defeito";"Perfeito estado";"Seca";"Perfeito estado";"Faixa de pedestre";"Outras";"40 km/h";"Única";"Faixa contínua";"";""
"1436";2020-02-15;"13:57:00";"SEM VÍTIMA";"FINALIZADA";"PINA";"RUA SAO LUIZ";"615";"AV ENGENHEIRO DOMINGOS FERREIRA";"NA ENTRADA DO BODE-EM FRENTE A FARMACIA do trabalhador";"PINA";NA;"";"ENGAVETAMENTO";"SEM VITIMAS";3;0;0;0;0;0;0;0;0;0;0;"Longo da via";"Bom";"Não existe";"Perfeito estado";"Seca";"Perfeito estado";"";"Placas Pare";"";"Única";"Não existe";"";""
"1437";2020-02-15;"14:51:00";"SEM VÍTIMA";"FINALIZADA";"TEJIPIÓ";"AV DR JOSE RUFINO";"2993";"";"EM FRENTE A ESCOLA HUMBERTO CASTELO BRANCO";"TEJIPIÓ";NA;"";"COLISÃO";"COLISÃO SEM VÍTIMA";3;0;0;0;0;0;0;0;0;0;0;"Longo da via";"Bom";"Sem defeito";"Perfeito estado";"Seca";"Perfeito estado";"Faixa de pedestre";"";"";"Dupla";"Faixa contínua";"Faixa seccionada";""
"1438";2020-02-15;"15:13:00";"SEM VÍTIMA";"FINALIZADA";"CASA AMARELA";"AV NORTE";"4621";"";"LADO OPOSTO A CLINI CÃO";"CASA AMARELA";NA;"CIDADE";"COLISÃO";"COLISÃO SEM VÍTIMA";2;0;0;0;0;0;0;0;0;0;0;"Longo da via";"Bom";"Sem defeito";"Perfeito estado";"Seca";"Mal conservada";"Não existe";"Não há placas";"";"Dupla";"Canteiro central";"";""
"1439";2020-02-15;"14:59:00";"SEM VÍTIMA";"FINALIZADA";"IPSEP";"RUA POTENGY";"55";"RUA JEAN EMILE FAVRE";"AO LADO DA GALERIA MARIA DE LOURDES";"IPSEP";564;"";"ENGAVETAMENTO";"SEM VITIMAS-OBS:MOTORISTA DO GOL RELATA QUE SOFREU UMA PANCADA NA CABEÇA-MAS QUE NÃO NECESSITA DE SOCORRO.";3;0;0;0;0;0;0;0;0;0;0;"Longo da via";"Bom";"Sem defeito";"Ilegível";"Seca";"Perfeito estado";"Faixa de pedestre";"Outras";"60 km/h";"Única";"Não existe";"";""
"1440";2020-02-15;"15:58:00";"SEM VÍTIMA";"FINALIZADA";"MANGABEIRA";"RUA DA MANGABEIRA";"175";"";"RUA DO ARMAZEM MANGABEIRA";"MANGABEIRA";NA;"";"COLISÃO";"SEM VITIMAS";2;0;0;0;0;0;0;0;0;0;0;"Longo da via";"Bom";"Não existe";"Perfeito estado";"Seca";"Perfeito estado";"Não existe";"R-6a";"";"Dupla";"Faixa seccionada";"";""
"1441";2020-02-15;"16:05:00";"SEM VÍTIMA";"FINALIZADA";"IMBIRIBEIRA";"AV MARECHAL MASCARENHAS DE MORAES";"2716";"";"EM FRENTE A FARMACIA PAGUE MENOS";"IMBIRIBEIRA";290;"AEROPORTO";"COLISÃO";"SEM VITIMAS";2;0;0;0;0;0;0;0;0;0;0;"Longo da via";"Bom";"Sem defeito";"Perfeito estado";"Seca";"Perfeito estado";"Faixa de pedestre";"Não há placas";"40 km/h";"Única";"Faixa contínua";"";""
"1442";2020-02-15;"18:53:00";"SEM VÍTIMA";"FINALIZADA";"ENGENHO DO MEIO";"RUA ALVARO TEIXEIRA DE MESQUITA";"184";"RUA PADRE RODRIGUES CAMPELO";"ENF. A CRCHE MUNICIPAL WALDIR SAVLUSCHINSKE";"ENGENHO DO MEIO";NA;"SUBURBIO";"CHOQUE";"VEICULO CHOCOU-SE COM RESIDENCIA OBS:: SUSPEITA DE EMBRIAGUEZ";1;0;0;0;0;0;0;0;0;0;0;"Longo da via";"Bom";"Não existe";"Incompleta";"Seca";"Perfeito estado";"Não existe";"Não há placas";"";"Dupla";"Não existe";"";""
"1443";2020-02-15;"20:51:00";"SEM VÍTIMA";"FINALIZADA";"BAIRRO DO RECIFE";"RUA MADRE DEUS";"";"";"PRÓX AO MARCOZERO E E/F AO PAÇO ALFANDEGA";"BAIRRO DO RECIFE";NA;"CIDADE";"COLISÃO";"ENTRE ÔNIBUS E AUTO PASSEIO. S/V";1;0;0;0;0;1;0;0;0;0;0;"Longo da via";"Bom";"Não existe";"Perfeito estado";"Seca";"Perfeito estado";"Não existe";"R-6a";"";"Única";"Não existe";"";""
"1444";2020-02-15;"21:25:00";"SEM VÍTIMA";"FINALIZADA";"DERBY";"RUA JENER DE SOUZA";"";"";"E/F A PRAÇA DO DERBY E AO QUARTEL";"DERBY";NA;"";"COLISÃO";"ERNTRE 2 AUTOS. S/V";2;0;0;0;0;0;0;0;0;0;0;"Longo da via";"Bom";"Não existe";"Perfeito estado";"Seca";"Perfeito estado";"Não existe";"Outras";"";"Única";"Faixa seccionada";"";""
"1445";2020-02-15;"22:07:00";"SEM VÍTIMA";"FINALIZADA";"DERBY";"RUA BENFICA";"505";"";"SENTIDO DERBY ENF AO CLUBE INTERNACIONAL";"DERBY";NA;"CIDADE";"COLISÃO";"ONIBUS BORBOREMA X LOGAN";1;0;0;0;0;1;0;0;0;0;0;"Longo da via";"Bom";"Não existe";"Perfeito estado";"Seca";"Perfeito estado";"";"";"";"Única";"Faixa seccionada";"";""
"1446";2020-02-15;"22:36:00";"SEM VÍTIMA";"FINALIZADA";"BOA VIAGEM";"AV BOA VIAGEM";"6500";"RUA BALTAZAR PASSOS";"ENF. AO EDF. IVANIR SILVESTRE";"BOA VIAGEM";NA;"CIDADE";"COLISÃO";"ONIBUS BORBOREMA X SANDERO";1;0;0;0;0;1;0;0;0;0;0;"Longo da via";"Bom";"Sem defeito";"Perfeito estado";"Seca";"Perfeito estado";"";"Outras";"60 km/h";"Única";"";"";""
"1447";2020-02-15;"23:11:00";"SEM VÍTIMA";"FINALIZADA";"IBURA";"AV DOIS RIOS";"892";"RUA RIO CHUI";"SEMAFORO 475 / PRÓX A RAIO PRODUÇÕES E MERCADO SERVE BEM";"IBURA";NA;"";"COLISÃO";"ENTRE 2 AUTOS. S/V";2;0;0;0;0;0;0;0;0;0;0;"Longo da via";"Bom";"Sem defeito";"Perfeito estado";"Seca";"Perfeito estado";"Não existe";"Não há placas";"";"Única";"Faixa contínua";"";""
"1448";2020-02-16;"05:54:00";"SEM VÍTIMA";"FINALIZADA";"IBURA";"AV DOIS RIOS";"";"";"EM FRENTE AO SUPERMERCADO SUPER BEM";"IBURA";475;"SUBURBIO";"COLISÃO";"COLISÃO ENTRE DOIS AUTOS- S/V";2;0;0;0;0;0;0;0;0;0;0;"Cruzamento";"Chuvoso";"Sem defeito";"Perfeito estado";"";"Perfeito estado";"Faixa de pedestre";"R-6a";"";"Dupla";"Faixa contínua";"";""
"1449";2020-02-16;"08:38:00";"SEM VÍTIMA";"FINALIZADA";"VASCO DA GAMA";"RUA PROFESSOR RUI DA SILVEIRA CASTRO";"60";"";"RESIDENCIA NA SAIDA DO VASCO DA GAMA NO SENTIDO AV NORTE";"VASCO DA GAMA";NA;"";"COLISÃO";"COLISÃO SEM VITIMAS";1;1;0;0;0;0;0;0;0;0;0;"Longo da via";"Bom";"Não existe";"Não existente";"Seca";"Perfeito estado";"Não existe";"Não há placas";"";"Dupla";"Não existe";"";""
"1450";2020-02-16;"09:47:00";"SEM VÍTIMA";"FINALIZADA";"IBURA";"AV MARIA IRENE";"1064";"";"SENTIDO AEROPORTO";"IBURA";NA;"CIDADE";"COLISÃO";"";1;0;0;0;0;0;0;1;0;0;0;"Longo da via";"Bom";"Não existe";"Não existente";"Seca";"Perfeito estado";"Não existe";"Não há placas";"";"Dupla";"Faixa contínua";"";""
"1451";2020-02-16;"09:55:00";"COM VÍTIMA";"FINALIZADA";"BOA VIAGEM";"AV CONSELHEIRO AGUIAR";"1350";"";"PROX AO CLINICAL CENTER";"BOA VIAGEM";NA;"SUBURBIO";"COLISÃO TRASEIRA";"COLISÃO COM VITIMA  GM  LUCIANO QTH";1;0;0;0;0;1;0;0;0;1;0;"Longo da via";"Bom";"Não existe";"Perfeito estado";"Seca";"Perfeito estado";"Não existe";"R-6a";"";"Única";"Faixa contínua";"";""
"1452";2020-02-16;"12:00:00";"SEM VÍTIMA";"FINALIZADA";"CAXANGÁ";"AV CAXANGA";"";"";"AO LADO DA UPA";"CAXANGÁ";281;"SUBURBIO";"COLISÃO";"COLISÃO SEM VÍTIMAS ENTRE AUTO E CAMINHÃO";1;0;0;0;0;0;1;0;0;0;0;"Cruzamento";"Bom";"Sem defeito";"Perfeito estado";"Seca";"Perfeito estado";"Faixa de pedestre";"Outras";"60 km/h";"Dupla";"Canteiro central";"";""