"";"data";"hora";"natureza_acidente";"situacao";"bairro";"endereco";"numero";"detalhe_endereco_acidente";"complemento";"bairro_cruzamento";"num_semaforo";"sentido_via";"tipo";"descricao";"auto";"moto";"ciclom";"ciclista";"pedestre";"onibus";"caminhao";"viatura";"outros";"vitimas";"vitimasfatais";"acidente_verificado";"tempo_clima";"situacao_semaforo";"sinalizacao";"condicao_via";"conservacao_via";"ponto_controle";"situacao_placa";"velocidade_max_via";"mao_direcao";"divisao_via1";"divisao_via2";"divisao_via3"
"1453";2020-02-16;"12:16:00";"SEM VÍTIMA";"FINALIZADA";"MADALENA";"EST DOS REMEDIOS";"2416";"AV JOSE GONCALVES DE MEDEIROS";"ORTOBOM// POLICLINA LESSA DE ANDRANDE";"MADALENA";353;"CIDADE";"COLISÃO";"COLISAO S/ VITIMA. ENTRE DOIS VEICULOS";2;0;0;0;0;0;0;0;0;0;0;"Longo da via";"Bom";"Sem defeito";"Perfeito estado";"Seca";"Perfeito estado";"Faixa de pedestre";"Não há placas";"";"Única";"Faixa contínua";"Faixa seccionada";""
"1454";2020-02-16;"12:40:00";"SEM VÍTIMA";"CANCELADA";"IBURA";"RUA DR BENIGNO JORDAO DE VASCONCELOS";"99";"RUA PROFESSOR MARIO NEVES BAPTISTA";"MERCADINHO ECONOMICO";"IBURA";NA;"";"COLISÃO";"COLISAO S/ VITIMA ENTRE DOIS VEICULOS";2;0;0;0;0;0;0;0;0;0;0;"";"";"";"";"";"";"";"";"";"";"";"";""
"1455";2020-02-16;"14:12:00";"SEM VÍTIMA";"FINALIZADA";"BOA VIAGEM";"RUA RIBEIRO DE BRITO";"1326";"";"PROXIMO A FACULDADE NASSAU";"BOA VIAGEM";NA;"";"COLISÃO";"COLISÃO SEM VÍTIMA";3;0;0;0;0;0;0;0;0;0;0;"Longo da via";"Bom";"Não existe";"Perfeito estado";"Seca";"Perfeito estado";"Outros";"Outras";"60 km/h";"Única";"Faixa seccionada";"";""
"1456";2020-02-16;"15:51:00";"SEM VÍTIMA";"FINALIZADA";"VÁRZEA";"AV CAXANGA";"4477";"";"EM FRENTE AO CENTRO UNIVERSITARIO TIRADENTES/ SENTIDO CIDADE";"VÁRZEA";231;"CIDADE";"COLISÃO";"COLISÃO SEM VÍTIMA";1;1;0;0;0;0;0;0;0;0;0;"Longo da via";"Bom";"Sem defeito";"Perfeito estado";"Seca";"Perfeito estado";"Faixa de pedestre";"R-26";"";"Dupla";"Faixa seccionada";"Canteiro central";""
"1457";2020-02-16;"16:31:00";"COM VÍTIMA";"FINALIZADA";"ESPINHEIRO";"RUA SANTO ELIAS";"478";"RUA DO ESPINHEIRO";"EM FRENTE AO POSTO IPIRANGA";"ESPINHEIRO";NA;"CIDADE";"ABALROAMENTO TRANSVERSAL";"COLISÃO COM VÍTIMA";0;2;0;0;0;0;0;0;0;1;0;"Cruzamento";"Bom";"Não existe";"Perfeito estado";"Seca";"Perfeito estado";"Faixa de pedestre";"Placas Pare";"";"Única";"Faixa seccionada";"";""
"1458";2020-02-16;"17:24:00";"SEM VÍTIMA";"FINALIZADA";"SAN MARTIN";"RUA VINTE E UM DE ABRIL";"631";"RUA COMENDADOR FRANCO FERREIRA";"EM FRENTE À DROGASIL";"SAN MARTIN";NA;"C";"COLISÃO";"COLISÃO ENTRE 2 AUTOS- SEM VÍTIMAS.";2;0;0;0;0;0;0;0;0;0;0;"Esquina";"Bom";"Não existe";"Perfeito estado";"Seca";"Perfeito estado";"Não existe";"R-4a";"";"Dupla";"Não existe";"";""
"1459";2020-02-16;"18:26:00";"SEM VÍTIMA";"FINALIZADA";"VÁRZEA";"RUA PROFESSOR CHAVES BATISTA";"81";"AV CAXANGA";"E/F AO BOI BRAZA BOI BRASA E AO LADO DO POSTO DISLUB";"VÁRZEA";NA;"CIDADE";"COLISÃO";"ONIBUS DE TURISMO X HONDA CIVIC";1;0;0;0;0;1;0;0;0;0;0;"Longo da via";"Bom";"Sem defeito";"Perfeito estado";"Seca";"Perfeito estado";"Outros";"Outras";"";"Única";"Faixa seccionada";"";""
"1460";2020-02-16;"18:42:00";"COM VÍTIMA";"CANCELADA";"BOA VIAGEM";"RUA BARAO DE SOUZA LEAO";"1422";"RUA CAMBOIM";"PROX A IGREJA CATOLICA E POSTO DE GASOLINA BR DESATIVADO";"BOA VIAGEM";NA;"";"COLISÃO COM CICLISTA";"CICLISTA X ONIBUS VERA CRUZ";0;0;0;1;0;1;0;0;0;1;0;"";"";"";"";"";"";"";"";"";"";"";"";""
"1461";2020-02-16;"20:15:00";"SEM VÍTIMA";"FINALIZADA";"BOA VIAGEM";"AV BOA VIAGEM";"4820";"";"ENF AO CONDOMINIO EDF. BELA VISTA";"BOA VIAGEM";NA;"CIDADE";"COLISÃO";"LOGAN X OPALA";2;0;0;0;0;0;0;0;0;0;0;"Longo da via";"Bom";"Não existe";"Perfeito estado";"Seca";"Perfeito estado";"Não existe";"Outras";"";"Única";"Faixa seccionada";"";""
"1462";2020-02-16;"20:45:00";"COM VÍTIMA";"FINALIZADA";"BAIRRO DO RECIFE";"CAIS DO APOLO";"142";"";"LADO OPOSTO AO TRIBUNAL DA JUSTIÇA E APÓS A PREFEITURA";"BAIRRO DO RECIFE";NA;"SUBURBIO";"ATROPELAMENTO";"ENTRE MOTO E PEDESTRE. C/V";0;1;0;0;1;0;0;0;0;1;0;"Longo da via";"Bom";"Não existe";"Perfeito estado";"Seca";"Perfeito estado";"Não existe";"Não há placas";"";"Única";"Faixa seccionada";"";""
"1463";2020-02-16;"21:09:00";"COM VÍTIMA";"FINALIZADA";"BOA VIAGEM";"AV ENGENHEIRO DOMINGOS FERREIRA";"4060";"RUA RIBEIRO DE BRITO";"SEMÁFORO 155 // VT 30 NO LOCAL";"BOA VIAGEM";155;"SUBURBIO";"ABALROAMENTO TRANSVERSAL";"ENTRE AMBULÂNCIA E AUTO PASSEIO. C/V";1;0;0;0;0;0;1;0;0;2;0;"Cruzamento";"Bom";"Sem defeito";"Perfeito estado";"Seca";"Perfeito estado";"Faixa de pedestre";"Não há placas";"";"Única";"Faixa seccionada";"";""
"1464";2020-02-16;"21:32:00";"COM VÍTIMA";"CANCELADA";"CAMPINA DO BARRETO";"RUA DAS MOCAS";"1281";"RUA EXP JAMIL DAGLI";"BEIRA CANAL NA ENTRADA DE CHAO DE ESTRELA // PROX AO RESTAURANTE E PIZZARIA APLANTICA";"CAMPINA DO BARRETO";NA;"";"COLISÃO";"FIESTA X MOTO";1;1;0;0;0;0;0;0;0;1;0;"";"";"";"";"";"";"";"";"";"";"";"";""
"1465";2020-02-16;"22:21:00";"SEM VÍTIMA";"FINALIZADA";"CAMPO GRANDE";"RUA PROFESSOR FRANCISCO DA TRINDADE";"318";"RUA SAO CAETANO";"POR TRÁS DO CLUBES DAS PÁS";"CAMPO GRANDE";NA;"SUBURBIO";"COLISÃO";"ENTRE 2 AUTOS. S/V";2;0;0;0;0;0;0;0;0;0;0;"Longo da via";"Bom";"Não existe";"Perfeito estado";"Seca";"Perfeito estado";"Faixa de retenção";"Placas Pare";"";"Única";"Faixa contínua";"";""
"1466";2020-02-16;"22:33:00";"SEM VÍTIMA";"FINALIZADA";"CORDEIRO";"AV CAXANGA";"1562";"";"E/F A ESTAÇÃO GETULIO VAG- SNT CAMARAGIBE";"CORDEIRO";NA;"";"COLISÃO";"ENTRE BRT E AUTO PASSEIO. S/V";1;0;0;0;0;1;0;0;0;0;0;"Longo da via";"Bom";"Não existe";"Perfeito estado";"Seca";"Perfeito estado";"Outros";"Outras";"";"Dupla";"Faixa contínua";"Canteiro central";""
"1467";2020-02-17;"06:28:00";"SEM VÍTIMA";"FINALIZADA";"AREIAS";"RUA DR VILAS BOAS";"31";"";"NA RUA DO CARTÓRIO ELEITORAL";"AREIAS";NA;"SUBURBIO";"CHOQUE";"CHOQUE COM ÁRVORE";1;0;0;0;0;0;0;0;0;0;0;"Longo da via";"Chuvoso";"Não existe";"Incompleta";"Molhada";"Mal conservada";"Não existe";"Não há placas";"";"Dupla";"Não existe";"";""
"1468";2020-02-17;"07:00:00";"SEM VÍTIMA";"FINALIZADA";"DERBY";"AV GOVERNADOR AGAMENON MAGALHAES";"75";"RUA LUIZ BARBALHO";"E/F A PRAÇA DO DERBY (SENT. BOA VIAGEM) / VIA PRINCIPAL";"DERBY";417;"SUBURBIO";"COLISÃO";"COLISÃO S/VITIMAS ENTRE UM AUTO E UMA MOTO (GM JOAO VITOR E MAURICIO SANTOS NO QTH)";1;1;0;0;0;0;0;0;0;0;0;"Longo da via";"Bom";"Sem defeito";"Perfeito estado";"Seca";"Perfeito estado";"Agente";"Não há placas";"60 km/h";"Dupla";"Faixa seccionada";"Canteiro central";""
"1469";2020-02-17;"07:01:00";"SEM VÍTIMA";"FINALIZADA";"MADALENA";"AV CAXANGA";"";"";"AO LADO DA CELPE EM FRENTE A ESTAÇÃO ABOLIÇÃO BRT";"MADALENA";264;"CIDADE";"COLISÃO";"DOIS AUTOS";2;0;0;0;0;0;0;0;0;0;0;"Longo da via";"Bom";"Sem defeito";"Perfeito estado";"Seca";"Perfeito estado";"Faixa de pedestre";"R-6a";"";"Dupla";"Canteiro central";"";""
"1470";2020-02-17;"07:14:00";"COM VÍTIMA";"FINALIZADA";"BOA VIAGEM";"RUA PADRE CARAPUCEIRO";"968";"";"EM FRENTE AO EMPRESARIAL JANETE COSTA";"BOA VIAGEM";NA;"CIDADE";"COLISÃO TRASEIRA";"MOTO E AUTO PASSEIO";1;1;0;0;0;0;0;0;0;1;0;"Longo da via";"Bom";"Não existe";"Perfeito estado";"Seca";"Perfeito estado";"Não existe";"Outras";"";"Única";"Faixa seccionada";"";""
"1471";2020-02-17;"07:26:00";"SEM VÍTIMA";"FINALIZADA";"DERBY";"RUA JOAQUIM NABUCO";"";"AV GOVERNADOR AGAMENON MAGALHAES";"E/F AO ESTACIONAMENTO DO HOSPITAL DA RESTAURAÇÃO";"DERBY";174;"";"COLISÃO";"COLISÃO S/VITIMAS ENTRE DOIS AUTOS (GM EVERTON SILVA E EVANDRO RAMOS NO QTH)";2;0;0;0;0;0;0;0;0;0;0;"Longo da via";"Bom";"Sem defeito";"Perfeito estado";"Seca";"Perfeito estado";"Agente";"Outras";"60 km/h";"Única";"Faixa seccionada";"";""
"1472";2020-02-17;"07:41:00";"SEM VÍTIMA";"FINALIZADA";"SANTO AMARO";"AV GOVERNADOR AGAMENON MAGALHAES";"151";"";"LADO OPOSTO AO POSTO BR";"SANTO AMARO";378;"";"COLISÃO";"COLISÃO S/VITIMAS ENTRE UM AUTO E UM ONIBUS (GM IVAN E DANILO NO QTH)";1;0;0;0;0;1;0;0;0;0;0;"Outros";"Bom";"Sem defeito";"Perfeito estado";"Seca";"Perfeito estado";"Faixa de pedestre";"Não há placas";"60 km/h";"Dupla";"Canteiro central";"";""
"1473";2020-02-17;"08:29:00";"SEM VÍTIMA";"FINALIZADA";"ENGENHO DO MEIO";"RUA ANTONIO CURADO";"30";"";"EM FRENTE AO CLUBE DA SUDENE";"ENGENHO DO MEIO";NA;"";"COLISÃO";"DOIS AUTOS";2;0;0;0;0;0;0;0;0;0;0;"Longo da via";"Bom";"Não existe";"";"Seca";"Perfeito estado";"";"";"40 km/h";"Dupla";"Faixa seccionada";"";""
"1474";2020-02-17;"08:45:00";"COM VÍTIMA";"FINALIZADA";"IMBIRIBEIRA";"RUA JULIO VERNE";"217";"RUA ARQUITETO LUIZ NUNES";"AO LADO DA PAPELARIA BORGES";"IMBIRIBEIRA";NA;"SUBURBIO";"ABALROAMENTO LONGITUDINAL";"COLISÃO C/VITIMAS ENTRE UMA MOTO E UM AUTO";1;1;0;0;0;0;0;0;0;1;0;"Longo da via";"Bom";"Não existe";"Perfeito estado";"Seca";"Perfeito estado";"Não existe";"Não há placas";"";"Única";"Faixa seccionada";"";""
"1475";2020-02-17;"08:52:00";"COM VÍTIMA";"FINALIZADA";"IMBIRIBEIRA";"AV MARECHAL MASCARENHAS DE MORAES";"7935A";"";"LADO OPOSTO DA CAIXA ECONOMICA- SENT. JABOATÃO - CONTINENTAL DRIVE AUTO CENTER";"IMBIRIBEIRA";625;"SUBURBIO";"COLISÃO TRASEIRA";"AUTO E MOTO";1;1;0;0;0;0;0;0;0;1;0;"Longo da via";"Bom";"Sem defeito";"Perfeito estado";"Seca";"Perfeito estado";"Não existe";"Não há placas";"60 km/h";"Dupla";"Canteiro central";"";""
"1476";2020-02-17;"08:52:00";"SEM VÍTIMA";"FINALIZADA";"MADALENA";"AV ENGENHEIRO ABDIAS DE CARVALHO";"2990";"";"E/F AO CAMARÃO DO LÉO";"MADALENA";NA;"CIDADE";"COLISÃO";"COLISÃO S/VITIMAS ENTRE UM AUTO E UMA MOTO";1;1;0;0;0;0;0;0;0;0;0;"Longo da via";"Bom";"Não existe";"Perfeito estado";"Seca";"Perfeito estado";"Não existe";"R-6a";"";"Dupla";"Canteiro central";"";""
"1477";2020-02-17;"09:27:00";"SEM VÍTIMA";"FINALIZADA";"GRAÇAS";"AV RUI BARBOSA";"218";"";"EM FRENTE AO BANCO ITAU";"GRAÇAS";102;"CIDADE";"COLISÃO";"DOIS AUTOS";2;0;0;0;0;0;0;0;0;0;0;"Longo da via";"Bom";"Sem defeito";"Perfeito estado";"Seca";"Perfeito estado";"Faixa de pedestre";"Outras";"60 km/h";"Única";"Faixa contínua";"";""
"1478";2020-02-17;"09:47:00";"COM VÍTIMA";"FINALIZADA";"ILHA DO LEITE";"RUA SENADOR JOSE HENRIQUE";"";"RUA ESTADO DE ISRAEL";"ESQUINA DA ESCOLA POETA MANOEL BANDEIRA";"ILHA DO LEITE";NA;"SUBURBIO";"ABALROAMENTO LONGITUDINAL";"AUTO E MOTO";1;1;0;0;0;0;0;0;0;1;0;"Longo da via";"Bom";"Não existe";"Perfeito estado";"Seca";"Perfeito estado";"Faixa de pedestre";"Placas Pare";"";"Única";"Faixa seccionada";"";""
"1479";2020-02-17;"09:54:00";"SEM VÍTIMA";"FINALIZADA";"CORDEIRO";"RUA PACIFICO DA LUZ";"104";"";"EM FRENT AO PORTAL DA CARNE DE SOL";"CORDEIRO";NA;"SUBURBIO";"COLISÃO";"CAMINHAO DO LIXO E AUTO PASSEIO";1;0;0;0;0;0;1;0;0;0;0;"Longo da via";"Bom";"Não existe";"Não existente";"Seca";"Mal conservada";"Não existe";"Não há placas";"";"Dupla";"Não existe";"";""
"1480";2020-02-17;"10:05:00";"SEM VÍTIMA";"FINALIZADA";"BOA VISTA";"AV JOAO DE BARROS";"35";"RUA MONTE CASTELO";"E/F A PG AUTO POSTO (AUTOS ESTACIONADOS DENTRO DO POSTO)";"BOA VISTA";356;"CIDADE";"COLISÃO";"COLISÃO S/VITIMAS ENTRE DOIS AUTOS";2;0;0;0;0;0;0;0;0;0;0;"Longo da via";"Bom";"Sem defeito";"Perfeito estado";"Seca";"Perfeito estado";"";"Não há placas";"";"Única";"";"";""
"1481";2020-02-17;"10:06:00";"COM VÍTIMA";"FINALIZADA";"IMBIRIBEIRA";"AV MARECHAL MASCARENHAS DE MORAES";"4762";"";"EM FRENT A CASA DAS EMBREAGENS";"IMBIRIBEIRA";NA;"SUBURBIO";"COLISÃO TRASEIRA";"TRES MOTOS E UM AUTO PASSEIO / MTS 03 / 31 NO QTH";1;3;0;0;0;0;0;0;0;1;0;"Longo da via";"Chuvoso";"Não existe";"Não existente";"Molhada";"Perfeito estado";"Não existe";"";"60 km/h";"Dupla";"Faixa seccionada";"";""
"1482";2020-02-17;"10:23:00";"SEM VÍTIMA";"CANCELADA";"CAXANGÁ";"AV CAXANGA";"731";"";"EM FRENTE A LOJA PLAZA VEICULOS";"CAXANGÁ";NA;"CIDADE";"COLISÃO";"DOIS AUTOS";2;0;0;0;0;0;0;0;0;0;0;"";"";"";"";"";"";"";"";"";"";"";"";""
"1483";2020-02-17;"10:25:00";"SEM VÍTIMA";"FINALIZADA";"IBURA";"RUA VALE DO CARIRI";"26";"";"PROX. AO TREVO E ARAMAZEM JUPITER";"IBURA";NA;"";"COLISÃO";"CAMINHÃO E AUTO";1;0;0;0;0;0;1;0;0;0;0;"Longo da via";"Bom";"Não existe";"Incompleta";"Seca";"Perfeito estado";"Não existe";"Não há placas";"30 km/h";"Dupla";"Não existe";"";""
"1484";2020-02-17;"10:50:00";"SEM VÍTIMA";"FINALIZADA";"JARDIM SÃO PAULO";"RUA GUEDES ALCOFORADO";"87 A";"";"EM FRENTE AO ATELIER DIVINA MODA";"JARDIM SÃO PAULO";NA;"";"COLISÃO";"ONIBUS E AUTO PASSEIO";1;0;0;0;0;1;0;0;0;0;0;"Esquina";"Bom";"";"Não existente";"Seca";"Perfeito estado";"Não existe";"Não há placas";"";"Dupla";"Não existe";"";""
"1485";2020-02-17;"10:58:00";"COM VÍTIMA";"FINALIZADA";"CAMPO GRANDE";"RUA JERONIMO VILELA";"161";"RUA MARQUES DE ABRANTES";"EM FRENTE A LOJA GRÃO NATURAL";"CAMPO GRANDE";NA;"";"COLISÃO FRONTAL";"AUTO E MOTO";1;1;0;0;0;0;0;0;0;1;0;"Cruzamento";"Bom";"Não existe";"Perfeito estado";"Seca";"Perfeito estado";"Não existe";"Outras";"";"Dupla";"Faixa seccionada";"";""
"1486";2020-02-17;"10:59:00";"SEM VÍTIMA";"FINALIZADA";"BOA VIAGEM";"AV BOA VIAGEM";"6306";"RUA JOAO CARDOSO AIRES";"E/F AO EDF. ANTONIO DIAS CARDOSO";"BOA VIAGEM";149;"CIDADE";"COLISÃO";"COLISÃO S/VTIMAS ENTRE DOIS AUTOS";2;0;0;0;0;0;0;0;0;0;0;"Cruzamento";"Bom";"Sem defeito";"Perfeito estado";"Seca";"Perfeito estado";"Outros";"Não há placas";"";"Única";"Faixa contínua";"";""
"1487";2020-02-17;"11:20:00";"SEM VÍTIMA";"FINALIZADA";"IPSEP";"RUA JEAN EMILE FAVRE";"S/N";"";"E/F A DELTA VEICULOS";"IPSEP";135;"SUBURBIO";"COLISÃO";"COLISÃO S/VTIMAS ENTRE DOIS AUTOS";2;0;0;0;0;0;0;0;0;0;0;"Longo da via";"Bom";"Sem defeito";"Perfeito estado";"Seca";"Perfeito estado";"Faixa de pedestre";"Outras";"";"Dupla";"Faixa contínua";"";""
"1488";2020-02-17;"13:11:00";"SEM VÍTIMA";"FINALIZADA";"SÃO JOSÉ";"AV SUL";"";"PRC SERGIO LORETO";"EM FRENTE AO POSTE BO15328";"SÃO JOSÉ";NA;"";"COLISÃO";"COLISÃO SEM VITIMA";1;0;0;0;0;1;0;0;0;0;0;"Longo da via";"Bom";"Não existe";"Não existente";"Seca";"Perfeito estado";"Não existe";"Não há placas";"60 km/h";"Única";"Faixa seccionada";"";""
"1489";2020-02-17;"13:25:00";"SEM VÍTIMA";"CANCELADA";"DERBY";"AV GOVERNADOR AGAMENON MAGALHAES";"241";"";"E/F AO CENTRO DE REPRODUÇAO HUMANA PISTA LOCAL CONDUTO SE DESLOCOU PARA RUA CARLOS DE LIMA CAVALCANTI";"DERBY";NA;"";"COLISÃO";"COLISAO ENTRE ONIBUS E AUTOS S/V";1;0;0;0;0;1;0;0;0;0;0;"";"";"";"";"";"";"";"";"";"";"";"";""
"1490";2020-02-17;"14:57:00";"SEM VÍTIMA";"CANCELADA";"CASA AMARELA";"AV NORTE";"";"";"E/F AO DESKONTAO S/T CID";"CASA AMARELA";NA;"";"COLISÃO";"COLISAO ENTRE DOIS AUTOS S/V";2;0;0;0;0;0;0;0;0;0;0;"";"";"";"";"";"";"";"";"";"";"";"";""
"1491";2020-02-17;"15:11:00";"SEM VÍTIMA";"FINALIZADA";"MADALENA";"AV ENGENHEIRO ABDIAS DE CARVALHO";"2056";"EST DOS REMEDIOS";"FARMACIA INDEPENDENTE // DROGASIL";"MADALENA";52;"CIDADE";"ENGAVETAMENTO";"ENGAVETAMENTO ENTRE TRES VEICULOS. VT 16 GM: GEANE E BRUNO CORREIA NO LOCAL";3;0;0;0;0;0;0;0;0;0;0;"Cruzamento";"Bom";"Sem defeito";"Incompleta";"Seca";"Perfeito estado";"Agente";"R-6a";"";"Dupla";"Faixa seccionada";"";""
"1492";2020-02-17;"15:15:00";"SEM VÍTIMA";"FINALIZADA";"AFOGADOS";"RUA DA PAZ";"82";"RUA NICOLAU PEREIRA";"E/F A FABRICA DA ASA NO SEMAFORO 073";"AFOGADOS";NA;"";"COLISÃO";"COLISAO NETRE DOIS AUTOS S/V";2;0;0;0;0;0;0;0;0;0;0;"Longo da via";"Bom";"Não existe";"Ilegível";"Seca";"Mal conservada";"Não existe";"R-6a";"";"Única";"Não existe";"";""
"1493";2020-02-17;"15:49:00";"COM VÍTIMA";"FINALIZADA";"SÃO JOSÉ";"VDO DAS CINCO PONTAS";"18";"";"16º BATALHAO";"SÃO JOSÉ";NA;"SUBURBIO";"ABALROAMENTO LONGITUDINAL";"COLISAO COM VITIMA ENTRE CARRO E MOTO. CARRO FOI EMBORA DO LOCAL";1;1;0;0;0;0;0;0;0;1;0;"Viaduto";"Bom";"Não existe";"Perfeito estado";"Seca";"Perfeito estado";"Não existe";"Outras";"40 km/h";"Única";"Faixa seccionada";"";""
"1494";2020-02-17;"16:14:00";"SEM VÍTIMA";"FINALIZADA";"JOANA BEZERRA";"AV DES GUERRA BARRETO";"S/N";"";"E/F AO FORUM JOANA BEZERRA";"JOANA BEZERRA";NA;"CIDADE";"COLISÃO";"COLISAO ENTRE DOIS AUTOS S/V";2;0;0;0;0;0;0;0;0;0;0;"Longo da via";"Bom";"Não existe";"Perfeito estado";"Seca";"Perfeito estado";"Faixa de pedestre";"R-6a";"";"Dupla";"Faixa contínua";"";""
"1495";2020-02-17;"16:45:00";"SEM VÍTIMA";"FINALIZADA";"SÃO JOSÉ";"AV ENGENHEIRO JOSE ESTELITA";"";"";"PROX AO CABANGA E/F AO CAIS";"SÃO JOSÉ";NA;"SUBURBIO";"COLISÃO";"COLISAO ENTRE DOIS AUTOS S/V";1;1;0;0;0;0;0;0;0;0;0;"Longo da via";"Bom";"Não existe";"Perfeito estado";"Seca";"Perfeito estado";"Não existe";"Não há placas";"";"Dupla";"Canteiro central";"";""
"1496";2020-02-17;"17:23:00";"COM VÍTIMA";"FINALIZADA";"ENCRUZILHADA";"AV BEBERIBE";"575B";"";"E/F A FERREIRA PINTO E ESTRELINHA KIDS.";"ENCRUZILHADA";480;"CIDADE";"COLISÃO";"COLISAO COM VITIMA";0;1;0;0;0;1;0;0;0;1;0;"Longo da via";"Bom";"Sem defeito";"Perfeito estado";"Seca";"Perfeito estado";"";"R-6a";"";"Dupla";"Faixa contínua";"Faixa seccionada";""
"1497";2020-02-17;"18:01:00";"SEM VÍTIMA";"FINALIZADA";"AREIAS";"RUA CAPITAO BRAZ DE BARROS";"84";"";"POR TRÁS DO TERMINAL VILA CARDIAL SILVA";"AREIAS";NA;"";"COLISÃO";"ENTRE 2 AUTOS. S/V";2;0;0;0;0;0;0;0;0;0;0;"Cruzamento";"Bom";"Não existe";"Não existente";"Seca";"Perfeito estado";"Não existe";"Não há placas";"";"Dupla";"Não existe";"";""
"1498";2020-02-17;"18:06:00";"COM VÍTIMA";"CANCELADA";"DOIS UNIDOS";"AV HILDEBRANDO DE VASCONCELOS";"";"";"E/F AO SUPERMERCADO GALEGO E TERMINAL DE DOIS UNIDOS";"DOIS UNIDOS";NA;"";"COLISÃO COM CICLISTA";"ENTRE AUTO E CICLISTA. C/V";1;0;0;1;0;0;0;0;0;1;0;"";"";"";"";"";"";"";"";"";"";"";"";""
"1499";2020-02-17;"18:21:00";"SEM VÍTIMA";"FINALIZADA";"BOA VIAGEM";"AV CONSELHEIRO AGUIAR";"2034";"";"E/F AO MINUTO PÃO DE AÇUCAR";"BOA VIAGEM";NA;"CIDADE";"ENGAVETAMENTO";"ENTRE 3 AUTOS. S/V";3;0;0;0;0;0;0;0;0;0;0;"Longo da via";"Bom";"Não existe";"Perfeito estado";"Seca";"Perfeito estado";"Não existe";"Outras";"";"Única";"Faixa seccionada";"";""
"1500";2020-02-17;"19:29:00";"SEM VÍTIMA";"FINALIZADA";"PAISSANDU";"RUA PAISSANDU";"S/N";"RUA EPAMINONDAS DE MELO";"PROX A PARADA DE ONIBUS";"PAISSANDU";69;"SUBURBIO";"COLISÃO";"FIAT UNO X";2;0;0;0;0;0;0;0;0;0;0;"Cruzamento";"Bom";"Sem defeito";"Perfeito estado";"Seca";"Mal iluminada";"Faixa de pedestre";"Não há placas";"60 km/h";"Única";"Faixa seccionada";"";""
"1501";2020-02-17;"19:49:00";"COM VÍTIMA";"FINALIZADA";"VÁRZEA";"AV CAXANGA";"";"";"SOBRE A PONTE MAL. HUMBERTO CASTELO BRANCO SENTIDO CAMARAGIBE";"VÁRZEA";NA;"SUBURBIO";"ABALROAMENTO LONGITUDINAL";"AUTO E MOTO.";1;1;0;0;0;0;0;0;0;1;0;"Longo da via";"Bom";"Não existe";"Perfeito estado";"Seca";"Perfeito estado";"Não existe";"Não há placas";"";"Dupla";"Faixa seccionada";"Canteiro central";""
"1502";2020-02-17;"20:03:00";"COM VÍTIMA";"FINALIZADA";"DOIS IRMÃOS";"RUA DOIS IRMAOS";"523";"";"PROX A ROSE BELTRAO RECEPÇOES";"DOIS IRMÃOS";NA;"CIDADE";"CHOQUE OBJETO FIXO";"VEICULO CHOCOU-SE COM ARVORE";1;0;0;0;0;0;0;0;0;1;0;"Longo da via";"Bom";"Não existe";"Ilegível";"Seca";"Mal iluminada";"Não existe";"Não há placas";"";"Dupla";"Faixa contínua";"";""
"1503";2020-02-17;"21:09:00";"SEM VÍTIMA";"FINALIZADA";"DERBY";"AV GOVERNADOR AGAMENON MAGALHAES";"";"RUA JORNALISTA PAULO BITTENCOURT";"E/F AO HOSPITAl DA RESTAURAÇÃO";"DERBY";NA;"";"COLISÃO";"ENTRE ÕNIBUS E AUTO PASSEIO. S/V";1;0;0;0;0;1;0;0;0;0;0;"Esquina";"Bom";"Não existe";"Perfeito estado";"Seca";"Perfeito estado";"Não existe";"Não há placas";"60 km/h";"Dupla";"Canal";"";""
"1504";2020-02-17;"21:43:00";"SEM VÍTIMA";"FINALIZADA";"BOA VIAGEM";"AV BEIRA MAR";"114";"";"IGRAJA BEIRA MAR (FAMILIA 61)";"BOA VIAGEM";NA;"SUBURBIO";"COLISÃO";"TUCSON X ONIBUS BORBOREMA";1;0;0;0;0;1;0;0;0;0;0;"Longo da via";"Bom";"Sem defeito";"Perfeito estado";"Seca";"Perfeito estado";"Faixa de pedestre";"Não há placas";"60 km/h";"Única";"Faixa seccionada";"";""
"1505";2020-02-17;"22:20:00";"COM VÍTIMA";"FINALIZADA";"IBURA";"RUA RIO DA PRATA";"244";"";"PRÓX AO CANAL. PRÓXIMO A LEO CAR.";"IBURA";NA;"";"ABALROAMENTO LONGITUDINAL";"ENTRE VT DA POLÍCIA E MOTO. C/V";0;1;0;0;0;0;0;1;0;1;0;"Longo da via";"Bom";"Não existe";"Ilegível";"Seca";"Perfeito estado";"Não existe";"Não há placas";"";"Dupla";"Não existe";"";""