"";"data";"hora";"natureza_acidente";"situacao";"bairro";"endereco";"numero";"detalhe_endereco_acidente";"complemento";"bairro_cruzamento";"num_semaforo";"sentido_via";"tipo";"descricao";"auto";"moto";"ciclom";"ciclista";"pedestre";"onibus";"caminhao";"viatura";"outros";"vitimas";"vitimasfatais";"acidente_verificado";"tempo_clima";"situacao_semaforo";"sinalizacao";"condicao_via";"conservacao_via";"ponto_controle";"situacao_placa";"velocidade_max_via";"mao_direcao";"divisao_via1";"divisao_via2";"divisao_via3"
"1616";2020-02-20;"14:47:00";"COM VÍTIMA";"FINALIZADA";"DERBY";"RUA JENER DE SOUZA";"";"";"EM FRENTE A FUNDAÇÃO JOAQUIM NABUCO";"DERBY";NA;"";"COLISÃO";"COLISÃO COM VÍTIMA";1;1;0;0;0;0;0;0;0;1;0;"";"";"";"";"";"";"";"";"";"";"";"";""
"1617";2020-02-20;"15:10:00";"SEM VÍTIMA";"CANCELADA";"BOA VIAGEM";"AV BOA VIAGEM";"";"";"E/F A PADARIA BOA VIAGEM";"BOA VIAGEM";NA;"";"COLISÃO";"COLISAO ENTRE DOIS AUTOS S/V";2;0;0;0;0;0;0;0;0;0;0;"";"";"";"";"";"";"";"";"";"";"";"";""
"1618";2020-02-20;"15:13:00";"SEM VÍTIMA";"FINALIZADA";"JOANA BEZERRA";"RUA AGUA DOCE";"";"";"E/F AO PORTAO DE ENTRADA DO TERMINAL INTEGRADO JOANA BEZERRA . AO LADO DA ACADEMIA DA CIDADE";"JOANA BEZERRA";NA;"CIDADE";"ATROPELAMENTO ANIMAL";"COLISAO ENTRE ONIBUS -CICLISTA E CAVALO";0;0;0;1;0;1;0;0;1;0;0;"Longo da via";"Bom";"Não existe";"Perfeito estado";"Seca";"Perfeito estado";"Não existe";"Não há placas";"";"Única";"Canteiro central";"";""
"1619";2020-02-20;"15:15:00";"SEM VÍTIMA";"FINALIZADA";"BOA VIAGEM";"AV BOA VIAGEM";"";"";"EM FRENTE AO PARQUE DONA LINDU";"BOA VIAGEM";1;"CIDADE";"COLISÃO";"COLISÃO SEM VÍTIMA";1;1;0;0;0;0;0;0;0;0;0;"Longo da via";"Chuvoso";"Sem defeito";"Perfeito estado";"Molhada";"Perfeito estado";"Faixa de pedestre";"Não há placas";"60 km/h";"Única";"Faixa contínua";"";""
"1620";2020-02-20;"15:39:00";"SEM VÍTIMA";"FINALIZADA";"BOA VIAGEM";"RUA RIBEIRO DE BRITO";"1197";"RUA JONATHAS DE VASCONCELOS";"UNINASSAU// SUBIDA DO VIADUTO// HOTEL NACIONAL INN BOA VIAGEM";"BOA VIAGEM";NA;"AV RECIFE";"COLISÃO";"COLISAO S/ VITIMA// ENTRE DOIS VEICULOS";2;0;0;0;0;0;0;0;0;0;0;"Cruzamento";"Chuvoso";"Não existe";"Perfeito estado";"Molhada";"Perfeito estado";"Outros";"Outras";"60 km/h";"Única";"Faixa seccionada";"";""
"1621";2020-02-20;"15:47:00";"COM VÍTIMA";"FINALIZADA";"SAN MARTIN";"RUA PROFESSOR SILVIO DA CUNHA SANTOS";"254";"RUA ARSENIO CALACA";"PROXIMO A IGREJA NOSSA SENHORA DE FATIMA";"SAN MARTIN";NA;"SUBURBIO";"ABALROAMENTO TRANSVERSAL";"COLISÃO COM VÍTIMA";1;1;0;0;0;0;0;0;0;1;0;"Longo da via";"Bom";"Não existe";"Perfeito estado";"Seca";"Perfeito estado";"Não existe";"Não há placas";"";"Dupla";"Não existe";"";""
"1622";2020-02-20;"15:52:00";"SEM VÍTIMA";"CANCELADA";"BOA VIAGEM";"RUA FELIX DE BRITO E MELO";"640";"";"E/F A CULTURA YOUNG";"BOA VIAGEM";NA;"";"COLISÃO";"COLISAO ENTRE DOIS AUTOS S/V";2;0;0;0;0;0;0;0;0;0;0;"";"";"";"";"";"";"";"";"";"";"";"";""
"1623";2020-02-20;"16:11:00";"SEM VÍTIMA";"FINALIZADA";"PRADO";"RUA GREGORIO JUNIOR";"430";"RUA GOMES TABORDA";"PROX AMENDOLANDIA";"PRADO";NA;"SUBURBIO";"COLISÃO";"COLISAO ENTRE DOIS AUTOS S/V";2;0;0;0;0;0;0;0;0;0;0;"Longo da via";"Bom";"Não existe";"Perfeito estado";"Seca";"Perfeito estado";"Não existe";"Não há placas";"";"Única";"Faixa seccionada";"";""
"1624";2020-02-20;"16:22:00";"SEM VÍTIMA";"FINALIZADA";"SAN MARTIN";"RUA DUARTE FILHO";"104";"RUA COMENDADOR FRANCO FERREIRA";"PROX A LOMBADA ELETRONICA";"SAN MARTIN";NA;"";"COLISÃO";"COLISAO ENTRE AUTO E MOTO S/V";1;1;0;0;0;0;0;0;0;0;0;"Cruzamento";"Chuvoso";"Não existe";"Ilegível";"Seca";"Outros";"Outros";"Placas Pare";"30 km/h";"Dupla";"Não existe";"";""
"1625";2020-02-20;"16:40:00";"SEM VÍTIMA";"FINALIZADA";"AFOGADOS";"RUA SAO MIGUEL";"1702";"";"PROXIMO AO ATACAREJO";"AFOGADOS";NA;"CIDADE";"COLISÃO";"COLISÃO SEM VÍTIMA";1;0;0;0;0;0;0;0;1;0;0;"Longo da via";"Bom";"Não existe";"Não existente";"Seca";"Perfeito estado";"Não existe";"Não há placas";"";"Dupla";"Faixa contínua";"";""
"1626";2020-02-20;"17:01:00";"SEM VÍTIMA";"CANCELADA";"MACAXEIRA";"AV NORTE";"";"";"NO GIRADOURO PROX AO TERMINAL DA MACAXEIRA";"MACAXEIRA";NA;"";"COLISÃO";"COLISAO ENTRE DOIS AUTOS S/V";2;0;0;0;0;0;0;0;0;0;0;"";"";"";"";"";"";"";"";"";"";"";"";""
"1627";2020-02-20;"17:24:00";"SEM VÍTIMA";"FINALIZADA";"PAISSANDU";"AV GOVERNADOR AGAMENON MAGALHAES";"";"";"E/F AO HOSPITAL PORTUGUES PISTA LOCAL";"PAISSANDU";NA;"SUBURBIO";"COLISÃO";"COLISAO ENTRE DOIS AUTOS S/V";2;0;0;0;0;0;0;0;0;0;0;"Longo da via";"Chuvoso";"Não existe";"Perfeito estado";"Molhada";"Perfeito estado";"Outros";"Outras";"50 km/h";"Dupla";"Faixa seccionada";"";""
"1628";2020-02-20;"17:40:00";"SEM VÍTIMA";"FINALIZADA";"VASCO DA GAMA";"AV NORTE";"6629";"";"E/F PALACIO ATACADO";"VASCO DA GAMA";NA;"CIDADE";"COLISÃO";"AUTO X ÔNIBUS";1;0;0;0;0;1;0;0;0;0;0;"Longo da via";"Bom";"Não existe";"";"Seca";"Perfeito estado";"Não existe";"R-6a";"";"Única";"Faixa seccionada";"Canteiro central";""
"1629";2020-02-20;"18:13:00";"SEM VÍTIMA";"CANCELADA";"BAIRRO DO RECIFE";"PRC SERGIO LORETO";"";"1PR DIAS COELHO";"E/F AO BAR DO INDIO";"BAIRRO DO RECIFE";NA;"";"COLISÃO";"COLISAO SEM VITIMAS";2;0;0;0;0;0;0;0;0;0;0;"";"";"";"";"";"";"";"";"";"";"";"";""
"1630";2020-02-20;"18:22:00";"SEM VÍTIMA";"FINALIZADA";"BOA VIAGEM";"AV CONSELHEIRO AGUIAR";"4200";"RUA RIBEIRO DE BRITO";"AO LADO DO HOLIDAY";"BOA VIAGEM";147;"CIDADE";"COLISÃO";"COLISÃO SEM VÍTIMA";1;1;0;0;0;0;0;0;0;0;0;"Cruzamento";"Chuvoso";"Sem defeito";"Perfeito estado";"Molhada";"Perfeito estado";"Agente";"Não há placas";"60 km/h";"Única";"Faixa seccionada";"";""
"1631";2020-02-20;"18:25:00";"SEM VÍTIMA";"CANCELADA";"BOA VIAGEM";"RUA BARAO DE SOUZA LEAO";"698";"";"E/F AO RESTAURANTE COSTA BRAVA";"BOA VIAGEM";NA;"";"COLISÃO";"COLISAO SEM VITIMAS";2;0;0;0;0;0;0;0;0;0;0;"";"";"";"";"";"";"";"";"";"";"";"";""
"1632";2020-02-20;"18:28:00";"SEM VÍTIMA";"FINALIZADA";"CORDEIRO";"AV CAXANGA";"1414";"";"EM FRENTE AO Nº 1414";"CORDEIRO";NA;"SUBURBIO";"COLISÃO TRASEIRA";"PEUGEOT X KIA";2;0;0;0;0;0;0;0;0;0;0;"Longo da via";"Bom";"Não existe";"Perfeito estado";"Seca";"Perfeito estado";"Não existe";"Não há placas";"";"Dupla";"Canteiro central";"";""
"1633";2020-02-20;"18:36:00";"SEM VÍTIMA";"FINALIZADA";"IPUTINGA";"EST DO BARBALHO";"110";"AV CAXANGA";"ENF. A LOJA TUDO É 10";"IPUTINGA";533;"SUBURBIO";"COLISÃO";"PALIO X FIORINO";2;0;0;0;0;0;0;0;0;0;0;"Longo da via";"Bom";"Sem defeito";"Perfeito estado";"Seca";"Perfeito estado";"Agente";"Não há placas";"";"Única";"Faixa contínua";"Faixa seccionada";""
"1634";2020-02-20;"18:49:00";"SEM VÍTIMA";"CANCELADA";"";"RUA XAVANTES";"150";"";"";"";NA;"";"COLISÃO";"";2;0;0;0;0;0;0;0;0;0;0;"";"";"";"";"";"";"";"";"";"";"";"";""
"1635";2020-02-20;"19:48:00";"SEM VÍTIMA";"FINALIZADA";"BOA VISTA";"RUA JOSE DE ALENCAR";"";"AV MANOEL BORBA";"NO CRUZAMENTO MESMO";"BOA VISTA";29;"SUBURBIO";"COLISÃO";"COLISAO SEM VITIMAS";2;0;0;0;0;0;0;0;0;0;0;"Cruzamento";"Chuvoso";"Sem defeito";"Perfeito estado";"Molhada";"Perfeito estado";"Faixa de pedestre";"R-25b";"30 km/h";"Dupla";"Não existe";"";""
"1636";2020-02-20;"19:55:00";"SEM VÍTIMA";"FINALIZADA";"ARRUDA";"AV PROFESSOR JOSE DOS ANJOS";"";"";"AO LADO DENOCS // BEIRA CANAL DO ARRUDA";"ARRUDA";NA;"SUBURBIO";"COLISÃO";"HONDA CIVIC X HONDA CITY";2;0;0;0;0;0;0;0;0;0;0;"Longo da via";"Chuvoso";"Não existe";"Perfeito estado";"Molhada";"Mal iluminada";"Outros";"Não há placas";"";"Dupla";"Canal";"";""
"1637";2020-02-20;"21:30:00";"SEM VÍTIMA";"CANCELADA";"MADALENA";"AV VISCONDE DE ALBUQUERQUE";"862";"RUA JANUARIO BARBOSA";"ENF. A UME UNIDADE MEDICA ESPECIALIZADA";"MADALENA";NA;"";"COLISÃO";"AUTO X MOTO";1;1;0;0;0;0;0;0;0;0;0;"";"";"";"";"";"";"";"";"";"";"";"";""
"1638";2020-02-20;"21:36:00";"SEM VÍTIMA";"FINALIZADA";"MACAXEIRA";"AV NORTE";"7142";"";"ANTES DO PARQUE DA MACAXEIRA // SENTIDO MACAXEIRA";"MACAXEIRA";424;"SUBURBIO";"COLISÃO";"MOTO X FORD KA";1;1;0;0;0;0;0;0;0;0;0;"Longo da via";"Chuvoso";"Sem defeito";"Perfeito estado";"Molhada";"Perfeito estado";"Faixa de pedestre";"Outras";"";"Única";"Faixa contínua";"Faixa seccionada";"Canteiro central"
"1639";2020-02-20;"21:55:00";"SEM VÍTIMA";"FINALIZADA";"BOA VIAGEM";"RUA ERNESTO DE PAULA SANTOS";"";"RUA JONATHAS DE VASCONCELOS";"E/F AO POSTO BR";"BOA VIAGEM";NA;"SUBURBIO";"COLISÃO";"COLISAO SEM VITIMAS";2;0;0;0;0;0;0;0;0;0;0;"Cruzamento";"Bom";"Não existe";"Perfeito estado";"Seca";"Perfeito estado";"Não existe";"Não há placas";"";"Única";"Faixa seccionada";"";""
"1640";2020-02-20;"22:13:00";"SEM VÍTIMA";"CANCELADA";"ÁGUA FRIA";"EST VELHA DE AGUA FRIA";"";"";"PROX AO DENOCS";"ÁGUA FRIA";NA;"";"CHOQUE OBJETO FIXO";"AUTO E ARVORE";1;0;0;0;0;0;0;0;0;0;0;"";"";"";"";"";"";"";"";"";"";"";"";""
"1641";2020-02-20;"23:00:00";"SEM VÍTIMA";"CANCELADA";"BOA VIAGEM";"RUA VISCONDE DE JEQUITINHONHA";"";"RUA BARAO DE SOUZA LEAO";"ENF AO HOSPITAL NOSSA SENHORA DAS GRAÇAS";"BOA VIAGEM";124;"";"ENGAVETAMENTO";"VERSA X PRISMA X JOY";3;0;0;0;0;0;0;0;0;0;0;"";"";"";"";"";"";"";"";"";"";"";"";""
"1642";2020-02-21;"02:05:00";"COM VÍTIMA";"CANCELADA";"SÃO JOSÉ";"RUA IMPERIAL";"";"";"PONTILHÃO DO FEIRÃO";"SÃO JOSÉ";NA;"";"COLISÃO";"COLISÃO ENTRE AUTO E MOTO- C/V";1;1;0;0;0;0;0;0;0;1;0;"";"";"";"";"";"";"";"";"";"";"";"";""
"1643";2020-02-21;"03:11:00";"COM VÍTIMA";"FINALIZADA";"IBURA";"AV RECIFE";"";"RUA SAO NICOLAU";"PRÓX A CASA DAS BATERIAS // MARAVILHA MOTOS";"IBURA";16;"CIDADE";"ABALROAMENTO TRANSVERSAL";"COLISÃO ENTRE DOIS AUTOS- C/V";2;0;0;0;0;0;0;0;0;1;0;"Cruzamento";"Bom";"Sem defeito";"Perfeito estado";"Seca";"Perfeito estado";"Faixa de pedestre";"R-6a";"";"Dupla";"Canteiro central";"";""
"1644";2020-02-21;"06:55:00";"SEM VÍTIMA";"FINALIZADA";"BEBERIBE";"AV BEBERIBE";"";"";"";"BEBERIBE";153;"SUBURBIO";"ABALROAMENTO TRANSVERSAL";"COLISÃO SEM VITIMAS";1;1;0;0;0;0;0;0;0;0;0;"Longo da via";"Bom";"Sem defeito";"Perfeito estado";"Seca";"Perfeito estado";"Faixa de pedestre";"Outras";"";"Dupla";"Faixa seccionada";"";""
"1645";2020-02-21;"07:52:00";"SEM VÍTIMA";"FINALIZADA";"PRADO";"AV ENGENHEIRO ABDIAS DE CARVALHO";"";"";"E/F A GRANVIA";"PRADO";132;"CIDADE";"COLISÃO TRASEIRA";"COLISÃO S/VITIMAS ENTRE DUAS MOTOS (USUÁRIO INF. QUE HOUVE ESCORIAÇÕES- NO ENTANTO- NÃO VAI SER ACIONADO SAMU)";0;2;0;0;0;0;0;0;0;0;0;"Longo da via";"Bom";"Sem defeito";"Perfeito estado";"Seca";"Perfeito estado";"Faixa de pedestre";"R-6a";"";"Dupla";"Faixa seccionada";"";""
"1646";2020-02-21;"08:13:00";"SEM VÍTIMA";"FINALIZADA";"AFOGADOS";"RUA VINTE E UM DE ABRIL";"";"";"";"AFOGADOS";NA;"CIDADE";"ABALROAMENTO LONGITUDINAL";"COLISÃO SEM VITIMAS";1;0;0;0;0;0;1;0;0;0;0;"Longo da via";"Bom";"Não existe";"Incompleta";"Seca";"Mal conservada";"Não existe";"Não há placas";"";"Dupla";"Não existe";"";""
"1647";2020-02-21;"08:26:00";"SEM VÍTIMA";"FINALIZADA";"BOA VIAGEM";"AV CONSELHEIRO AGUIAR";"2217";"";"LADO OPOSTO A PORTOBELLO SHOP";"BOA VIAGEM";NA;"CIDADE";"ABALROAMENTO LONGITUDINAL";"COLISAO SEM VITIMAS";1;0;0;0;0;1;0;0;0;0;0;"Longo da via";"Bom";"Não existe";"Perfeito estado";"Seca";"Perfeito estado";"Não existe";"Outras";"";"Única";"Faixa contínua";"Faixa seccionada";""
"1648";2020-02-21;"08:48:00";"SEM VÍTIMA";"FINALIZADA";"AFOGADOS";"RUA NICOLAU PEREIRA";"";"RUA DO ACRE";"MERCADO DE AFOGADOS";"AFOGADOS";NA;"SUBURBIO";"COLISÃO TRASEIRA";"AUTO E MOTO";1;1;0;0;0;0;0;0;0;0;0;"Longo da via";"Bom";"Não existe";"Perfeito estado";"Seca";"Perfeito estado";"Não existe";"Outras";"";"Única";"Não existe";"";""
"1649";2020-02-21;"09:25:00";"SEM VÍTIMA";"FINALIZADA";"";"RUA RIO AZUL";"";"";"LADO OPOSTO AO POSTE B 007734";"";NA;"CIDADE";"ABALROAMENTO LONGITUDINAL";"DOIS AUTOS";2;0;0;0;0;0;0;0;0;0;0;"Longo da via";"Bom";"Não existe";"Perfeito estado";"Seca";"Perfeito estado";"Não existe";"Outras";"";"Única";"Faixa seccionada";"";""
"1650";2020-02-21;"09:53:00";"SEM VÍTIMA";"FINALIZADA";"BOA VIAGEM";"RUA MINISTRO NELSON HUNGRIA";"";"RUA MARIA CAROLINA";"";"BOA VIAGEM";NA;"SUBURBIO";"ABALROAMENTO TRANSVERSAL";"COLISÃO S/VITIMAS ENTRE UMA MOTO E UM AUTO";1;1;0;0;0;0;0;0;0;0;0;"Cruzamento";"Bom";"Não existe";"Perfeito estado";"Seca";"Perfeito estado";"Faixa de retenção";"Não há placas";"";"Única";"Não existe";"";""
"1651";2020-02-21;"09:57:00";"SEM VÍTIMA";"FINALIZADA";"PARNAMIRIM";"RUA SEBASTIAO MALTA ARCOVERDE";"173";"";"";"PARNAMIRIM";NA;"SUBURBIO";"COLISÃO TRASEIRA";"COLISÃO SEM VITIMAS VT 08 QTH";2;0;0;0;0;0;0;0;0;0;0;"Longo da via";"Bom";"Não existe";"Perfeito estado";"Seca";"Perfeito estado";"Não existe";"Não há placas";"";"Única";"Não existe";"";""
"1652";2020-02-21;"09:59:00";"SEM VÍTIMA";"CANCELADA";"CASA FORTE";"AV DEZESSETE DE AGOSTO";"1472";"EST REAL DO POCO";"EM FRENTE A AMERICANA EXPRESS";"CASA FORTE";NA;"";"COLISÃO";"DOIS AUTOS";2;0;0;0;0;0;0;0;0;0;0;"";"";"";"";"";"";"";"";"";"";"";"";""
"1653";2020-02-21;"11:36:00";"SEM VÍTIMA";"CANCELADA";"ESPINHEIRO";"AV JOAO DE BARROS";"1593";"";"EM FRENTE AO COLEGIO SABER VIVER";"ESPINHEIRO";NA;"";"COLISÃO";"COLISAO SEM VITIMAS";2;0;0;0;0;0;0;0;0;0;0;"";"";"";"";"";"";"";"";"";"";"";"";""
"1654";2020-02-21;"11:40:00";"SEM VÍTIMA";"FINALIZADA";"AFOGADOS";"EST DOS REMEDIOS";"";"";"SUPERMERCADO TODO DIA";"AFOGADOS";NA;"SUBURBIO";"ABALROAMENTO LONGITUDINAL";"COLISÃO  SEM VITIMAS";1;0;0;0;0;0;0;0;1;0;0;"Longo da via";"Chuvoso";"Sem defeito";"Perfeito estado";"Molhada";"Perfeito estado";"Faixa de pedestre";"Placas Dê a preferência";"";"Dupla";"Faixa contínua";"";""
"1655";2020-02-21;"11:50:00";"COM VÍTIMA";"CANCELADA";"JARDIM SÃO PAULO";"EST DO CURADO";"737";"";"EM FRENTE AO POSTO DE SAUDE  PLANETA DOS MACACOS 2";"JARDIM SÃO PAULO";NA;"";"COLISÃO";"COLISÃO COM VITIMA  A ESPERA DO SAMU";2;0;0;0;0;0;0;0;0;2;0;"";"";"";"";"";"";"";"";"";"";"";"";""
"1656";2020-02-21;"11:51:00";"SEM VÍTIMA";"FINALIZADA";"BOA VISTA";"AV MONTEVIDEU";"34";"";"BIG BOM PREÇO DO PARQUE AMORIM";"BOA VISTA";NA;"SUBURBIO";"ABALROAMENTO LONGITUDINAL";"COLISÃO S/VITIMAS ENTRE UM AUTO E UM CAMINHAO";1;0;0;0;0;0;1;0;0;0;0;"Longo da via";"Chuvoso";"Não existe";"Não existente";"Molhada";"Perfeito estado";"Não existe";"";"";"Única";"Não existe";"";""
"1657";2020-02-21;"11:59:00";"COM VÍTIMA";"FINALIZADA";"CÓRREGO DO JENIPAPO";"AV NORTE";"";"";"PRÓX. AO TERMINAL DA MACAXEIRA. LADO OPOSTO AO PONTO DE ÔNIBUS Nº 110001.";"CÓRREGO DO JENIPAPO";NA;"CIDADE";"COLISÃO TRASEIRA";"COLISÃO C/VITIMA ENTRE TRES AUTOS E MOTO (V.T06 NO QTH)";3;1;0;0;0;0;0;0;0;1;0;"Longo da via";"Bom";"Não existe";"Perfeito estado";"Seca";"Perfeito estado";"Não existe";"Não há placas";"60 km/h";"Dupla";"Canteiro central";"";""
"1658";2020-02-21;"12:19:00";"SEM VÍTIMA";"FINALIZADA";"BOA VIAGEM";"AV CONSELHEIRO AGUIAR";"";"RUA RIBEIRO DE BRITO";"";"BOA VIAGEM";147;"CIDADE";"COLISÃO TRASEIRA";"COLISÃO SEM VÍTIMA";2;0;0;0;0;0;0;0;0;0;0;"Cruzamento";"Bom";"Sem defeito";"Perfeito estado";"Seca";"Perfeito estado";"Faixa de pedestre";"R-6a";"";"Única";"Faixa seccionada";"";""
"1659";2020-02-21;"12:24:00";"SEM VÍTIMA";"CANCELADA";"IBURA";"AV DOM HELDER CAMARA";"";"";"AO LADO DO NUCLEO DA PM/ SENTIDO IPSEP";"IBURA";NA;"";"COLISÃO";"COLISÃO SEM VÍTIMA";1;0;0;0;0;0;1;0;0;0;0;"";"";"";"";"";"";"";"";"";"";"";"";""
"1660";2020-02-21;"13:11:00";"SEM VÍTIMA";"FINALIZADA";"DOIS IRMÃOS";"RUA DOIS IRMAOS";"1117";"";"EM FRENTE A LAFEPE";"DOIS IRMÃOS";NA;"CIDADE";"COLISÃO TRASEIRA";"COLISAO S/ VITIMA. ENTRE CARRO E CAMINHAO";1;0;0;0;0;0;1;0;0;0;0;"Longo da via";"Bom";"Sem defeito";"Perfeito estado";"Seca";"Perfeito estado";"Não existe";"R-6a";"";"Dupla";"";"";""
"1661";2020-02-21;"13:27:00";"SEM VÍTIMA";"DUPLICIDADE";"DOIS IRMÃOS";"PRC FARIAS NEVES";"S/V";"";"PROX A O ZOOLOGICO DOIS IRMAOS E/F AO LAFEPE";"DOIS IRMÃOS";NA;"";"COLISÃO";"COLISAO ENTRE CAMINHAO E AUTOS S/V";1;0;0;0;0;0;1;0;0;0;0;"";"";"";"";"";"";"";"";"";"";"";"";""
"1662";2020-02-21;"13:43:00";"SEM VÍTIMA";"FINALIZADA";"GRAÇAS";"RUA CONFEDERACAO DO EQUADOR";"143";"";"";"GRAÇAS";NA;"CIDADE";"ABALROAMENTO LONGITUDINAL";"COLISAO S/ VITIMA ENTRE DOIS VEICULOS";2;0;0;0;0;0;0;0;0;0;0;"Longo da via";"Bom";"Não existe";"Perfeito estado";"Seca";"Perfeito estado";"Agente";"Outras";"40 km/h";"";"Não existe";"";""
"1663";2020-02-21;"14:41:00";"SEM VÍTIMA";"FINALIZADA";"BOA VISTA";"RUA AURORA";"";"AV CONDE DA BOA VISTA";"";"BOA VISTA";NA;"CIDADE";"CHOQUE OBJETO FIXO";"VEÍCULO CHOCOU-SE COM UMA BARRACA";0;0;0;0;0;1;0;0;0;0;0;"Longo da via";"Bom";"Sem defeito";"Perfeito estado";"Seca";"Perfeito estado";"Não existe";"Não há placas";"";"Única";"Não existe";"";""
"1664";2020-02-21;"15:32:00";"COM VÍTIMA";"FINALIZADA";"SÍTIO DOS PINTOS";"EST DOS PINTOS";"";"";"GRANJA DE DONA LOLA. PANIFICADORA NOVA OPÇÃO.";"SÍTIO DOS PINTOS";NA;"SUBURBIO";"COLISÃO COM CICLISTA";"COLISAO COM VITIMA ENTRE ONIBUS E CICLISTA";0;0;0;1;0;1;0;0;0;1;0;"Longo da via";"Bom";"Não existe";"Perfeito estado";"Seca";"Perfeito estado";"Não existe";"Outras";"";"Dupla";"Não existe";"";""
"1665";2020-02-21;"15:40:00";"SEM VÍTIMA";"FINALIZADA";"BAIRRO DO RECIFE";"AV MILITAR";"";"";"SOB O SEMÁFORO 436";"BAIRRO DO RECIFE";436;"CIDADE";"COLISÃO TRASEIRA";"COLISÃO SEM VÍTIMA";2;0;0;0;0;0;0;0;0;0;0;"Longo da via";"Bom";"Sem defeito";"Perfeito estado";"Seca";"Perfeito estado";"Agente";"Não há placas";"";"Única";"";"";""
"1666";2020-02-21;"15:59:00";"COM VÍTIMA";"FINALIZADA";"ENCRUZILHADA";"EST DE BELEM";"";"RUA DONA JULIETA";"EM FRENTE A IGREJA DE BELEM";"ENCRUZILHADA";NA;"SUBURBIO";"ABALROAMENTO TRANSVERSAL";"COLISÃO COM VÍTIMA";1;1;0;0;0;0;0;0;0;1;0;"Longo da via";"Bom";"Não existe";"Perfeito estado";"Seca";"Perfeito estado";"Não existe";"Outras";"40 km/h";"Dupla";"Faixa contínua";"";""
"1667";2020-02-21;"18:30:00";"SEM VÍTIMA";"FINALIZADA";"BOA VIAGEM";"RUA DEZ DE JULHO";"";"";"SEI";"BOA VIAGEM";322;"CIDADE";"ABALROAMENTO LONGITUDINAL";"COLISÃO ENTRE AUTO E ÔNIBUS S/V";1;0;0;0;0;1;0;0;0;0;0;"Longo da via";"Bom";"Sem defeito";"Perfeito estado";"Seca";"Perfeito estado";"Não existe";"Não há placas";"";"Única";"Não existe";"";""
"1668";2020-02-21;"18:40:00";"SEM VÍTIMA";"FINALIZADA";"BOA VISTA";"RUA BISPO CARDOSO AYRES";"229";"";"";"BOA VISTA";NA;"SUBURBIO";"CHOQUE VEÍCULO PARADO";"CHOQUE ENVOLVENDO DOIS AUTOS";2;0;0;0;0;0;0;0;0;0;0;"Longo da via";"Bom";"Não existe";"Perfeito estado";"Seca";"Perfeito estado";"Não existe";"Outras";"40 km/h";"Única";"Não existe";"";""
"1669";2020-02-21;"18:55:00";"SEM VÍTIMA";"FINALIZADA";"PINA";"AV CONSELHEIRO AGUIAR";"226";"";"OPOSTO A MASSARIA";"PINA";NA;"CIDADE";"ABALROAMENTO LONGITUDINAL";"COLISÃO ENTRE AUTO E ÔNIBUS S/V";1;0;0;0;0;1;0;0;0;0;0;"Longo da via";"Bom";"Não existe";"Perfeito estado";"Seca";"";"Não existe";"R-6a";"";"Única";"Faixa seccionada";"";""
"1670";2020-02-21;"18:58:00";"SEM VÍTIMA";"FINALIZADA";"GRAÇAS";"AV RUI BARBOSA";"";"RUA BRUNO MAIA";"FARMACIA DROGASIL";"GRAÇAS";NA;"CIDADE";"ABALROAMENTO LONGITUDINAL";"HB 20 X PRISMA";2;0;0;0;0;0;0;0;0;0;0;"Longo da via";"Bom";"Sem defeito";"Perfeito estado";"Seca";"Perfeito estado";"Não existe";"Outras";"";"Única";"Faixa seccionada";"";""
"1671";2020-02-21;"19:46:00";"SEM VÍTIMA";"FINALIZADA";"IPUTINGA";"RUA CERES";"";"AV PROFESSOR MORAES REGO";"";"IPUTINGA";NA;"SUBURBIO";"ABALROAMENTO LONGITUDINAL";"LOGAN X MOTO BROS C/V- APÓS A VIATURA CHEGAR AO LOCAL O SOLICITANTE ENTROU EM CONTATO INFORMANDO QUE A VITIMA NÃO IRIA SOLICITAR SOCORRO E NÃO IRIA SE DIRIGIR A UM HOSPITAL-- O MESMO INFORMOU QUE ERA PARA EU TIRA A VITIMA E DEIXAR A COLISÃO COMO SEM VITIMA";1;1;0;0;0;0;0;0;0;0;0;"";"Bom";"Não existe";"Incompleta";"Seca";"Perfeito estado";"Não existe";"Não há placas";"";"Dupla";"Não existe";"";""
"1672";2020-02-21;"20:33:00";"SEM VÍTIMA";"FINALIZADA";"CORDEIRO";"RUA GOMES TABORDA";"624";"";"EM FRENTE A DROGASIL";"CORDEIRO";67;"";"COLISÃO TRASEIRA";"COLISÃO ENTRE DOIS AUTOS S/V";2;0;0;0;0;0;0;0;0;0;0;"Longo da via";"Bom";"Sem defeito";"Perfeito estado";"Seca";"Perfeito estado";"Faixa de pedestre";"Outras";"";"Dupla";"Faixa contínua";"";""