"";"data";"hora";"natureza_acidente";"situacao";"bairro";"endereco";"numero";"detalhe_endereco_acidente";"complemento";"bairro_cruzamento";"num_semaforo";"sentido_via";"tipo";"descricao";"auto";"moto";"ciclom";"ciclista";"pedestre";"onibus";"caminhao";"viatura";"outros";"vitimas";"vitimasfatais";"acidente_verificado";"tempo_clima";"situacao_semaforo";"sinalizacao";"condicao_via";"conservacao_via";"ponto_controle";"situacao_placa";"velocidade_max_via";"mao_direcao";"divisao_via1";"divisao_via2";"divisao_via3"
"1673";2020-02-21;"21:01:00";"COM VÍTIMA";"CANCELADA";"IMBIRIBEIRA";"AV MARECHAL MASCARENHAS DE MORAES";"";"";"EM FRENTE AO GERALDÃO";"IMBIRIBEIRA";NA;"CIDADE";"CHOQUE";"VEÍCULO CHOCOU-SE NO GRADIL DO GERALDÃO C/V- OBSERVAÇÃO: A SOLICITANTE NÃO SABIA AO CERTO QUANTAS VITÍMAS FORAM E NÃO SABIA CONFIRMAR SE A VÍTIMA FOI FATAL- POIS NÃO ESTAVA CONSEGUINDO ENTRAR EM CONTATO COM O EFETIVO QUE ESTÁ NO LOCAL DA OCORRÊNCIA- PARA PEGAR AS INFORMAÇÕES DA QUANTIDADE DE VÍTIMA E PLACA DO VEÍCULO";1;0;0;0;0;0;0;0;0;1;0;"";"";"";"";"";"";"";"";"";"";"";"";""
"1674";2020-02-21;"21:15:00";"COM VÍTIMA";"FINALIZADA";"ENCRUZILHADA";"AV BEBERIBE";"600";"RUA DR EDUARDO WANDERLEY";"ENF A FERREIRA PINTO";"ENCRUZILHADA";NA;"SUBURBIO";"ABALROAMENTO LONGITUDINAL";"DUAS MOTOS ( XRE X HONDA CB)";0;2;0;0;0;0;0;0;0;2;0;"Esquina";"Bom";"Sem defeito";"Perfeito estado";"Seca";"Perfeito estado";"";"Não há placas";"40 km/h";"Dupla";"Faixa contínua";"";""
"1675";2020-02-21;"22:37:00";"SEM VÍTIMA";"CANCELADA";"BOA VIAGEM";"RUA ANTONIO DE SA LEITAO";"254";"";"EM FRENTE A ACADEMIA TOP FIT";"BOA VIAGEM";NA;"";"COLISÃO";"COLISÃO ENTRE CAMINHÃO E AUTO S/V";2;0;0;0;0;0;0;0;0;0;0;"";"";"";"";"";"";"";"";"";"";"";"";""
"1676";2020-02-21;"22:45:00";"SEM VÍTIMA";"FINALIZADA";"CAMPO GRANDE";"EST DE BELEM";"1838";"";"";"CAMPO GRANDE";NA;"SUBURBIO";"COLISÃO FRONTAL";"AMBULANCIA X CLASSIC";2;0;0;0;0;0;0;0;0;0;0;"Cruzamento";"Bom";"Não existe";"Ilegível";"Seca";"Mal iluminada";"";"Não há placas";"";"Dupla";"";"";""
"1677";2020-02-22;"01:50:00";"SEM VÍTIMA";"CANCELADA";"BAIRRO DO RECIFE";"AV ALFREDO LISBOA";"";"";"EM FRENTE AO TRT";"BAIRRO DO RECIFE";NA;"";"COLISÃO";"COLISÃO ENTRE DOIS AUTOS S/V";2;0;0;0;0;0;0;0;0;0;0;"";"";"";"";"";"";"";"";"";"";"";"";""
"1678";2020-02-22;"03:29:00";"SEM VÍTIMA";"CANCELADA";"ILHA DO RETIRO";"AV ENGENHEIRO ABDIAS DE CARVALHO";"";"";"EM FRENTE A ILHA DO RETIRO";"ILHA DO RETIRO";355;"";"COLISÃO";"";2;0;0;0;0;0;0;0;0;0;0;"";"";"";"";"";"";"";"";"";"";"";"";""
"1679";2020-02-22;"06:57:00";"COM VÍTIMA";"FINALIZADA";"CASA AMARELA";"RUA PAULA BATISTA";"";"RUA MAJOR NEREU GUERRA";"PROX. A IGREJA DA HARMONIA";"CASA AMARELA";136;"SUBURBIO";"COLISÃO COM CICLISTA";"AUTO E CICLISTA";1;0;0;1;0;0;0;0;0;1;0;"Cruzamento";"Chuvoso";"Sem defeito";"Perfeito estado";"Molhada";"Perfeito estado";"Faixa de pedestre";"R-31";"";"Dupla";"Não existe";"";""
"1680";2020-02-22;"07:06:00";"SEM VÍTIMA";"FINALIZADA";"DERBY";"AV GOVERNADOR AGAMENON MAGALHAES";"";"RUA JAGUAPITA";"";"DERBY";NA;"CIDADE";"CHOQUE OBJETO FIXO";"AUTO CHOCOU-SE COM POSTE";1;0;0;0;0;0;0;0;0;0;0;"Longo da via";"Bom";"Sem defeito";"Perfeito estado";"Seca";"Perfeito estado";"";"";"";"Única";"Faixa seccionada";"";""
"1681";2020-02-22;"07:45:00";"COM VÍTIMA";"FINALIZADA";"PARNAMIRIM";"RUA JOAO TUDE DE MELO";"91";"RUA VIRGINIA LORETO";"EM BAIXO DO SEMAFORO  649 EM FRENTE AO GUAIAMUM GIGANTE";"PARNAMIRIM";649;"SUBURBIO";"ABALROAMENTO TRANSVERSAL";"COLISÃO COM VITIMA A ESPERA DO SAMU";1;1;0;0;0;0;0;0;0;1;0;"Longo da via";"Bom";"Sem defeito";"Perfeito estado";"Seca";"Perfeito estado";"Faixa de pedestre";"Não há placas";"";"Dupla";"Canal";"";""
"1682";2020-02-22;"10:30:00";"SEM VÍTIMA";"FINALIZADA";"AFOGADOS";"EST DOS REMEDIOS";"957";"RUA CORONEL ALFREDO DUARTE";"";"AFOGADOS";NA;"CIDADE";"ABALROAMENTO LONGITUDINAL";"COLISAO SEM VITIMAS";2;0;0;0;0;0;0;0;0;0;0;"";"Nublado";"Não existe";"Incompleta";"Seca";"Perfeito estado";"Não existe";"R-6a";"";"Única";"Faixa seccionada";"";""
"1683";2020-02-22;"10:36:00";"SEM VÍTIMA";"FINALIZADA";"GRAÇAS";"AV CONS ROSA E SILVA";"502";"";"EM FRENTE AO EDF ISAAC GONDIM";"GRAÇAS";NA;"SUBURBIO";"CHOQUE VEÍCULO PARADO";"DOIS AUTOS";2;0;0;0;0;0;0;0;0;0;0;"Longo da via";"Bom";"Não existe";"Perfeito estado";"Seca";"Perfeito estado";"Não existe";"R-6a";"";"Única";"Faixa seccionada";"";""
"1684";2020-02-22;"10:51:00";"SEM VÍTIMA";"FINALIZADA";"CAMPO GRANDE";"EST DE BELEM";"";"";"LADO OPOSTO A PRAÇA DE CAMPO GRANDE. PONTO DE ÔNIBUS Nº 130293";"CAMPO GRANDE";458;"CIDADE";"ABALROAMENTO LONGITUDINAL";"DOIS AUTOS";1;0;0;0;0;1;0;0;0;0;0;"Longo da via";"Bom";"Sem defeito";"Perfeito estado";"Seca";"Perfeito estado";"Faixa de pedestre";"Outras";"40 km/h";"Dupla";"Faixa contínua";"";""
"1685";2020-02-22;"11:16:00";"COM VÍTIMA";"FINALIZADA";"PINA";"AV ANTONIO DE GOES";"534";"";"LADO OPOSTO A SUL AMERICA";"PINA";NA;"CIDADE";"ATROPELAMENTO";"COLISAO COM VITIMAS";1;1;0;0;1;0;0;0;0;1;0;"Longo da via";"Bom";"Não existe";"Perfeito estado";"Seca";"Perfeito estado";"Não existe";"R-4a";"60 km/h";"Única";"Faixa seccionada";"";""
"1686";2020-02-22;"12:37:00";"SEM VÍTIMA";"FINALIZADA";"BRASÍLIA TEIMOSA";"RUA CARAPEBA";"90";"";"LADO OPOSTO AO Nº 090";"BRASÍLIA TEIMOSA";NA;"";"CHOQUE VEÍCULO PARADO";"COLISÃO SEM VÍTIMA";1;0;0;0;0;0;1;0;0;0;0;"Longo da via";"Bom";"Não existe";"Não existente";"Seca";"Perfeito estado";"Não existe";"Não há placas";"";"Dupla";"Não existe";"";""
"1687";2020-02-22;"13:45:00";"COM VÍTIMA";"FINALIZADA";"BOA VIAGEM";"RUA PADRE CARAPUCEIRO";"444";"RUA FRANCISCO DA CUNHA";"E/F AO EDF RICARDO PRIMEIRO E OFICINA DESIGN.";"BOA VIAGEM";NA;"SUBURBIO";"ABALROAMENTO TRANSVERSAL";"COLISAO ENTRE ONIBUS E AUTO COM UMA VITIMA";1;0;0;0;0;1;0;0;0;4;0;"Cruzamento";"Bom";"Não existe";"Perfeito estado";"Seca";"Perfeito estado";"Não existe";"R-6a";"";"Única";"Faixa seccionada";"";""
"1688";2020-02-22;"15:37:00";"COM VÍTIMA";"FINALIZADA";"MADALENA";"AV VISCONDE DE ALBUQUERQUE";"401";"RUA LOPES DE CARVALHO";"E/F A GALERIA DA MADALENA CENTER";"MADALENA";NA;"SUBURBIO";"ABALROAMENTO TRANSVERSAL";"COLISAO ENTRE AUTO E MOTO COM UMA VITIMA";1;1;0;0;0;0;0;0;0;1;0;"Cruzamento";"Bom";"Não existe";"Incompleta";"Seca";"Perfeito estado";"Não existe";"Não há placas";"";"Única";"Faixa seccionada";"";""
"1689";2020-02-22;"17:00:00";"SEM VÍTIMA";"FINALIZADA";"IMBIRIBEIRA";"AV MARECHAL MASCARENHAS DE MORAES";"2755";"";"ASSEMBLEIA DE DEUS NOVO TEMPO";"IMBIRIBEIRA";631;"CIDADE";"COLISÃO TRASEIRA";"ENGRAVETAMENTO S/ VITIMA TRES VEICULOS";3;0;0;0;0;0;0;0;0;0;0;"Longo da via";"Nublado";"Sem defeito";"Perfeito estado";"Seca";"";"Faixa de pedestre";"Outras";"";"Única";"Faixa seccionada";"Canteiro central";""
"1690";2020-02-22;"17:31:00";"SEM VÍTIMA";"FINALIZADA";"TORRE";"RUA VISCONDE DE ITAPARICA";"84";"RUA FLORIANO FRANCISCO DE OLIVEIRA";"EM FRENTE EDF SOBRADO DA TORRE";"TORRE";NA;"";"CHOQUE VEÍCULO PARADO";"COLISAO S/ VITIMA ENTRE DOIS CARROS";2;0;0;0;0;0;0;0;0;0;0;"";"Bom";"Não existe";"Não existente";"Seca";"Perfeito estado";"Não existe";"Não há placas";"";"Única";"Não existe";"";""
"1691";2020-02-22;"18:22:00";"SEM VÍTIMA";"CANCELADA";"ÁGUA FRIA";"RUA DA REGENERACAO";"81";"";"ESQUINA COM O POSTO IPIRANGA";"ÁGUA FRIA";NA;"";"COLISÃO";"ENTRE AUTO E MOTO. S/V";1;1;0;0;0;0;0;0;0;0;0;"";"";"";"";"";"";"";"";"";"";"";"";""
"1692";2020-02-22;"19:44:00";"SEM VÍTIMA";"FINALIZADA";"VÁRZEA";"AV AFONSO OLINDENSE";"2106";"";"PANIFICADORA RAINHA DA VARZIA";"VÁRZEA";NA;"CIDADE";"ABALROAMENTO LONGITUDINAL";"HONDA FIT X ONIX";2;0;0;0;0;0;0;0;0;0;0;"Longo da via";"Bom";"Não existe";"Ilegível";"Seca";"Perfeito estado";"Não existe";"Não há placas";"";"Única";"Não existe";"";""
"1693";2020-02-22;"21:02:00";"SEM VÍTIMA";"FINALIZADA";"PRADO";"RUA JOAO IVO DA SILVA";"154";"RUA RICARDO SALAZAR";"";"PRADO";NA;"SUBURBIO";"CHOQUE OBJETO FIXO";"VEÍCULO SE CHOCOU AO MURO DA RESIDENCIA. CONDUTOR APARENTEMENTE EMBRIAGADO.";1;0;0;0;0;0;0;0;0;0;0;"Longo da via";"Bom";"";"Perfeito estado";"Seca";"Perfeito estado";"Não existe";"Outras";"";"Única";"Faixa seccionada";"";""
"1694";2020-02-22;"21:26:00";"SEM VÍTIMA";"FINALIZADA";"PARNAMIRIM";"RUA JOAO TUDE DE MELO";"";"RUA DR JOAO SANTOS FILHO";"EM FRENTE AO RESTAURANTE GUAIAMUM GIGANTE";"PARNAMIRIM";649;"SUBURBIO";"COLISÃO TRASEIRA";"ENTRE 2 AUTOS. S/V";2;0;0;0;0;0;0;0;0;0;0;"Longo da via";"Bom";"Sem defeito";"Perfeito estado";"Seca";"Perfeito estado";"Não existe";"Não há placas";"";"Única";"Faixa seccionada";"";""
"1695";2020-02-23;"00:11:00";"SEM VÍTIMA";"FINALIZADA";"AFOGADOS";"RUA PROFESSOR AUGUSTO WANDERLEY FILHO";"";"RUA MOTOCOLOMBO";"AO LADO DO TROCÃO";"AFOGADOS";39;"SUBURBIO";"ABALROAMENTO LONGITUDINAL";"COLOSÃO ENTRE 02 AUTOS";2;0;0;0;0;0;0;0;0;0;0;"Cruzamento";"Bom";"Sem defeito";"Perfeito estado";"Seca";"Perfeito estado";"Faixa de pedestre";"";"";"Única";"Faixa seccionada";"";""
"1696";2020-02-23;"07:06:00";"SEM VÍTIMA";"FINALIZADA";"IBURA";"AV DOIS RIOS";"72";"";"EM FRENTE AO SUPERMERCADO MR";"IBURA";325;"CIDADE";"COLISÃO TRASEIRA";"DOIS AUTOS";2;0;0;0;0;0;0;0;0;0;0;"Longo da via";"Bom";"Sem defeito";"Perfeito estado";"Seca";"Perfeito estado";"Faixa de pedestre";"Placas Pare";"40 km/h";"Dupla";"";"";""
"1697";2020-02-23;"07:57:00";"SEM VÍTIMA";"CANCELADA";"SÃO JOSÉ";"RUA VIDAL DE NEGREIROS";"";"";"PÁTIO DO TERÇO";"SÃO JOSÉ";NA;"";"COLISÃO";"";0;0;0;0;0;0;0;0;0;0;0;"";"";"";"";"";"";"";"";"";"";"";"";""
"1698";2020-02-23;"08:04:00";"COM VÍTIMA";"FINALIZADA";"CASA AMARELA";"AV NORTE";"";"";"EM FRENTE A PAGUE MENOS";"CASA AMARELA";79;"SUBURBIO";"TOMBAMENTO";"MOTO DESVIA DO BURACO E CAI NA AVENIDA";0;1;0;0;0;0;0;0;0;1;0;"Longo da via";"Chuvoso";"Sem defeito";"Perfeito estado";"Molhada";"Perfeito estado";"Faixa de pedestre";"Outras";"";"Dupla";"Canteiro central";"";""
"1699";2020-02-23;"08:17:00";"SEM VÍTIMA";"FINALIZADA";"BOA VISTA";"RUA DOM BOSCO";"";"";"EMLURB";"BOA VISTA";NA;"SUBURBIO";"ABALROAMENTO LONGITUDINAL";"VT POLICIA E AUTO PASSEIO";2;0;0;0;0;0;0;0;0;0;0;"Longo da via";"Bom";"Não existe";"Perfeito estado";"Seca";"Perfeito estado";"Não existe";"Outras";"";"Única";"Faixa seccionada";"";""
"1700";2020-02-23;"11:07:00";"SEM VÍTIMA";"FINALIZADA";"GRAÇAS";"RUA ALBERTO PAIVA";"";"RUA DO FUTURO";"";"GRAÇAS";521;"CIDADE";"ABALROAMENTO TRANSVERSAL";"COLISAO S/ VITIMA. ENTRE DOIS VEICULOS";2;0;0;0;0;0;0;0;0;0;0;"Cruzamento";"Bom";"Sem defeito";"Perfeito estado";"Seca";"Perfeito estado";"Faixa de pedestre";"Outras";"";"";"Não existe";"";""
"1701";2020-02-23;"11:51:00";"SEM VÍTIMA";"FINALIZADA";"BOA VIAGEM";"RUA TENENTE JOAO CICERO";"";"RUA MINISTRO NELSON HUNGRIA";"";"BOA VIAGEM";NA;"SUBURBIO";"ABALROAMENTO TRANSVERSAL";"COLISAO S/ VITIMA ENTRE DOIS VEICULOS";2;0;0;0;0;0;0;0;0;0;0;"Cruzamento";"Bom";"Não existe";"Perfeito estado";"Seca";"Perfeito estado";"Faixa de pedestre";"Placas Pare";"";"Única";"Não existe";"";""
"1702";2020-02-23;"12:15:00";"SEM VÍTIMA";"FINALIZADA";"PORTO DA MADEIRA";"RUA DALVA DE OLIVEIRA";"";"";"POSTO DE NÚMERO A 031838";"PORTO DA MADEIRA";NA;"SUBURBIO";"ABALROAMENTO LONGITUDINAL";"COLISAO S/ VITIMA. ENTRE DOIS VEICULOS";2;0;0;0;0;0;0;0;0;0;0;"Ponte";"Bom";"Não existe";"Não existente";"Seca";"Mal conservada";"Não existe";"Não há placas";"";"Dupla";"Não existe";"";""
"1703";2020-02-23;"12:21:00";"SEM VÍTIMA";"FINALIZADA";"CAMPO GRANDE";"RUA ODORICO MENDES";"166";"RUA VISCONDE DE CAIRU";"";"CAMPO GRANDE";NA;"CIDADE";"ABALROAMENTO LONGITUDINAL";"COLISAO S/ VITIMAS ENTRE DOIS AUTO E UMA MOTO";2;1;0;0;0;0;0;0;0;0;0;"Cruzamento";"Bom";"Não existe";"Perfeito estado";"Seca";"Perfeito estado";"Não existe";"Placas Pare";"";"Dupla";"";"";""
"1704";2020-02-23;"13:52:00";"SEM VÍTIMA";"FINALIZADA";"BOA VIAGEM";"AV ENGENHEIRO DOMINGOS FERREIRA";"100";"RUA TOME GIBSON";"US CLUB BEAUTY BAR";"BOA VIAGEM";200;"SUBURBIO";"ABALROAMENTO TRANSVERSAL";"COLISAO S/ VITIMA ENTRE DOIS VEICULOS";2;0;0;0;0;0;0;0;0;0;0;"Longo da via";"Bom";"Sem defeito";"Perfeito estado";"Seca";"Perfeito estado";"Faixa de pedestre";"Outras";"";"Única";"Faixa contínua";"";""
"1705";2020-02-23;"14:20:00";"COM VÍTIMA";"FINALIZADA";"IMBIRIBEIRA";"RUA JOAQUIM BANDEIRA";"136";"RUA JACY";"GALPAO TARGET. LADO OPOSTO AO POSTE B029384";"IMBIRIBEIRA";NA;"BOA VIAGEM";"ABALROAMENTO LONGITUDINAL";"COLISAO COM VITIMA ENTRE MOTO E ONIBUS";0;1;0;0;0;1;0;0;0;1;0;"Longo da via";"Bom";"Não existe";"Não existente";"Seca";"";"Não existe";"Não há placas";"";"Única";"Faixa seccionada";"";""
"1706";2020-02-23;"14:20:00";"SEM VÍTIMA";"CANCELADA";"BOA VIAGEM";"RUA ELADIO RAMOS";"475";"";"PROX CELPE DE BOA VIAGEM";"BOA VIAGEM";NA;"";"COLISÃO";"COLISAO DE DOIS AUTOS S/ VITIMAS";2;0;0;0;0;0;0;0;0;0;0;"";"";"";"";"";"";"";"";"";"";"";"";""
"1707";2020-02-23;"15:03:00";"SEM VÍTIMA";"FINALIZADA";"CASA FORTE";"EST DAS UBAIAS-";"";"";"EM FRENTE AO Nº 572";"CASA FORTE";NA;"";"ABALROAMENTO TRANSVERSAL";"COLISAO S/ VITIMA ENTRE DOIS VEICULOS";2;0;0;0;0;0;0;0;0;0;0;"Longo da via";"Bom";"Não existe";"Perfeito estado";"Seca";"Perfeito estado";"Não existe";"Não há placas";"";"Dupla";"Não existe";"";""
"1708";2020-02-23;"16:05:00";"SEM VÍTIMA";"FINALIZADA";"AFLITOS";"RUA QUARENTA E OITO";"815";"RUA CARNEIRO VILELA";"RESTAURANTE SABOR RANCHO/ SQUINA 48";"AFLITOS";NA;"CIDADE";"ABALROAMENTO TRANSVERSAL";"COLISAO S/ VITIMA. ENTRE DOIS VEICULOS";2;0;0;0;0;0;0;0;0;0;0;"Cruzamento";"Bom";"Não existe";"Perfeito estado";"Seca";"Perfeito estado";"Não existe";"R-6a";"";"Única";"Faixa contínua";"";""
"1709";2020-02-23;"18:15:00";"SEM VÍTIMA";"CANCELADA";"PINA";"VIADUTO CAPITAO TEMUDO";"";"";"POR CIMA DO VIADUTO- E/F AO SHOPPING RIO MAR";"PINA";NA;"";"COLISÃO";"ENTRE 2 AUTOS. S/V";2;0;0;0;0;0;0;0;0;0;0;"";"";"";"";"";"";"";"";"";"";"";"";""
"1710";2020-02-23;"19:07:00";"SEM VÍTIMA";"CANCELADA";"SANTO ANTÔNIO";"RUA SIQUEIRA CAMPOS";"150";"";"E/F AO CARTORIO PAULO GUERRA";"SANTO ANTÔNIO";NA;"";"COLISÃO";"ENTRE 2 AUTOS. S/V";2;0;0;0;0;0;0;0;0;0;0;"";"";"";"";"";"";"";"";"";"";"";"";""
"1711";2020-02-23;"19:22:00";"COM VÍTIMA";"FINALIZADA";"SANTO ANTÔNIO";"RUA NOVA";"";"AV DANTAS BARRETO";"ENF. MARIZA E FARMACIA DEPENDENTE";"SANTO ANTÔNIO";NA;"CIDADE";"ATROPELAMENTO";"VAN X PEDESTRE (IDOSO)";0;0;0;0;1;1;0;0;0;1;0;"Longo da via";"Bom";"Não existe";"Ilegível";"Seca";"Mal iluminada";"Não existe";"Não há placas";"";"Única";"Não existe";"";""
"1712";2020-02-23;"20:08:00";"SEM VÍTIMA";"FINALIZADA";"JOANA BEZERRA";"VIADUTO CAPITAO TEMUDO";"";"";"FORUM DES. RODOLFO AURELIANO";"JOANA BEZERRA";NA;"SUBURBIO";"ABALROAMENTO LONGITUDINAL";"CELTA X GOL";2;0;0;0;0;0;0;0;0;0;0;"Viaduto";"Bom";"Não existe";"Perfeito estado";"Seca";"Perfeito estado";"Não existe";"Não há placas";"60 km/h";"Dupla";"Canteiro central";"";""
"1713";2020-02-23;"22:08:00";"SEM VÍTIMA";"CANCELADA";"SANTO ANTÔNIO";"RUA IMPERADOR PEDRO SEGUNDO";"362";"";"E/F A ESCOLA DE SAÚDE REAL PORTUGUÊS / PRÓX AO CAIS DO APOLO";"SANTO ANTÔNIO";NA;"";"COLISÃO";"ENTRE AUTO E ÔNIBUS. S/V";1;0;0;0;0;1;0;0;0;0;0;"";"";"";"";"";"";"";"";"";"";"";"";""
"1714";2020-02-23;"22:51:00";"SEM VÍTIMA";"CANCELADA";"PINA";"AV ANTONIO DE GOES";"218";"";"POSTO DE GASOLINA PETROCAL PINA";"PINA";NA;"";"COLISÃO";"ONIX BRANCO X PALIO PRATA";2;0;0;0;0;0;0;0;0;0;0;"";"";"";"";"";"";"";"";"";"";"";"";""
"1715";2020-02-24;"01:30:00";"SEM VÍTIMA";"FINALIZADA";"PINA";"AV HERCULANO BANDEIRA";"";"RUA ARQUITETO AUGUSTO REINALDO";"";"PINA";660;"SUBURBIO";"ABALROAMENTO LONGITUDINAL";"DOIS AUTOS";2;0;0;0;0;0;0;0;0;0;0;"Cruzamento";"Bom";"Sem defeito";"Não existente";"Seca";"Mal iluminada";"Faixa de pedestre";"Não há placas";"60 km/h";"Única";"Faixa seccionada";"";""
"1716";2020-02-24;"03:40:00";"SEM VÍTIMA";"FINALIZADA";"BOA VIAGEM";"RUA DEZ DE JULHO";"";"";"DENTRO DO TERMINAL INTEGRADO DO AEROPORTO";"BOA VIAGEM";NA;"CIDADE";"CHOQUE OBJETO FIXO";"VEICULO CHOCOU-SE COM PORTÃO DA ESTAÇÃO";1;0;0;0;0;0;0;0;0;0;0;"";"Bom";"Não existe";"Perfeito estado";"Seca";"Perfeito estado";"";"";"";"Única";"";"";""
"1717";2020-02-24;"04:06:00";"COM VÍTIMA";"FINALIZADA";"BOA VIAGEM";"AVENIDA CELSO FURTADO (VIA MANGUE)";"";"";"PRIMEIRO RETORNO APOS O SUPERMERCADO EXTRA- SENT. BOA VIAGEM";"BOA VIAGEM";NA;"SUBURBIO";"CHOQUE OBJETO FIXO";"VEICULO CHOCOU-SE COM MEIO FIO";1;0;0;0;0;0;0;0;0;1;0;"Longo da via";"Bom";"Não existe";"Perfeito estado";"Seca";"Perfeito estado";"Não existe";"Não há placas";"";"Dupla";"Faixa";"";""
"1718";2020-02-24;"04:32:00";"COM VÍTIMA";"FINALIZADA";"IBURA";"AV ENGENHO SERRA VERDE";"570";"AV RIO LARGO";"AO LADO DO ARMAZEM ESQUINA DA CONSTRUÇÃO";"IBURA";NA;"SUBURBIO";"COLISÃO FRONTAL";"ONIBUS E MOTO";0;1;0;0;0;1;0;0;0;1;0;"Esquina";"Bom";"Não existe";"Ilegível";"Seca";"Mal iluminada";"Outros";"R-24a";"";"Dupla";"Não existe";"";""
"1719";2020-02-24;"05:49:00";"SEM VÍTIMA";"CANCELADA";"IPSEP";"AV RECIFE";"2586";"";"EM FRENTE AO POSTO DE GASOLINA SHELL- SENT. BOA VIAGEM";"IPSEP";NA;"";"COLISÃO";"DOIS ONIBUS";0;0;0;0;0;2;0;0;0;0;0;"";"";"";"";"";"";"";"";"";"";"";"";""
"1720";2020-02-24;"06:53:00";"SEM VÍTIMA";"FINALIZADA";"BOA VISTA";"RUA DA AURORA";"";"RUA PRINCESA IZABEL";"POLÍCIA CIVIL PERNAMBUCO SDS";"BOA VISTA";22;"SUBURBIO";"ABALROAMENTO LONGITUDINAL";"COLISAO S/ VITIMA ENTRE VEICULO E MOTO";1;1;0;0;0;0;0;0;0;0;0;"Cruzamento";"Bom";"Sem defeito";"Perfeito estado";"Seca";"Perfeito estado";"Faixa de pedestre";"R-6a";"40 km/h";"Única";"Faixa contínua";"";""
"1721";2020-02-24;"08:13:00";"SEM VÍTIMA";"FINALIZADA";"SAN MARTIN";"RUA COMENDADOR JOSE VITA";"54";"";"";"SAN MARTIN";NA;"";"CHOQUE VEÍCULO PARADO";"COLISÃO SEM VITIMAS";1;0;0;0;0;0;1;0;0;0;0;"Longo da via";"Nublado";"Não existe";"Não existente";"Seca";"";"Não existe";"Não há placas";"";"Dupla";"Não existe";"";""
"1722";2020-02-24;"08:55:00";"SEM VÍTIMA";"FINALIZADA";"IMBIRIBEIRA";"AV PINHEIROS";"70";"AV MARECHAL MASCARENHAS DE MORAES";"LOTERIA A IMPERIAL";"IMBIRIBEIRA";NA;"SUBURBIO";"CHOQUE VEÍCULO PARADO";"COLISÃO 'SEM VITIMAS";1;0;0;0;0;0;1;0;0;0;0;"Longo da via";"Bom";"";"Incompleta";"Seca";"Perfeito estado";"Não existe";"Não há placas";"";"Dupla";"Não existe";"";""
"1723";2020-02-24;"09:19:00";"SEM VÍTIMA";"FINALIZADA";"SANTO AMARO";"AV CRUZ CABUGA";"33";"";"AO LADO DO SEFAZ";"SANTO AMARO";344;"CIDADE";"ABALROAMENTO LONGITUDINAL";"CAMINHAO E ONIBUS";0;0;0;0;0;1;1;0;0;0;0;"Longo da via";"Bom";"Sem defeito";"Perfeito estado";"Seca";"Perfeito estado";"Não existe";"R-6a";"60 km/h";"Dupla";"Faixa contínua";"";""
"1724";2020-02-24;"10:27:00";"SEM VÍTIMA";"FINALIZADA";"BOA VISTA";"RUA DO HOSPICIO";"33";"";"EDF SÃO RAFAEL";"BOA VISTA";33;"";"COLISÃO TRASEIRA";"COLISAO S/ VITIMA ENTRE DOIS VEICULOS";2;0;0;0;0;0;0;0;0;0;0;"Longo da via";"Bom";"Sem defeito";"Perfeito estado";"Seca";"Perfeito estado";"Não existe";"R-6b";"30 km/h";"Única";"Não existe";"";""
"1725";2020-02-24;"11:16:00";"SEM VÍTIMA";"FINALIZADA";"PINA";"RUA MANOEL DE BRITO";"";"";"AO LADO DO POSTO POLICIAL";"PINA";NA;"CIDADE";"ABALROAMENTO TRANSVERSAL";"";2;0;0;0;0;0;0;0;0;0;0;"";"Bom";"Não existe";"Perfeito estado";"Seca";"Perfeito estado";"Outros";"Outras";"60 km/h";"Única";"Faixa contínua";"";""
"1726";2020-02-24;"12:28:00";"SEM VÍTIMA";"FINALIZADA";"SANTO AMARO";"AV GOVERNADOR AGAMENON MAGALHAES";"";"";"SEMÁFORO DE Nº 465";"SANTO AMARO";465;"";"COLISÃO TRASEIRA";"ENGAVETAMENTO S/ VITIMA. TRES VEICULOS";3;0;0;0;0;0;0;0;0;0;0;"Longo da via";"Bom";"Sem defeito";"Perfeito estado";"Seca";"Perfeito estado";"Faixa de pedestre";"";"60 km/h";"Dupla";"Canal";"";""
"1727";2020-02-24;"13:38:00";"COM VÍTIMA";"FINALIZADA";"IPUTINGA";"RUA BOM PASTOR";"670";"RUA MAURICEIA";"E/F MERCADINHO MERCOFRUIT";"IPUTINGA";652;"SUBURBIO";"ABALROAMENTO LONGITUDINAL";"COLISÃO C/VITIMA ENTRE UMA MOTO E UM ONIBUS";0;1;0;0;0;1;0;0;0;1;0;"Cruzamento";"Bom";"Sem defeito";"Perfeito estado";"Seca";"Perfeito estado";"Faixa de pedestre";"Outras";"";"Dupla";"Faixa contínua";"";""
"1728";2020-02-24;"15:49:00";"SEM VÍTIMA";"FINALIZADA";"IMBIRIBEIRA";"AV PRESIDENTE DUTRA";"4983";"";"";"IMBIRIBEIRA";NA;"SUBURBIO";"ABALROAMENTO LONGITUDINAL";"COLISAO S/ VITIMA. ENTRE DOIS VEICULOS";2;0;0;0;0;0;0;0;0;0;0;"Longo da via";"Bom";"Não existe";"Perfeito estado";"Seca";"Perfeito estado";"Agente";"Não há placas";"60 km/h";"Única";"Faixa seccionada";"";""
"1729";2020-02-24;"16:53:00";"SEM VÍTIMA";"CANCELADA";"CORDEIRO";"AV CAXANGA";"";"";"";"CORDEIRO";234;"SUBURBIO";"ABALROAMENTO LONGITUDINAL";"COLISÃO SEM VÍTIMA";1;1;0;0;0;0;0;0;0;0;0;"Longo da via";"Bom";"Sem defeito";"Perfeito estado";"Seca";"Perfeito estado";"Agente";"Outras";"60 km/h";"Única";"Canteiro central";"";""