"";"data";"hora";"natureza_acidente";"situacao";"bairro";"endereco";"numero";"detalhe_endereco_acidente";"complemento";"bairro_cruzamento";"num_semaforo";"sentido_via";"tipo";"descricao";"auto";"moto";"ciclom";"ciclista";"pedestre";"onibus";"caminhao";"viatura";"outros";"vitimas";"vitimasfatais";"acidente_verificado";"tempo_clima";"situacao_semaforo";"sinalizacao";"condicao_via";"conservacao_via";"ponto_controle";"situacao_placa";"velocidade_max_via";"mao_direcao";"divisao_via1";"divisao_via2";"divisao_via3"
"1730";2020-02-24;"19:14:00";"SEM VÍTIMA";"FINALIZADA";"";"AV CORREIA DE BRITO";"741";"";"MERCADO DE SITIO NOVO";"";NA;"CIDADE";"COLISÃO TRASEIRA";"ENGAVETAMENTO S/VITIMAS";3;0;0;0;0;0;0;0;0;0;0;"Longo da via";"Bom";"Não existe";"Perfeito estado";"Seca";"Perfeito estado";"Não existe";"Não há placas";"";"Dupla";"Faixa contínua";"";""
"1731";2020-02-24;"19:31:00";"SEM VÍTIMA";"CANCELADA";"SÃO JOSÉ";"C SANTA RITA";"";"";"E/F A ANTIGA RODOVIARIA";"SÃO JOSÉ";NA;"";"COLISÃO";"COLISAO S/ VITIMA. ENTRE DOIS VEICULOS";2;0;0;0;0;0;0;0;0;0;0;"";"";"";"";"";"";"";"";"";"";"";"";""
"1732";2020-02-24;"20:27:00";"SEM VÍTIMA";"FINALIZADA";"SÃO JOSÉ";"AV SUL";"147";"";"ANTES DO FORTE DAS CINCO PONTAS";"SÃO JOSÉ";NA;"CIDADE";"ABALROAMENTO LONGITUDINAL";"ENTRE AUTO PASSEIO E ÔNIBUS. S/V";1;0;0;0;0;1;0;0;0;0;0;"Longo da via";"Bom";"";"Perfeito estado";"Seca";"Perfeito estado";"Não existe";"Outras";"";"Única";"Faixa seccionada";"";""
"1733";2020-02-24;"20:53:00";"SEM VÍTIMA";"FINALIZADA";"SANTO AMARO";"PTE DO LIMOEIRO";"";"";"PRÓXIMO AO POSTO PETRÓBRAS";"SANTO AMARO";NA;"CIDADE";"ABALROAMENTO LONGITUDINAL";"ENTRE TÁXI E AUTO PASSEIO. S/V";2;0;0;0;0;0;0;0;0;0;0;"Ponte";"Bom";"Não existe";"Perfeito estado";"Seca";"Perfeito estado";"Não existe";"Não há placas";"";"Dupla";"Faixa contínua";"Faixa seccionada";""
"1734";2020-02-24;"21:20:00";"SEM VÍTIMA";"FINALIZADA";"BOA VISTA";"RUA DO HOSPICIO";"";"";"CÂMARA DOS VERIADORES";"BOA VISTA";31;"CIDADE";"ABALROAMENTO LONGITUDINAL";"COLISAO SEM VITIMAS";1;0;0;0;0;1;0;0;0;0;0;"Longo da via";"Bom";"Sem defeito";"Perfeito estado";"Seca";"Perfeito estado";"Faixa de pedestre";"Outras";"";"Única";"Faixa seccionada";"Não existe";""
"1735";2020-02-24;"21:59:00";"SEM VÍTIMA";"FINALIZADA";"SÃO JOSÉ";"RUA IMPERIAL";"";"RUA DO PEIXOTO";"EM FRENTE A IGREJA DE SÃO JOSÉ";"SÃO JOSÉ";207;"SUBURBIO";"ABALROAMENTO LONGITUDINAL";"ENTRE VAN E AUTO PASSEIO. S/V";1;0;0;0;0;1;0;0;0;0;0;"Cruzamento";"Bom";"Sem defeito";"Ilegível";"Seca";"Perfeito estado";"Não existe";"Não há placas";"";"Única";"Não existe";"";""
"1736";2020-02-24;"22:19:00";"SEM VÍTIMA";"CANCELADA";"VASCO DA GAMA";"AV NORTE";"";"";"E/F A PRC LARGO DOM LUIZ";"VASCO DA GAMA";NA;"";"COLISÃO";"ENTRE 2 AUTOS. S/V";2;0;0;0;0;0;0;0;0;0;0;"";"";"";"";"";"";"";"";"";"";"";"";""
"1737";2020-02-24;"23:23:00";"SEM VÍTIMA";"FINALIZADA";"SANTO AMARO";"AV NORTE";"";"";"E/F A RÁDIO UNIVERSITÁRIA";"SANTO AMARO";NA;"";"ABALROAMENTO LONGITUDINAL";"ENTRE 2V AUTOS. S/V";2;0;0;0;0;0;0;0;0;0;0;"Longo da via";"Bom";"Sem defeito";"Perfeito estado";"Seca";"Perfeito estado";"Não existe";"Não há placas";"60 km/h";"Dupla";"Canteiro central";"";""
"1738";2020-02-25;"04:46:00";"SEM VÍTIMA";"CANCELADA";"SÃO JOSÉ";"AV SUL";"";"C SANTA RITA";"ANTES DA PONTE GIRATORIA /EM FRENTE AO ARMAZEM 16- SEMÁFORO 076";"SÃO JOSÉ";NA;"";"COLISÃO";"CAMINHÃO X AUTO. S/V";1;0;0;0;0;0;1;0;0;0;0;"";"";"";"";"";"";"";"";"";"";"";"";""
"1739";2020-02-25;"05:21:00";"COM VÍTIMA";"FINALIZADA";"SANTO AMARO";"AV GOVERNADOR AGAMENON MAGALHAES";"";"RUA ODORICO MENDES";"E/F A DELEGACIA 13° BATALHÃO / SEMÁFORO 049 ---- VT 13 NO LOCAL";"SANTO AMARO";49;"CIDADE";"ABALROAMENTO TRANSVERSAL";"ENTRE 2 TÁXIS. C/V";2;0;0;0;0;0;0;0;0;1;0;"Cruzamento";"Bom";"Sem defeito";"Perfeito estado";"Seca";"Perfeito estado";"Faixa de pedestre";"";"60 km/h";"Dupla";"Canal";"";""
"1740";2020-02-25;"07:32:00";"SEM VÍTIMA";"FINALIZADA";"ILHA DO LEITE";"RUA ANTONIO GOMES DE FREITAS";"174";"";"LADO OPOSTO AO SEOPE ( HOSPITAL DOS OLHOS )";"ILHA DO LEITE";NA;"CIDADE";"ABALROAMENTO LONGITUDINAL";"COLISÃO S/VITIMAS ENTRE UM CAMINHÃO E UM AUTO";1;0;0;0;0;0;1;0;0;0;0;"Longo da via";"Bom";"Não existe";"Perfeito estado";"Seca";"Perfeito estado";"Faixa de pedestre";"";"";"Única";"Faixa seccionada";"";""
"1741";2020-02-25;"07:33:00";"SEM VÍTIMA";"FINALIZADA";"SÃO JOSÉ";"AV SUL";"";"";"LADO OPOSTO A AGEMAR";"SÃO JOSÉ";NA;"CIDADE";"ABALROAMENTO LONGITUDINAL";"CAMINHÃO X AUTO. S/V";1;0;0;0;0;0;1;0;0;0;0;"Longo da via";"Bom";"Sem defeito";"Perfeito estado";"Seca";"Perfeito estado";"Não existe";"Outras";"";"Dupla";"Canteiro central";"";""
"1742";2020-02-25;"10:46:00";"SEM VÍTIMA";"FINALIZADA";"TORRE";"RUA JOAO TUDE DE MELO";"";"RUA VIRGINIA LORETO";"";"TORRE";649;"";"ABALROAMENTO TRANSVERSAL";"COLISÃO SEM VITIMAS";3;0;0;0;0;0;0;0;0;0;0;"";"Bom";"Sem defeito";"Perfeito estado";"Seca";"Perfeito estado";"Faixa de pedestre";"R-6a";"";"Única";"Faixa contínua";"";""
"1743";2020-02-25;"12:40:00";"SEM VÍTIMA";"CANCELADA";"BOA VIAGEM";"AV ENGENHEIRO DOMINGOS FERREIRA";"";"";"EM FRENTE AO CERPE/ PISTA DA ESQUERDA";"BOA VIAGEM";380;"";"COLISÃO";"COLISÃO SEM VÍTIMA";2;0;0;0;0;0;0;0;0;0;0;"";"";"";"";"";"";"";"";"";"";"";"";""
"1744";2020-02-25;"13:37:00";"SEM VÍTIMA";"CANCELADA";"PARNAMIRIM";"EST DO ENCANAMENTO";"350";"";"AO LADO DA CASA DE BATERIAS HELIAR";"PARNAMIRIM";NA;"";"COLISÃO";"COLISAO S/ VITIMAS";2;0;0;0;0;0;0;0;0;0;0;"";"";"";"";"";"";"";"";"";"";"";"";""
"1745";2020-02-25;"14:10:00";"SEM VÍTIMA";"FINALIZADA";"MADALENA";"RUA BENFICA";"";"";"EM FRENTE AO SPORT CLUBE DO RECIFE";"MADALENA";NA;"CIDADE";"ABALROAMENTO LONGITUDINAL";"COLISAO S/ VITIMAS DE DOIS AUTOS";2;0;0;0;0;0;0;0;0;0;0;"Longo da via";"Bom";"Não existe";"Perfeito estado";"Seca";"Perfeito estado";"Não existe";"";"40 km/h";"Única";"Não existe";"";""
"1746";2020-02-25;"15:14:00";"SEM VÍTIMA";"FINALIZADA";"NOVA DESCOBERTA";"AV VEREADOR OTACILIO AZEVEDO";"";"";"";"NOVA DESCOBERTA";NA;"CIDADE";"ABALROAMENTO LONGITUDINAL";"COLISAO SEM VITIMAS";1;0;0;0;0;1;0;0;0;0;0;"Longo da via";"Bom";"Não existe";"Perfeito estado";"Seca";"Perfeito estado";"Outros";"Outras";"";"Dupla";"Faixa seccionada";"";""
"1747";2020-02-25;"15:23:00";"SEM VÍTIMA";"FINALIZADA";"BOA VIAGEM";"AV CONSELHEIRO AGUIAR";"";"";"SEMÁFORO 147";"BOA VIAGEM";147;"CIDADE";"ABALROAMENTO LONGITUDINAL";"COLISAO SEM VITIMAS";1;0;0;0;0;1;0;0;0;0;0;"Cruzamento";"Bom";"Sem defeito";"Perfeito estado";"Seca";"Perfeito estado";"Faixa de pedestre";"R-6a";"";"Única";"Faixa contínua";"Faixa seccionada";""
"1748";2020-02-25;"16:49:00";"SEM VÍTIMA";"CANCELADA";"ÁGUA FRIA";"AV BEBERIBE";"1628";"";"AO LADO DA IGREJA ASSEMBLEIA DE DEUS S/T SUB";"ÁGUA FRIA";NA;"";"COLISÃO";"COLISAO ENTRE DOIS AUTOS S/V";2;0;0;0;0;0;0;0;0;0;0;"";"";"";"";"";"";"";"";"";"";"";"";""
"1749";2020-02-25;"17:18:00";"SEM VÍTIMA";"FINALIZADA";"TORRE";"AV BEIRA RIO";"73";"RUA JANUARIO BARBOSA";"COLEGIO EQUIPE";"TORRE";NA;"CIDADE";"COLISÃO TRASEIRA";"COLISAO SEM VITIMAS";2;0;0;0;0;0;0;0;0;0;0;"";"Chuvoso";"Não existe";"Perfeito estado";"Molhada";"Perfeito estado";"Faixa de pedestre";"Placas Pare";"";"Única";"Faixa contínua";"Faixa seccionada";""
"1750";2020-02-25;"19:50:00";"COM VÍTIMA";"FINALIZADA";"IMBIRIBEIRA";"AV MARECHAL MASCARENHAS DE MORAES";"5905";"";"UNIDAS";"IMBIRIBEIRA";NA;"";"CHOQUE OBJETO FIXO";"VEICULO COLIDIU COM A MURETA";1;0;0;0;0;0;0;0;0;1;0;"Viaduto";"Bom";"Não existe";"Perfeito estado";"Seca";"Perfeito estado";"Não existe";"Não há placas";"";"";"Não existe";"";""
"1751";2020-02-25;"20:58:00";"SEM VÍTIMA";"FINALIZADA";"IPUTINGA";"RUA SAO MATEUS";"";"";"DEPÓSITO DOS CORREIOS";"IPUTINGA";NA;"SUBURBIO";"CHOQUE VEÍCULO PARADO";"CAMINHAO ( CAVALO) X FIESTA OBS: MOTORISTA EVADIU-SE DEIXANDO O VEICULO";0;0;0;0;0;0;1;0;1;0;0;"Longo da via";"Bom";"Não existe";"Ilegível";"Seca";"Perfeito estado";"Não existe";"Não há placas";"";"Dupla";"Não existe";"";""
"1752";2020-02-25;"21:38:00";"SEM VÍTIMA";"CANCELADA";"BOMBA DO HEMETÉRIO";"RUA ANTONIO MEIRA";"119";"";"PROX A LIGA DO DOMINO";"BOMBA DO HEMETÉRIO";NA;"";"COLISÃO";"FORD KA X ECOSPORT OBS: MOTORISTA EVADIU-SE DO LOCAL DEIXANDO O VEICULO";2;0;0;0;0;0;0;0;0;0;0;"";"";"";"";"";"";"";"";"";"";"";"";""
"1753";2020-02-25;"22:15:00";"SEM VÍTIMA";"CANCELADA";"BOA VISTA";"RUA IMPERATRIZ TEREZA CRISTINA";"";"";"PROX A LIVRARIA IMPERATRIZ";"BOA VISTA";NA;"";"COLISÃO";"COLISAO SEM VITIMAS";1;1;0;0;0;0;0;0;0;0;0;"";"";"";"";"";"";"";"";"";"";"";"";""
"1754";2020-02-25;"23:29:00";"SEM VÍTIMA";"FINALIZADA";"SÃO JOSÉ";"C SANTA RITA";"595";"";"";"SÃO JOSÉ";NA;"CIDADE";"COLISÃO TRASEIRA";"PRISMA X LOGAN";2;0;0;0;0;0;0;0;0;0;0;"Longo da via";"Bom";"Não existe";"Perfeito estado";"Seca";"Perfeito estado";"Não existe";"Não há placas";"40 km/h";"Dupla";"Faixa contínua";"Faixa seccionada";""
"1755";2020-02-26;"03:39:00";"SEM VÍTIMA";"FINALIZADA";"BOA VISTA";"PTE PRINCESA IZABEL";"";"";"";"BOA VISTA";NA;"SUBURBIO";"COLISÃO TRASEIRA";"SIENA X FIAT CRONOS X PALIO  (2 TAXIS E UM UBER )";3;0;0;0;0;0;0;0;0;0;0;"";"Bom";"Sem defeito";"Perfeito estado";"Seca";"Perfeito estado";"";"";"";"Dupla";"Faixa contínua";"";""
"1756";2020-02-26;"04:03:00";"COM VÍTIMA";"FINALIZADA";"BEBERIBE";"AV BEBERIBE";"111";"RUA DA CORAGEM";"PROX AO POSTO SHELL";"BEBERIBE";186;"CIDADE";"ABALROAMENTO LONGITUDINAL";"SANDERO BRANCO X MOTO";1;1;0;0;0;0;0;0;0;1;0;"Longo da via";"Bom";"Sem defeito";"Incompleta";"Molhada";"Mal conservada";"Faixa de pedestre";"Não há placas";"";"Dupla";"Faixa contínua";"";""
"1757";2020-02-26;"04:39:00";"SEM VÍTIMA";"FINALIZADA";"BOA VIAGEM";"AV ENGENHEIRO DOMINGOS FERREIRA";"";"";"EM FRENTE AO LAÇA BURGUER";"BOA VIAGEM";NA;"SUBURBIO";"ABALROAMENTO LONGITUDINAL";"COLISÃO ENTRE DOIS AUTOS- S/V";2;0;0;0;0;0;0;0;0;0;0;"Longo da via";"Bom";"Sem defeito";"Perfeito estado";"Seca";"Perfeito estado";"Faixa de pedestre";"Outras";"";"Única";"Canteiro central";"";""
"1758";2020-02-26;"05:20:00";"SEM VÍTIMA";"FINALIZADA";"SANTO AMARO";"AV CRUZ CABUGA";"";"RUA DOS PALMARES";"";"SANTO AMARO";171;"CIDADE";"ABALROAMENTO TRANSVERSAL";"SIENA X FIESTA";2;0;0;0;0;0;0;0;0;0;0;"Cruzamento";"Bom";"Sem defeito";"Perfeito estado";"Seca";"Perfeito estado";"Faixa de pedestre";"Outras";"";"Dupla";"Faixa contínua";"Faixa seccionada";""
"1759";2020-02-26;"06:31:00";"COM VÍTIMA";"FINALIZADA";"MADALENA";"RUA REAL DA TORRE";"361";"RUA LOPES DE CARVALHO";"EM FRENTE A LOJA DE CENTRO DE TRATAMENTO PARA OS PES";"MADALENA";NA;"CIDADE";"CHOQUE OBJETO FIXO";"AUTO E POSTE";1;0;0;0;0;0;0;0;0;1;0;"Longo da via";"Bom";"Não existe";"Perfeito estado";"Seca";"Perfeito estado";"Não existe";"";"";"Dupla";"Faixa seccionada";"";""
"1760";2020-02-26;"07:04:00";"SEM VÍTIMA";"FINALIZADA";"BOA VIAGEM";"AV BOA VIAGEM";"";"RUA BALTAZAR PASSOS";"";"BOA VIAGEM";149;"CIDADE";"ABALROAMENTO LONGITUDINAL";"COLISÃO SEM VITIMAS";1;0;0;0;0;1;0;0;0;0;0;"Cruzamento";"Bom";"Sem defeito";"Perfeito estado";"Seca";"Perfeito estado";"Faixa de pedestre";"R-6a";"";"Única";"Faixa contínua";"";""
"1761";2020-02-26;"10:19:00";"SEM VÍTIMA";"CANCELADA";"ROSARINHO";"AV NORTE";"3435";"RUA GENERAL ABREU E LIMA";"E/F AO PONTO CERTO AUTOMOTIVO";"ROSARINHO";NA;"";"COLISÃO";"COLISÃO S/VITIMAS ENTRE UM ONIBUS E UM AUTO";1;0;0;0;0;1;0;0;0;0;0;"";"";"";"";"";"";"";"";"";"";"";"";""
"1762";2020-02-26;"13:51:00";"SEM VÍTIMA";"FINALIZADA";"TAMARINEIRA";"AV NORTE";"3714";"";"AO LADO DO SEMÁFORO 062";"TAMARINEIRA";62;"SUBURBIO";"COLISÃO TRASEIRA";"COLISAO ENTRE DOIS AUTOS S/V";2;0;0;0;0;0;0;0;0;0;0;"Longo da via";"Bom";"Não existe";"Perfeito estado";"Seca";"Perfeito estado";"Não existe";"R-6a";"";"Única";"Faixa seccionada";"Canteiro central";""
"1763";2020-02-26;"15:12:00";"SEM VÍTIMA";"FINALIZADA";"BOA VISTA";"RUA DOS PALMARES";"";"AV CRUZ CABUGA";"";"BOA VISTA";171;"CIDADE";"ABALROAMENTO LONGITUDINAL";"COLISÃO SEM VÍTIMA";1;0;0;0;0;0;1;0;0;0;0;"Cruzamento";"Bom";"Sem defeito";"Perfeito estado";"Seca";"Perfeito estado";"Faixa de pedestre";"R-6a";"40 km/h";"Dupla";"Canteiro central";"";""
"1764";2020-02-26;"15:39:00";"SEM VÍTIMA";"FINALIZADA";"TAMARINEIRA";"EST VELHA DE AGUA FRIA";"";"";"EM FRENTE AO DNOCS";"TAMARINEIRA";NA;"";"COLISÃO TRASEIRA";"COLISAO ENTRE DOIS AUTOS S/V";2;0;0;0;0;0;0;0;0;0;0;"Longo da via";"Bom";"Não existe";"Perfeito estado";"Seca";"Perfeito estado";"Não existe";"Não há placas";"";"Dupla";"Faixa contínua";"";""
"1765";2020-02-26;"17:24:00";"SEM VÍTIMA";"FINALIZADA";"IPSEP";"AV RAIMUNDO DINIZ";"";"RUA DAVID PERNETA";"";"IPSEP";NA;"SUBURBIO";"ABALROAMENTO LONGITUDINAL";"COLISÃO SEM VÍTIMA";2;0;0;0;0;0;0;0;0;0;0;"Cruzamento";"Bom";"Não existe";"Não existente";"Seca";"Mal iluminada";"Não existe";"Não há placas";"";"Dupla";"Não existe";"";""
"1766";2020-02-26;"18:21:00";"SEM VÍTIMA";"FINALIZADA";"TORRE";"AV BEIRA RIO";"825";"";"RIVER TOWER RESIDENCE Nº 825";"TORRE";NA;"SUBURBIO";"COLISÃO TRASEIRA";"FOX X MOTO X GOL";1;1;0;0;0;0;0;0;0;0;0;"Longo da via";"Bom";"Não existe";"Perfeito estado";"Seca";"Perfeito estado";"Não existe";"Outras";"";"Dupla";"Faixa seccionada";"";""
"1767";2020-02-26;"18:31:00";"COM VÍTIMA";"FINALIZADA";"CURADO";"RUA DR GEORGE WILLIAM BUTLER";"";"AV PREFEITO ANTONIO PEREIRA";"NA RUA ACESSO AO TIP RUA DA KIMBOM POR TRAS DA NAGEM";"CURADO";NA;"TIP";"ABALROAMENTO TRANSVERSAL";"COLISAO ENTRE MOTO CINQUENTINHA E AUTO COM UMA VITIMA";1;0;1;0;0;0;0;0;0;1;0;"Longo da via";"Bom";"Não existe";"Não existente";"Seca";"Mal conservada";"Não existe";"Não há placas";"";"Dupla";"Faixa contínua";"";""
"1768";2020-02-27;"00:05:00";"SEM VÍTIMA";"FINALIZADA";"BOA VIAGEM";"RUA RIBEIRO DE BRITO";"1326";"RUA AMALIA BERNARDINO DE SOUZA";"UNINASSAU";"BOA VIAGEM";NA;"SUBURBIO";"ABALROAMENTO TRANSVERSAL";"COLISÃO ENTRE DOIS AUTOS S/V";2;0;0;0;0;0;0;0;0;0;0;"Cruzamento";"Bom";"Não existe";"Perfeito estado";"Seca";"Perfeito estado";"Não existe";"Não há placas";"";"Única";"Faixa seccionada";"";""
"1769";2020-02-27;"05:32:00";"SEM VÍTIMA";"FINALIZADA";"GRAÇAS";"AV RUI BARBOSA";"735";"RUA TENENTE ANTONIO JOAO";"FRENTE AO COLÉGIO AGNES";"GRAÇAS";NA;"SUBURBIO";"CHOQUE OBJETO FIXO";"";1;0;0;0;0;0;0;0;0;0;0;"Longo da via";"Chuvoso";"Não existe";"Perfeito estado";"Molhada";"Perfeito estado";"";"R-6a";"";"Única";"Faixa seccionada";"";""
"1770";2020-02-27;"07:04:00";"SEM VÍTIMA";"FINALIZADA";"PAISSANDU";"AV GOVERNADOR AGAMENON MAGALHAES";"4407";"";"EM FRENTE AO ESTACIONAMENTO SANPARK";"PAISSANDU";NA;"CIDADE";"ABALROAMENTO LONGITUDINAL";"COLISAO SEM VITIMAS";1;0;0;0;0;1;0;0;0;0;0;"Longo da via";"Bom";"Sem defeito";"Perfeito estado";"Seca";"Perfeito estado";"Agente";"Não há placas";"60 km/h";"Dupla";"Faixa seccionada";"Canteiro central";""
"1771";2020-02-27;"07:39:00";"SEM VÍTIMA";"FINALIZADA";"BOA VIAGEM";"RUA VISCONDE DE JEQUITINHONHA";"";"RUA DOM JOSE LOPES";"";"BOA VIAGEM";NA;"";"ABALROAMENTO TRANSVERSAL";"COLISÃO SEM VITIMAS";2;0;0;0;0;0;0;0;0;0;0;"Cruzamento";"Bom";"Não existe";"Perfeito estado";"Seca";"Perfeito estado";"Faixa de pedestre";"Placas Pare";"";"Única";"Não existe";"";""
"1772";2020-02-27;"08:22:00";"COM VÍTIMA";"FINALIZADA";"MADALENA";"RUA BENFICA";"";"";"AO LADO DO MUSEU DA ABOLIÇÃO";"MADALENA";257;"SUBURBIO";"ABALROAMENTO LONGITUDINAL";"COLISÃO COM VÍTIMAS";1;0;0;0;0;1;0;0;0;1;0;"Longo da via";"Bom";"Sem defeito";"Perfeito estado";"Seca";"Perfeito estado";"Faixa de pedestre";"R-6a";"60 km/h";"Dupla";"Faixa contínua";"";""
"1773";2020-02-27;"08:50:00";"SEM VÍTIMA";"FINALIZADA";"CASA AMARELA";"AV NORTE";"";"";"LADO OPOSTO A UPINHA";"CASA AMARELA";NA;"CIDADE";"ABALROAMENTO LONGITUDINAL";"COLISÃO S/VITIMAS ENTRE UM AUTO E UM CAMINHÃO";1;0;0;0;0;0;1;0;0;0;0;"Longo da via";"Bom";"Não existe";"Perfeito estado";"Seca";"Perfeito estado";"Não existe";"Não há placas";"40 km/h";"Dupla";"Canteiro central";"";""
"1774";2020-02-27;"08:48:00";"SEM VÍTIMA";"FINALIZADA";"GRAÇAS";"AV RUI BARBOSA";"218";"";"EM FRENTE AO Nº 218";"GRAÇAS";102;"CIDADE";"COLISÃO TRASEIRA";"DOIS AUTOS   PONTO FIXO GM POLIANA";2;0;0;0;0;0;0;0;0;0;0;"Longo da via";"Bom";"Sem defeito";"Perfeito estado";"Seca";"Perfeito estado";"Faixa de pedestre";"Outras";"60 km/h";"Única";"Faixa contínua";"";""
"1775";2020-02-27;"09:21:00";"SEM VÍTIMA";"FINALIZADA";"IPSEP";"AV RECIFE";"2688";"";"";"IPSEP";16;"";"ABALROAMENTO LONGITUDINAL";"COLISÃO SEM VITIMA";1;0;0;0;0;0;0;0;1;0;0;"Longo da via";"Bom";"Sem defeito";"Perfeito estado";"Seca";"Perfeito estado";"Faixa de retenção";"R-6a";"";"Dupla";"Faixa seccionada";"Canteiro central";""
"1776";2020-02-27;"09:26:00";"SEM VÍTIMA";"FINALIZADA";"CURADO";"RUA MINISTRO MARIO ANDREAZZA";"";"";"INSTITUTO DE INQUAÇÃO TECNOLOGICA - UPE";"CURADO";NA;"";"COLISÃO FRONTAL";"COLISÃO SEM VITIMAS";1;0;0;0;0;0;1;0;0;0;0;"Longo da via";"Bom";"Não existe";"Não existente";"Seca";"Perfeito estado";"Não existe";"Não há placas";"";"Dupla";"Não existe";"";""
"1777";2020-02-27;"11:23:00";"SEM VÍTIMA";"FINALIZADA";"SANTO AMARO";"AV CRUZ CABUGA";"431";"";"ARMAZEM ACHAQUI";"SANTO AMARO";NA;"CIDADE";"ABALROAMENTO LONGITUDINAL";"COLISÃO SEM VITIMAS";0;0;0;0;0;0;2;0;0;0;0;"Longo da via";"Bom";"Sem defeito";"Perfeito estado";"Seca";"Perfeito estado";"Agente";"Outras";"";"Dupla";"Faixa contínua";"";""
"1778";2020-02-27;"11:24:00";"SEM VÍTIMA";"FINALIZADA";"DERBY";"RUA AMAURI DE MEDEIROS";"110";"RUA BARAO DE GOIANA";"EDIFÍCIO DERBY PARK";"DERBY";NA;"SUBURBIO";"ABALROAMENTO TRANSVERSAL";"DOIS AUTOS  BATEDORES NO LOCAL GM´S ANDERSON E LUIZ ALBERTO";2;0;0;0;0;0;0;0;0;0;0;"Cruzamento";"Bom";"Não existe";"Perfeito estado";"Seca";"Perfeito estado";"Não existe";"Placas Pare";"";"Única";"Não existe";"";""
"1779";2020-02-27;"11:30:00";"COM VÍTIMA";"FINALIZADA";"ENCRUZILHADA";"AV NORTE";"2160";"";"EM FRENTE A RENAULT- SENT. SUB";"ENCRUZILHADA";NA;"SUBURBIO";"COLISÃO TRASEIRA";"TRES AUTOS E UM ÔNIBUS - VT-21 SUB. FATIMA NO LOCAL";3;0;0;0;0;1;0;0;0;2;0;"Longo da via";"Bom";"Sem defeito";"Perfeito estado";"Seca";"Perfeito estado";"Faixa de pedestre";"R-6a";"";"Única";"Faixa seccionada";"Canteiro central";""
"1780";2020-02-27;"11:48:00";"SEM VÍTIMA";"FINALIZADA";"PARNAMIRIM";"RUA TITO ROSAS";"375";"";"EDIFÍCIO VILA MARIANNA";"PARNAMIRIM";NA;"CIDADE";"ABALROAMENTO LONGITUDINAL";"USUARIO SE MACHUCOU MAS FALOU QUE NAO QUERIA CHAMAR O SAMU";1;1;0;0;0;0;0;0;0;0;0;"Longo da via";"Bom";"Não existe";"Perfeito estado";"Seca";"Perfeito estado";"Não existe";"Outras";"";"Única";"";"Faixa seccionada";""
"1781";2020-02-27;"12:01:00";"SEM VÍTIMA";"FINALIZADA";"DERBY";"AV GOVERNADOR AGAMENON MAGALHAES";"2291";"";"EM FRENTE AO HOSPITAL MEMORIAL SÃO JOSÉ";"DERBY";NA;"";"COLISÃO TRASEIRA";"COLISÃO SEM VITIMAS";3;0;0;0;0;0;0;0;0;0;0;"Longo da via";"Bom";"Sem defeito";"Perfeito estado";"Seca";"Perfeito estado";"Agente";"Outras";"60 km/h";"Dupla";"Faixa seccionada";"";""
"1782";2020-02-27;"12:30:00";"SEM VÍTIMA";"FINALIZADA";"BOA VISTA";"RUA CORREDOR DO BISPO";"";"";"EM FRENTE A SAÍDA DO SOPPHING BOA VISTA";"BOA VISTA";NA;"";"CHOQUE VEÍCULO PARADO";"COLISÃO SEM VITIMAS. ENTRE DOIS VEICULOS";2;0;0;0;0;0;0;0;0;0;0;"Longo da via";"Bom";"Não existe";"Perfeito estado";"Seca";"Perfeito estado";"Não existe";"";"";"Única";"Não existe";"";""
"1783";2020-02-27;"12:49:00";"COM VÍTIMA";"FINALIZADA";"ILHA JOANA BEZERRA";"AV BEIRA RIO";"S/N";"";"NA DESCIDA DO VIADUTO PROX AO FORUM DESEMBARGADOR RODOLFO AURELIANO S/T CID. AO LADO DA ACADEMIA DA CIDADE";"ILHA JOANA BEZERRA";NA;"CIDADE";"ABALROAMENTO TRANSVERSAL";"COLISAO ENTRE AUTO E MOTO COM UMA VITIMA";1;1;0;0;0;0;0;0;0;1;0;"Cruzamento";"Bom";"Não existe";"Perfeito estado";"Seca";"Perfeito estado";"Não existe";"Placas Pare";"40 km/h";"Dupla";"Faixa contínua";"";""
"1784";2020-02-27;"12:56:00";"SEM VÍTIMA";"FINALIZADA";"ARRUDA";"RUA RAMIZ GALVAO";"133";"RUA RAUL POMPEIA";"EM FRENTE AO HOTELZINHO PEDACINHO DO CÉU";"ARRUDA";NA;"CIDADE";"COLISÃO FRONTAL";"COLISÃO SEM VÍTIMA";1;0;0;0;0;0;1;0;0;0;0;"Cruzamento";"Bom";"Não existe";"Perfeito estado";"Seca";"Perfeito estado";"Não existe";"Placas Pare";"";"Dupla";"Não existe";"";""
"1785";2020-02-27;"13:12:00";"COM VÍTIMA";"FINALIZADA";"TORRE";"RUA REAL DA TORRE";"1309";"";"DROGARIA SAO PAULO// MARTELINHO DE OURO";"TORRE";NA;"CIDADE";"ABALROAMENTO TRANSVERSAL";"COLISAO COM VITIMA. ENTRE MOTO E VEICULO";1;1;0;0;0;0;0;0;0;1;0;"Longo da via";"Bom";"Não existe";"Perfeito estado";"Seca";"Perfeito estado";"Outros";"Outras";"";"";"";"";""