"";"data";"hora";"natureza_acidente";"situacao";"bairro";"endereco";"numero";"detalhe_endereco_acidente";"complemento";"bairro_cruzamento";"num_semaforo";"sentido_via";"tipo";"descricao";"auto";"moto";"ciclom";"ciclista";"pedestre";"onibus";"caminhao";"viatura";"outros";"vitimas";"vitimasfatais";"acidente_verificado";"tempo_clima";"situacao_semaforo";"sinalizacao";"condicao_via";"conservacao_via";"ponto_controle";"situacao_placa";"velocidade_max_via";"mao_direcao";"divisao_via1";"divisao_via2";"divisao_via3"
"2064";2020-03-07;"13:58:00";"SEM VÍTIMA";"FINALIZADA";"BOA VIAGEM";"AV ENGENHEIRO DOMINGOS FERREIRA";"1818";"RUA ARTUR MUNIZ";"EM FRENTE AO EXTRA SUPERMERCADO";"BOA VIAGEM";380;"SUBURBIO";"COLISÃO TRASEIRA";"COLISÃO S/VITIMAS ENTRE DOIS AUTOS (V.T 26 NO QTH)";2;0;0;0;0;0;0;0;0;0;0;"Cruzamento";"Bom";"Sem defeito";"Perfeito estado";"Seca";"Perfeito estado";"Faixa de pedestre";"Não há placas";"60 km/h";"Única";"Faixa seccionada";"";""
"2065";2020-03-07;"14:36:00";"SEM VÍTIMA";"FINALIZADA";"SANTO ANTÔNIO";"AV DANTAS BARRETO";"";"";"EM FRENTE CASA PIO - PISTA DA ESQUERDA";"SANTO ANTÔNIO";284;"";"ABALROAMENTO LONGITUDINAL";"COLISAO ENTRE ONIBUS E AUTOS S/V";1;0;0;0;0;1;0;0;0;0;0;"Cruzamento";"Bom";"Sem defeito";"Perfeito estado";"Seca";"Perfeito estado";"Faixa de pedestre";"R-6a";"";"Única";"";"";""
"2066";2020-03-07;"15:23:00";"SEM VÍTIMA";"FINALIZADA";"ILHA DO RETIRO";"EST DOS REMEDIOS";"2034";"";"LADO DA BOB'S";"ILHA DO RETIRO";NA;"SUBURBIO";"ABALROAMENTO LONGITUDINAL";"COLISÃO S/VITIMAS ENTRE DOIS AUTOS";2;0;0;0;0;0;0;0;0;0;0;"Longo da via";"Bom";"Não existe";"Perfeito estado";"Seca";"Perfeito estado";"Não existe";"";"40 km/h";"Dupla";"Faixa contínua";"";""
"2067";2020-03-07;"16:04:00";"SEM VÍTIMA";"FINALIZADA";"CORDEIRO";"AV CAXANGA";"1548";"";"AO LADO DA CAXANGÁ PISCINAS";"CORDEIRO";NA;"SUBURBIO";"COLISÃO TRASEIRA";"COLISAO ENTRE DOIS AUTOS S/V";2;0;0;0;0;0;0;0;0;0;0;"Longo da via";"Bom";"Não existe";"Incompleta";"Seca";"Mal conservada";"Não existe";"R-6a";"";"Dupla";"Faixa contínua";"Faixa seccionada";""
"2068";2020-03-07;"16:05:00";"COM VÍTIMA";"CANCELADA";"CASA AMARELA";"EST DAS UBAIAS-";"763";"";"E/F A NOVA CASA";"CASA AMARELA";NA;"";"ATROPELAMENTO";"MOTORISTA EVADIU-SE DO LOCAL PARA A RUA ESTRADA DO ENCANAENTO Nº1638 / EDF. SIRIGI / CASA AMARELA";0;0;0;0;1;0;0;0;0;1;0;"";"";"";"";"";"";"";"";"";"";"";"";""
"2069";2020-03-07;"16:15:00";"SEM VÍTIMA";"FINALIZADA";"ILHA JOANA BEZERRA";"AV ADVOGADO JOSE PAULO CAVALCANTI";"";"";"AO LADO DO FÓRUM DA ILHA DE JOANA BEZERRA";"ILHA JOANA BEZERRA";38;"";"COLISÃO TRASEIRA";"COLISAO ENTRE DOIS AUTOS S/V";2;0;0;0;0;0;0;0;0;0;0;"Cruzamento";"Bom";"Sem defeito";"Incompleta";"Seca";"Perfeito estado";"Faixa de retenção";"R-6a";"";"Dupla";"Faixa contínua";"";""
"2070";2020-03-07;"16:49:00";"COM VÍTIMA";"FINALIZADA";"CASA FORTE";"AV DEZESSETE DE AGOSTO";"892";"RUA DONA ADA VIEIRA";"EDF CASA GRANDE";"CASA FORTE";NA;"CIDADE";"ABALROAMENTO LONGITUDINAL";"COLISAO COM VITIMA ENTRE VEICULO E MOTO. VT 29 GCM: PAULO VANDERLEI E LEONARDO MESEIS";1;1;0;0;0;0;0;0;0;1;0;"Longo da via";"Bom";"Não existe";"Perfeito estado";"Seca";"Perfeito estado";"Não existe";"R-6a";"";"Dupla";"Faixa";"";""
"2071";2020-03-07;"16:50:00";"SEM VÍTIMA";"FINALIZADA";"ÁGUA FRIA";"RUA DA REGENERACAO";"668";"";"AO LADO DA BUDEGA PRIME";"ÁGUA FRIA";NA;"";"ABALROAMENTO LONGITUDINAL";"COLISÃO S/VITIMAS ENTRE UM AUTO E CAMINHÃO";1;0;0;0;0;0;0;0;2;0;0;"Longo da via";"Bom";"Não existe";"";"Seca";"Perfeito estado";"Não existe";"Não há placas";"";"Dupla";"Não existe";"";""
"2072";2020-03-07;"16:57:00";"SEM VÍTIMA";"FINALIZADA";"BOA VIAGEM";"AV BOA VIAGEM";"4988";"RUA DR VICENTE GOMES";"EDF. LUIZ DIAS LINS";"BOA VIAGEM";483;"";"COLISÃO TRASEIRA";"COLISAO S/ VITIMA ENTRE DOIS VEICULOS. VT 07 BARRETO- ALDILON E GERLANE. NO LOCAL";2;0;0;0;0;0;0;0;0;0;0;"Longo da via";"Bom";"Sem defeito";"Perfeito estado";"Seca";"Perfeito estado";"Faixa de pedestre";"Não há placas";"";"Única";"Faixa seccionada";"";""
"2073";2020-03-07;"17:12:00";"SEM VÍTIMA";"FINALIZADA";"AFOGADOS";"RUA SAO MIGUEL";"800";"RUA BEZERRA DA PALMA";"JUNTO AO QUARTEL DO EXERCITO 14º BATALHÃO LOGISTICO";"AFOGADOS";NA;"SUBURBIO";"COLISÃO";"VEÍCULO VW/ GOL COM AVARIAS SEM CONDIÇÕES DE REMOÇÃO- CONDUTOR AUSENTE";1;0;0;0;0;0;0;0;0;0;0;"";"";"";"";"";"";"";"";"";"";"";"";""
"2074";2020-03-07;"18:31:00";"SEM VÍTIMA";"FINALIZADA";"MADALENA";"EST DOS REMEDIOS";"";"RUA BENFICA";"";"MADALENA";51;"";"ABALROAMENTO TRANSVERSAL";"COLISAO SEM VITIMAS";1;0;0;0;0;1;0;0;0;0;0;"Cruzamento";"Bom";"Sem defeito";"Perfeito estado";"Seca";"Perfeito estado";"Faixa de pedestre";"R-25d";"";"Única";"Faixa contínua";"";""
"2075";2020-03-07;"19:16:00";"SEM VÍTIMA";"CANCELADA";"ESTÂNCIA";"AV RECIFE";"";"";"E/F A ANTIGA ROYALL E POSTO SHELL / APÓS O MACKRO";"ESTÂNCIA";NA;"";"COLISÃO";"ENTRE 2 AUTOS. S/V";2;0;0;0;0;0;0;0;0;0;0;"";"";"";"";"";"";"";"";"";"";"";"";""
"2076";2020-03-07;"20:14:00";"SEM VÍTIMA";"FINALIZADA";"BOA VIAGEM";"AV CONSELHEIRO AGUIAR";"1385";"RUA FREI LEANDRO";"EM FRENTE A GALERIA NORTE CENTER";"BOA VIAGEM";240;"CIDADE";"ABALROAMENTO LONGITUDINAL";"COLISAO SEM VITIMAS";1;1;0;0;0;0;0;0;0;0;0;"Longo da via";"Bom";"Sem defeito";"Perfeito estado";"Seca";"Perfeito estado";"Faixa de pedestre";"R-6a";"60 km/h";"Única";"Faixa contínua";"";""
"2077";2020-03-07;"22:14:00";"SEM VÍTIMA";"CANCELADA";"AFOGADOS";"LARGO DA PAZ";"243";"";"PRÓX A IGREJA UNIVERSAL";"AFOGADOS";NA;"";"COLISÃO";"ENTRE 2 AUTOS. S/V";2;0;0;0;0;0;0;0;0;0;0;"";"";"";"";"";"";"";"";"";"";"";"";""
"2078";2020-03-08;"00:17:00";"SEM VÍTIMA";"FINALIZADA";"IPSEP";"AV RECIFE";"3045";"";"EM FRENTE AO POSTO FEDERAL";"IPSEP";NA;"CIDADE";"CHOQUE OBJETO FIXO";"VEÍCULO CHOCOU-SE CONTRA UM POSTE.";1;0;0;0;0;0;0;0;0;0;0;"Longo da via";"Bom";"Não existe";"Perfeito estado";"Seca";"Perfeito estado";"Não existe";"Não há placas";"60 km/h";"Dupla";"Faixa seccionada";"Canteiro central";""
"2079";2020-03-08;"00:28:00";"SEM VÍTIMA";"FINALIZADA";"JARDIM SÃO PAULO";"RUA NOSSA SENHORA DE FATIMA";"131";"";"PRÓXIMO A PRAÇA JARDIM SÃO PAULO";"JARDIM SÃO PAULO";NA;"CIDADE";"COLISÃO TRASEIRA";"COLISÃO ENTRE DOIS AUTOS- S/V";2;0;0;0;0;0;0;0;0;0;0;"Longo da via";"Bom";"Não existe";"Não existente";"Seca";"Perfeito estado";"Não existe";"Não há placas";"";"Única";"Não existe";"";""
"2080";2020-03-08;"00:53:00";"SEM VÍTIMA";"FINALIZADA";"GRAÇAS";"AV RUI BARBOSA";"";"RUA TENENTE ANTONIO JOAO";"EM FRENTE AO COLÉGIO AGNES";"GRAÇAS";NA;"CIDADE";"CHOQUE OBJETO FIXO";"VEÍCULO CHOCOU-SE CONTRA UM POSTE.";1;0;0;0;0;0;0;0;0;0;0;"Longo da via";"Bom";"Não existe";"Perfeito estado";"Seca";"Perfeito estado";"Não existe";"Não há placas";"";"Única";"Não existe";"";""
"2081";2020-03-08;"05:27:00";"COM VÍTIMA";"FINALIZADA";"BOA VIAGEM";"AV CONSELHEIRO AGUIAR";"2892";"RUA PADRE BERNADINO PESSOA";"";"BOA VIAGEM";125;"CIDADE";"ABALROAMENTO TRANSVERSAL";"COLISÃO ENTRE DOIS AUTOS C/V";2;0;0;0;0;0;0;0;0;1;0;"Cruzamento";"Bom";"Sem defeito";"Perfeito estado";"Seca";"Perfeito estado";"Faixa de pedestre";"Não há placas";"60 km/h";"Única";"Faixa seccionada";"";""
"2082";2020-03-08;"08:50:00";"SEM VÍTIMA";"FINALIZADA";"IMBIRIBEIRA";"AV PRESIDENTE DUTRA";"50";"";"EM FRENTE A TRÓPICOS ENGENHARIA";"IMBIRIBEIRA";NA;"SUBURBIO";"ABALROAMENTO LONGITUDINAL";"COLISÃO S/VITIMAS ENTRE UM ONIBUS E UM AUTO";1;0;0;0;0;1;0;0;0;0;0;"";"Bom";"";"Perfeito estado";"Seca";"Perfeito estado";"";"";"";"Dupla";"Faixa contínua";"Canteiro central";""
"2083";2020-03-08;"09:01:00";"COM VÍTIMA";"FINALIZADA";"CAXANGÁ";"AV CAXANGA";"5717";"";"EM BAIXO DO SEMAFORO 262";"CAXANGÁ";262;"CIDADE";"COLISÃO TRASEIRA";"COLISÃO COM VITIMA A ESPERA DO SAMU  CRISTIANO QTH";1;1;0;0;0;0;0;0;0;1;0;"Longo da via";"Bom";"Sem defeito";"Perfeito estado";"Seca";"Perfeito estado";"";"";"";"Dupla";"Faixa contínua";"Faixa seccionada";"Canteiro central"
"2084";2020-03-08;"10:53:00";"SEM VÍTIMA";"FINALIZADA";"CAMPO GRANDE";"RUA JERONIMO VILELA";"";"RUA DR MACHADO";"";"CAMPO GRANDE";565;"SUBURBIO";"ABALROAMENTO TRANSVERSAL";"COLISÃO SEM VITIMAS";2;0;0;0;0;0;0;0;0;0;0;"Cruzamento";"Bom";"Sem defeito";"Perfeito estado";"Seca";"";"Faixa de pedestre";"";"";"Dupla";"Faixa contínua";"";""
"2085";2020-03-08;"10:58:00";"SEM VÍTIMA";"FINALIZADA";"BOA VIAGEM";"RUA DOS NAVEGANTES";"";"RUA CORONEL BENEDITO CHAVES";"AO LADO DO Nº 401";"BOA VIAGEM";NA;"";"ABALROAMENTO TRANSVERSAL";"COLISÃO S/VITIMAS ENTRE DOIS AUTOS";2;0;0;0;0;0;0;0;0;0;0;"Cruzamento";"Bom";"Não existe";"Perfeito estado";"Seca";"Perfeito estado";"Não existe";"R-4a";"";"Única";"Não existe";"";""
"2086";2020-03-08;"12:11:00";"SEM VÍTIMA";"FINALIZADA";"CASA AMARELA";"RUA PADRE LEMOS";"";"";"MAGAZINE LUIZA";"CASA AMARELA";NA;"SUBURBIO";"ABALROAMENTO TRANSVERSAL";"COLISÃO SEM VÍTIMA";1;0;0;0;0;1;0;0;0;0;0;"Longo da via";"Bom";"Não existe";"Perfeito estado";"Seca";"Perfeito estado";"Não existe";"Outras";"40 km/h";"Dupla";"Faixa seccionada";"";""
"2087";2020-03-08;"12:42:00";"SEM VÍTIMA";"FINALIZADA";"BOA VIAGEM";"RUA GENERAL EDSON AMANCIO RAMALHO";"";"RUA PEDRO PAES MENDONCA";"";"BOA VIAGEM";544;"CIDADE";"COLISÃO TRASEIRA";"COLISÃO SEM VÍTIMA";3;0;0;0;0;0;0;0;0;0;0;"Longo da via";"Bom";"Sem defeito";"Perfeito estado";"Seca";"Perfeito estado";"Faixa de pedestre";"R-6a";"";"Única";"Faixa contínua";"";""
"2088";2020-03-08;"13:04:00";"COM VÍTIMA";"FINALIZADA";"MADALENA";"RUA BENFICA";"1150";"";"EM FRENTE AO MUSEU DA ABOLIÇÃO";"MADALENA";257;"SUBURBIO";"COLISÃO COM CICLISTA";"COLISAO COM VITIMA ENTRE ONIBUS E BICICLETA";0;0;0;1;0;1;0;0;0;1;0;"Longo da via";"Bom";"Sem defeito";"Perfeito estado";"Seca";"Perfeito estado";"Faixa de pedestre";"R-26";"40 km/h";"Dupla";"Faixa contínua";"";""
"2089";2020-03-08;"13:18:00";"SEM VÍTIMA";"FINALIZADA";"IPSEP";"RUA JEAN EMILE FAVRE";"";"RUA PADRE LIMA E SA";"PRÓXIMO A PADARIA MUSTAPAN";"IPSEP";NA;"CIDADE";"ABALROAMENTO TRANSVERSAL";"COLISÃO SEM VÍTIMA";2;0;0;0;0;0;0;0;0;0;0;"Cruzamento";"Bom";"Não existe";"Perfeito estado";"";"";"";"Placas Pare";"";"Dupla";"Faixa seccionada";"";""
"2090";2020-03-08;"13:26:00";"SEM VÍTIMA";"FINALIZADA";"ESTÂNCIA";"AV RECIFE";"";"RUA MAESTRO ALCIDES LEAO";"AO LADO DO MOTEL ESTORIL";"ESTÂNCIA";NA;"SUBURBIO";"ABALROAMENTO LONGITUDINAL";"COLISAO S/ VITIMA ENTRE DOIS VEICULOS";2;0;0;0;0;0;0;0;0;0;0;"Longo da via";"Bom";"Não existe";"";"Seca";"";"Não existe";"R-6a";"";"Dupla";"Canteiro central";"";""
"2091";2020-03-08;"13:35:00";"SEM VÍTIMA";"CANCELADA";"PINA";"RUA ARQUITETO AUGUSTO REINALDO";"";"";"AO LADO DO ATACADO DA CONSTRUÇÃO";"PINA";NA;"";"COLISÃO";"COLISÃO SEM VÍTIMA";2;0;0;0;0;0;0;0;0;0;0;"";"";"";"";"";"";"";"";"";"";"";"";""
"2092";2020-03-08;"15:39:00";"SEM VÍTIMA";"FINALIZADA";"BOA VISTA";"AV LINS PETIT";"161";"";"PRAÇA CHORA MENINO";"BOA VISTA";NA;"CIDADE";"COLISÃO TRASEIRA";"COLISAO S/ VITIMA ENTRE DOIS VEICULOS";2;0;0;0;0;0;0;0;0;0;0;"Longo da via";"Bom";"Não existe";"Perfeito estado";"Seca";"Perfeito estado";"Não existe";"Outras";"";"Única";"Não existe";"";""
"2093";2020-03-08;"16:39:00";"SEM VÍTIMA";"FINALIZADA";"ENCRUZILHADA";"AV JOAO DE BARROS";"";"AV NORTE";"";"ENCRUZILHADA";43;"CIDADE";"ABALROAMENTO TRANSVERSAL";"COLISÃO SEM VÍTIMA";2;0;0;0;0;0;0;0;0;0;0;"Cruzamento";"Bom";"Sem defeito";"Perfeito estado";"Seca";"Perfeito estado";"Faixa de pedestre";"Outras";"";"Dupla";"Canteiro central";"";""
"2094";2020-03-08;"17:00:00";"SEM VÍTIMA";"CANCELADA";"ÁGUA FRIA";"RUA TAMBOARA";"855";"";"LOJA DO BAIXINHO";"ÁGUA FRIA";NA;"";"COLISÃO";"COLISAO S/ VITIMA. ENTRE MOTO E VEICULO";1;1;0;0;0;0;0;0;0;0;0;"";"";"";"";"";"";"";"";"";"";"";"";""
"2095";2020-03-08;"17:11:00";"COM VÍTIMA";"FINALIZADA";"AFOGADOS";"RUA SAO MIGUEL";"558";"";"BRANCO DO BRASIL";"AFOGADOS";NA;"SUBURBIO";"COLISÃO TRASEIRA";"COLISAO COM VITIMA ENTRE MOTO E VEICULO";1;1;0;0;0;0;0;0;0;1;0;"Longo da via";"Bom";"Não existe";"";"";"";"Não existe";"";"50 km/h";"Dupla";"Faixa contínua";"";""
"2096";2020-03-08;"18:19:00";"SEM VÍTIMA";"CANCELADA";"BOA VISTA";"RUA JOAO FERNANDES VIEIRA";"";"";"PROX AO BOM PREÇO";"BOA VISTA";NA;"";"COLISÃO";"COLISAO SEM VITIMAS";2;0;0;0;0;0;0;0;0;0;0;"";"";"";"";"";"";"";"";"";"";"";"";""
"2097";2020-03-08;"19:39:00";"COM VÍTIMA";"FINALIZADA";"AREIAS";"AV RECIFE";"657";"";"PROX AO MAKRO";"AREIAS";NA;"BR 101";"COLISÃO";"COLISAO COM VITIMAS";0;1;0;0;0;1;0;0;0;1;0;"Longo da via";"Bom";"Não existe";"Perfeito estado";"Seca";"Perfeito estado";"Não existe";"Não há placas";"";"Dupla";"Canteiro central";"";""
"2098";2020-03-08;"20:36:00";"SEM VÍTIMA";"CANCELADA";"VÁRZEA";"RUA BARAO DE CERRO LARGO";"";"";"PROX AO POSTO DE SAUDE COSME DAMIAO";"VÁRZEA";NA;"";"COLISÃO";"COLISAO SEM VITIMAS";1;0;0;0;0;1;0;0;0;0;0;"";"";"";"";"";"";"";"";"";"";"";"";""
"2099";2020-03-08;"20:51:00";"COM VÍTIMA";"FINALIZADA";"ÁGUA FRIA";"EST VELHA DE AGUA FRIA";"";"";"PROX AO DNOCS";"ÁGUA FRIA";306;"SUBURBIO";"COLISÃO TRASEIRA";"COLISAO COM VITIMAS";0;2;0;0;0;0;0;0;0;2;0;"Cruzamento";"Bom";"Sem defeito";"Perfeito estado";"Seca";"Perfeito estado";"Faixa de pedestre";"";"";"Dupla";"Canteiro central";"";""
"2100";2020-03-08;"20:56:00";"COM VÍTIMA";"FINALIZADA";"AREIAS";"AV DR JOSE RUFINO";"1508";"RUA JOSE NATARIO";"ENF. AO POSTO SHELL E FARMACIA DROGASIL";"AREIAS";44;"";"ABALROAMENTO TRANSVERSAL";"ONIX X UNO MILLE    OBS: VT DA CTTU N:10 ESTA NO LOCAL";2;0;0;0;0;0;0;0;0;2;0;"Cruzamento";"Bom";"Sem defeito";"Perfeito estado";"Seca";"Perfeito estado";"Faixa de pedestre";"R-6a";"40 km/h";"Dupla";"Faixa contínua";"";""
"2101";2020-03-08;"21:24:00";"COM VÍTIMA";"FINALIZADA";"IBURA";"AV DOIS RIOS";"";"RUA FERNANDO TOMAZ DA SILVA";"EM FRENTE A FARMACIA INDEPENDENTE";"IBURA";323;"SUBURBIO";"CAPOTAMENTO";"COLISÃO SEGUIDO DE CAPOTAMENTO";6;0;0;0;0;0;0;0;0;1;0;"Longo da via";"Bom";"Sem defeito";"Perfeito estado";"Seca";"Perfeito estado";"Faixa de pedestre";"Outras";"";"Dupla";"Faixa contínua";"";""
"2102";2020-03-08;"22:45:00";"SEM VÍTIMA";"FINALIZADA";"BOA VIAGEM";"RUA BARAO DE SOUZA LEAO";"";"";"";"BOA VIAGEM";129;"";"ABALROAMENTO TRANSVERSAL";"COLISAO SEM VITIMAS";2;0;0;0;0;0;0;0;0;0;0;"Cruzamento";"Bom";"Sem defeito";"Perfeito estado";"Seca";"Perfeito estado";"";"";"";"Única";"";"";""
"2103";2020-03-09;"00:11:00";"COM VÍTIMA";"FINALIZADA";"TORRÕES";"AV ENGENHEIRO ABDIAS DE CARVALHO";"240";"";"EM FRENTE A DROGARIA BONGI- AO LADO DA TECOMAT";"TORRÕES";NA;"SUBURBIO";"COLISÃO";"COLISÃO ENTRE AUTO E MOTO C/V";0;1;0;0;0;0;0;0;0;2;0;"";"";"";"";"";"";"";"";"";"";"";"";""
"2104";2020-03-09;"02:11:00";"SEM VÍTIMA";"FINALIZADA";"VASCO DA GAMA";"RUA DOIS DE FEVEREIRO";"523";"";"";"VASCO DA GAMA";NA;"SUBURBIO";"CHOQUE VEÍCULO PARADO";"COLISÃO ENTRE AUTO E CAMINHONETE S/V";1;0;0;0;0;0;1;0;0;0;0;"Longo da via";"Bom";"Não existe";"Não existente";"Seca";"Perfeito estado";"Não existe";"Não há placas";"";"Dupla";"Não existe";"";""
"2105";2020-03-09;"06:46:00";"SEM VÍTIMA";"FINALIZADA";"ESPINHEIRO";"RUA DO ESPINHEIRO";"377";"";"APÓS O POSTO IPIRANGA";"ESPINHEIRO";NA;"SUBURBIO";"ABALROAMENTO TRANSVERSAL";"COLISÃO SEM VITIMAS";1;0;0;0;0;0;0;0;0;0;0;"Longo da via";"";"Não existe";"Perfeito estado";"Seca";"Perfeito estado";"Não existe";"R-6a";"";"Única";"Faixa seccionada";"";""
"2106";2020-03-09;"07:18:00";"SEM VÍTIMA";"FINALIZADA";"CABANGA";"RUA BITURI";"12";"AV ENGENHEIRO JOSE ESTELITA";"SECURITY CENTER DO BRASIL";"CABANGA";NA;"CIDADE";"ABALROAMENTO TRANSVERSAL";"COLISÃO SEM VITIMAS";1;1;0;0;0;0;0;0;0;0;0;"Cruzamento";"Bom";"Não existe";"Incompleta";"Seca";"Perfeito estado";"Não existe";"";"";"Única";"";"";""
"2107";2020-03-09;"07:38:00";"SEM VÍTIMA";"FINALIZADA";"IMBIRIBEIRA";"AV MARECHAL MASCARENHAS DE MORAES";"";"";"PROX AO AEROPORTO AO RESTAURANTE CASA CHINA";"IMBIRIBEIRA";NA;"CIDADE";"COLISÃO";"COLISÃO SEM VITIMAS";2;0;0;0;0;0;0;0;0;0;0;"";"";"";"";"";"";"";"";"";"";"";"";""
"2108";2020-03-09;"07:51:00";"SEM VÍTIMA";"CANCELADA";"CORDEIRO";"AV GENERAL SAN MARTIN";"330";"";"PROX. A DR FRIOS SISTEMA DE REFRIGERAÇÃO";"CORDEIRO";NA;"";"COLISÃO";"AUTO E MOTO";1;1;0;0;0;0;0;0;0;0;0;"";"";"";"";"";"";"";"";"";"";"";"";""
"2109";2020-03-09;"07:56:00";"SEM VÍTIMA";"FINALIZADA";"ILHA DO LEITE";"AV GOVERNADOR AGAMENON MAGALHAES";"4775";"";"EM FRENTE AO EMPRESARIAL THOMAS EDISON";"ILHA DO LEITE";672;"CIDADE";"ABALROAMENTO LONGITUDINAL";"COLISÃO SEM VITIMAS  GM  BT ROCHA CRISPIM  QTH";1;0;0;0;0;1;0;0;0;0;0;"Longo da via";"Bom";"Sem defeito";"Perfeito estado";"Seca";"Perfeito estado";"Faixa de pedestre";"Outras";"60 km/h";"Única";"Faixa seccionada";"";""
"2110";2020-03-09;"08:09:00";"SEM VÍTIMA";"FINALIZADA";"AREIAS";"AV RECIFE";"";"";"LADO OPOSTO AO BIG BOMPREÇO";"AREIAS";NA;"SUBURBIO";"COLISÃO TRASEIRA";"TRES AUTOS";3;0;0;0;0;0;0;0;0;0;0;"Longo da via";"Bom";"Não existe";"Perfeito estado";"Seca";"Perfeito estado";"Não existe";"Não há placas";"";"Dupla";"Faixa seccionada";"Canteiro central";""
"2111";2020-03-09;"08:20:00";"SEM VÍTIMA";"CANCELADA";"ESPINHEIRO";"RUA SANTO ELIAS";"268";"RUA DO ESPINHEIRO";"EM FRENTEC AO EDF ANDROS";"ESPINHEIRO";NA;"";"COLISÃO";"";2;0;0;0;0;0;0;0;0;0;0;"";"";"";"";"";"";"";"";"";"";"";"";""
"2112";2020-03-09;"08:33:00";"SEM VÍTIMA";"FINALIZADA";"VÁRZEA";"AV AFONSO OLINDENSE";"1433";"";"PARADA DE ÔNIBUS Nº 080257";"VÁRZEA";NA;"";"ABALROAMENTO LONGITUDINAL";"VT 16 NO QTH / ONIBUS E AUTO PASSEIO";1;0;0;0;0;1;0;0;0;0;0;"Longo da via";"Bom";"Não existe";"Perfeito estado";"Seca";"Perfeito estado";"Não existe";"Outras";"30 km/h";"Dupla";"Faixa contínua";"";""
"2113";2020-03-09;"08:35:00";"SEM VÍTIMA";"FINALIZADA";"ESPINHEIRO";"AV JOAO DE BARROS";"";"RUA DA HORA";"";"ESPINHEIRO";656;"SUBURBIO";"ABALROAMENTO LONGITUDINAL";"ONIBUS E AUTO";1;0;0;0;0;1;0;0;0;0;0;"Cruzamento";"Bom";"Sem defeito";"Perfeito estado";"Seca";"Perfeito estado";"Faixa de pedestre";"R-6a";"";"Única";"Faixa seccionada";"";""
"2114";2020-03-09;"09:15:00";"SEM VÍTIMA";"FINALIZADA";"CORDEIRO";"AV GENERAL SAN MARTIN";"608";"";"ATACAREJO IDEAL";"CORDEIRO";67;"SUBURBIO";"CHOQUE VEÍCULO PARADO";"COLISÃO SEM VITIMAS";1;0;1;0;0;0;0;0;0;0;0;"Longo da via";"Bom";"Sem defeito";"Perfeito estado";"Seca";"Perfeito estado";"Faixa de pedestre";"R-6a";"";"Dupla";"Faixa contínua";"";""
"2115";2020-03-09;"10:05:00";"SEM VÍTIMA";"FINALIZADA";"SANTO AMARO";"RUA FREI CASSIMIRO";"";"RUA DO POMBAL";"";"SANTO AMARO";NA;"SUBURBIO";"ABALROAMENTO TRANSVERSAL";"COLISÃO SEM VITIMAS";2;0;0;0;0;0;0;0;0;0;0;"Cruzamento";"Bom";"Não existe";"Perfeito estado";"Seca";"Perfeito estado";"Faixa de retenção";"Placas Pare";"";"Dupla";"Canteiro central";"";""
"2116";2020-03-09;"10:52:00";"SEM VÍTIMA";"FINALIZADA";"PARNAMIRIM";"RUA TITO ROSAS";"60";"";"EDF. RESIDENCIAL DA TORRE";"PARNAMIRIM";NA;"CIDADE";"ABALROAMENTO LONGITUDINAL";"COLISÃO S/VITIMAS ENTRE DOIS AUTOS E UMA MOTO";2;1;0;0;0;0;0;0;0;0;0;"Longo da via";"Bom";"Não existe";"Perfeito estado";"Seca";"Perfeito estado";"Não existe";"";"";"Única";"Faixa seccionada";"";""
"2117";2020-03-09;"11:49:00";"SEM VÍTIMA";"FINALIZADA";"";"RUA PAISSANDU";"414";"";"UNIMED RECIFE";"";NA;"";"ABALROAMENTO LONGITUDINAL";"COLISÃO SEM VITIMAS";2;0;0;0;0;0;0;0;0;0;0;"Longo da via";"Bom";"Não existe";"Perfeito estado";"Seca";"Perfeito estado";"Não existe";"Não há placas";"";"Única";"Não existe";"";""
"2118";2020-03-09;"11:55:00";"SEM VÍTIMA";"FINALIZADA";"ESPINHEIRO";"RUA DO ESPINHEIRO";"1527";"AV JOAO DE BARROS";"EMPRESARIAL PHOENIX";"ESPINHEIRO";89;"";"ABALROAMENTO LONGITUDINAL";"COLISÃO S/VITIMAS ENTRE E DOIS AUTOS";1;0;0;0;0;0;0;0;0;0;0;"Longo da via";"Bom";"Sem defeito";"Perfeito estado";"Seca";"Perfeito estado";"Faixa de pedestre";"R-6a";"";"Única";"Faixa contínua";"";""
"2119";2020-03-09;"11:59:00";"COM VÍTIMA";"FINALIZADA";"IPUTINGA";"AV MAURICIO DE NASSAU";"";"RUA DR JOSE ANASTACIO DA SILVA GUIMARAES";"EM FRENTE AO PARQUE DO CAIARA";"IPUTINGA";NA;"CIDADE";"ABALROAMENTO LONGITUDINAL";"MOTO E VT DA PM";0;1;0;0;0;0;0;1;0;2;0;"Longo da via";"Bom";"Sem defeito";"Incompleta";"Seca";"Perfeito estado";"Não existe";"Não há placas";"";"Dupla";"Não existe";"";""
"2120";2020-03-09;"12:11:00";"SEM VÍTIMA";"FINALIZADA";"CAMPO GRANDE";"RUA ODORICO MENDES";"573";"";"GGB ECO PEÇAS";"CAMPO GRANDE";NA;"SUBURBIO";"COLISÃO TRASEIRA";"COLISAO S/ VITIMA ENTRE ONIBUS E MOTO";0;1;0;0;0;1;0;0;0;0;0;"Longo da via";"Bom";"Não existe";"Perfeito estado";"Seca";"Perfeito estado";"Não existe";"R-6a";"";"Dupla";"Faixa contínua";"";""