"";"data";"hora";"natureza_acidente";"situacao";"bairro";"endereco";"numero";"detalhe_endereco_acidente";"complemento";"bairro_cruzamento";"num_semaforo";"sentido_via";"tipo";"descricao";"auto";"moto";"ciclom";"ciclista";"pedestre";"onibus";"caminhao";"viatura";"outros";"vitimas";"vitimasfatais";"acidente_verificado";"tempo_clima";"situacao_semaforo";"sinalizacao";"condicao_via";"conservacao_via";"ponto_controle";"situacao_placa";"velocidade_max_via";"mao_direcao";"divisao_via1";"divisao_via2";"divisao_via3"
"2398";2020-04-01;"14:25:00";"COM VÍTIMA";"FINALIZADA";"PARNAMIRIM";"RUA VIRGINIA LORETO";"";"RUA JOAO TUDE DE MELO";"E/F AO POSTO IPIRANGA";"PARNAMIRIM";649;"CIDADE";"ABALROAMENTO TRANSVERSAL";"COLISÃO C/VITIMAS ENTRE UM AUTO E UMA MOTO";1;1;0;0;0;0;0;0;0;2;0;"Esquina";"Bom";"Sem defeito";"Perfeito estado";"Seca";"Perfeito estado";"Não existe";"Não há placas";"40 km/h";"Única";"Faixa seccionada";"";""
"2399";2020-04-01;"19:08:00";"COM VÍTIMA";"FINALIZADA";"SANTO AMARO";"RUA DR CARLOS CHAGAS";"112";"RUA ALUISIO DE AZEVEDO";"EM FRENTE AO COLEGIO ÚNICO- AO LADO DA FARMACIA PAGUE MENOS";"SANTO AMARO";649;"SUBURBIO";"ABALROAMENTO LONGITUDINAL";"COLISÃO ENTRE AUTO E MOTO C/V";1;1;0;0;0;0;0;0;0;1;0;"Esquina";"Bom";"Não existe";"Incompleta";"Seca";"Mal iluminada";"Não existe";"Não há placas";"";"Única";"Não existe";"";""
"2400";2020-04-01;"21:51:00";"COM VÍTIMA";"FINALIZADA";"CABANGA";"AV SUL";"";"";"EM BAIXO DO VIADUTO CAPITÃO TEMUDO- NA FAIXA EXCLUSIVA DE ÔNIBUS. APÓS O SEMÁFORO 211";"CABANGA";211;"CIDADE";"COLISÃO COM CICLISTA";"ÔNIBUS ATROPELOU UMA CRIANÇA. INFORMAÇÕES DO BOLETIM FÍSICO MOSTRAM QUE O ATROPELADO CONDUZIA UMA BICICLETA.";0;0;0;1;0;1;0;0;0;1;0;"Longo da via";"Bom";"Não existe";"Não existente";"Seca";"Perfeito estado";"Não existe";"Não há placas";"";"Dupla";"Não existe";"";""
"2401";2020-04-02;"08:34:00";"COM VÍTIMA";"FINALIZADA";"JORDÃO";"AV MARECHAL MASCARENHAS DE MORAES";"";"";"EM FRENTE A ANAC  NO SENTIDO  RECIFE";"JORDÃO";626;"CIDADE";"COLISÃO TRASEIRA";"COLISÃO COM VITIMAS ENTRE DOIS AUTOS.";2;0;0;0;0;0;0;0;0;2;0;"Longo da via";"Chuvoso";"Sem defeito";"Perfeito estado";"Seca";"Perfeito estado";"Faixa de pedestre";"Não há placas";"60 km/h";"Dupla";"Canteiro central";"";""
"2402";2020-04-02;"09:33:00";"COM VÍTIMA";"FINALIZADA";"ILHA JOANA BEZERRA";"AV BEIRA RIO";"";"";"AO LADO DO FORUM JOANA BEZERRA NO SENTIDO COELHOS";"ILHA JOANA BEZERRA";38;"SUBURBIO";"ABALROAMENTO LONGITUDINAL";"AUTO E MOTO.";1;1;0;0;0;0;0;0;0;1;0;"Longo da via";"Bom";"Sem defeito";"Perfeito estado";"Seca";"Perfeito estado";"Não existe";"Não há placas";"";"Dupla";"Faixa contínua";"Faixa seccionada";""
"2403";2020-04-02;"12:50:00";"COM VÍTIMA";"FINALIZADA";"TORRE";"RUA SOUZA BANDEIRA";"483";"RUA MARQUES DE MARICA";"NO SEMAFORO 317. AO LADO DO NÚMERO 483.";"TORRE";317;"CIDADE";"ABALROAMENTO TRANSVERSAL";"AUTO E MOTO.";1;1;0;0;0;0;0;0;0;1;0;"Cruzamento";"Chuvoso";"Sem defeito";"Perfeito estado";"Molhada";"Perfeito estado";"Faixa de pedestre";"R-6a";"30 km/h";"Dupla";"Faixa contínua";"Faixa seccionada";""
"2404";2020-04-02;"18:52:00";"COM VÍTIMA";"FINALIZADA";"CASA FORTE";"AV DEZESSETE DE AGOSTO";"1161";"RUA DO CHACON";"PRÓX A PRAÇA DE CASA FORTE E CPOR. DELTA EXPRESSO.";"CASA FORTE";NA;"CIDADE";"ABALROAMENTO LONGITUDINAL";"ENTRE MOTO E AUTO. C/V";1;1;0;0;0;0;0;0;0;1;0;"Longo da via";"Bom";"Não existe";"Perfeito estado";"Seca";"Perfeito estado";"";"Não há placas";"60 km/h";"Dupla";"Faixa";"";""
"2405";2020-04-02;"21:20:00";"SEM VÍTIMA";"CANCELADA";"PAISSANDU";"RUA HENRIQUE DIAS";"";"AV GOVERNADOR AGAMENON MAGALHAES";"PROX AO ANTIGO RESTAURANTE SPETTUS";"PAISSANDU";NA;"";"COLISÃO";"MOTO X AUTO     OBS: SUSPEITA DE EMBRIAGUEZ";1;1;0;0;0;0;0;0;0;0;0;"";"";"";"";"";"";"";"";"";"";"";"";""
"2406";2020-04-03;"02:18:00";"COM VÍTIMA";"FINALIZADA";"ÁGUA FRIA";"RUA DA REGENERACAO";"740";"RUA DAS MOCAS";"ANTIGA FÁBRICA DA COCA COLA";"ÁGUA FRIA";NA;"SUBURBIO";"COLISÃO FRONTAL";"COLISÃO ENTRE AUTO E CINQUENTINHA . VEÍCULO SE EVADIU E O PROPRIETÁRIO DA MOTOCICLETA FOI SOCORRIDO PELO SAMU.";1;0;1;0;0;0;0;0;0;1;0;"Longo da via";"Chuvoso";"Não existe";"Perfeito estado";"Molhada";"Perfeito estado";"";"";"";"Dupla";"Não existe";"";""
"2407";2020-04-03;"12:50:00";"COM VÍTIMA";"FINALIZADA";"JAQUEIRA";"RUA DO FUTURO";"";"";"PROXIMO AO PARQUE DA JAQUEIRA EM FRENTE AO VERDE FRUT";"JAQUEIRA";NA;"SUBURBIO";"COLISÃO COM CICLISTA";"COLISAO COM VITIMAS";1;0;0;1;0;0;0;0;0;1;0;"Longo da via";"Bom";"Não existe";"Perfeito estado";"Seca";"";"Não existe";"Outras";"40 km/h";"Única";"Não existe";"";""
"2408";2020-04-03;"13:41:00";"COM VÍTIMA";"FINALIZADA";"MADALENA";"AV BEIRA RIO";"109";"";"DEPOPIS DA ACADEMIA DA CIDADE. ESQUINA COM PONTE DA TORRE.";"MADALENA";630;"SUBURBIO";"ABALROAMENTO TRANSVERSAL";"COLISAO COM VITIMAS";1;1;0;0;0;0;0;0;0;1;0;"Cruzamento";"Bom";"Sem defeito";"Perfeito estado";"Seca";"Perfeito estado";"Não existe";"Outras";"";"Única";"Não existe";"";""
"2409";2020-04-03;"18:36:00";"COM VÍTIMA";"CANCELADA";"ÁGUA FRIA";"RUA BELO JARDIM";"337";"";"EM FRENTE AO DISTRIBUIDOR DE AÇAI- PROX DO MERCADINHO DE MARIO";"ÁGUA FRIA";NA;"";"COLISÃO";"COLISÃO ENTRE DUAS MOTOS C/V";0;2;0;0;0;0;0;0;0;2;0;"";"";"";"";"";"";"";"";"";"";"";"";""
"2410";2020-04-04;"08:28:00";"COM VÍTIMA";"FINALIZADA";"BOA VISTA";"RUA JOAO LIRA";"";"RUA DA SAUDADE";"PARQUE TREZE DE MAIO";"BOA VISTA";308;"RUA DO HOSPÍCIO";"ABALROAMENTO TRANSVERSAL";"DUAS MOTO E UM ÔNIBUS.";0;2;0;0;0;1;0;0;0;1;0;"Cruzamento";"Chuvoso";"Sem defeito";"Perfeito estado";"Seca";"Perfeito estado";"Outros";"Outras";"";"Única";"Faixa seccionada";"";""
"2411";2020-04-04;"13:03:00";"COM VÍTIMA";"FINALIZADA";"IMBIRIBEIRA";"PTE DO MOTOCOLOMBO";"";"";"AO LADO DO POSTE DE ILUMINAÇÃO BO 16896";"IMBIRIBEIRA";NA;"CIDADE";"ABALROAMENTO LONGITUDINAL";"COLISAO ENTRE AUTO E MOTO COM UMA VITIMA";1;1;0;0;0;0;0;0;0;1;0;"Ponte";"Bom";"Não existe";"Incompleta";"Seca";"Perfeito estado";"Não existe";"Outras";"60 km/h";"Dupla";"Canteiro central";"";""
"2412";2020-04-14;"19:31:00";"COM VÍTIMA";"FINALIZADA";"AREIAS";"AV CAPITAO GREGORIO DE CALDAS";"";"AV RECIFE";"ENF AO BIG BOMPREÇO // SENTIDO BOA VIAGEM";"AREIAS";494;"AEROPORTO";"COLISÃO TRASEIRA";"AUTO E MOTO.";1;1;0;0;0;0;0;0;0;1;0;"Longo da via";"Bom";"Sem defeito";"Perfeito estado";"Seca";"Perfeito estado";"";"";"";"Dupla";"Faixa seccionada";"";""
"2413";2020-04-15;"02:42:00";"COM VÍTIMA";"FINALIZADA";"BOA VIAGEM";"AV BOA VIAGEM";"1688";"";"2° JARDIM";"BOA VIAGEM";NA;"CIDADE";"COLISÃO COM CICLISTA";"AUTO E BICICLETA.";1;0;0;1;0;0;0;0;0;2;0;"Longo da via";"Bom";"Sem defeito";"Perfeito estado";"Seca";"Perfeito estado";"";"";"60 km/h";"Única";"Faixa seccionada";"";""
"2414";2020-04-15;"08:25:00";"SEM VÍTIMA";"FINALIZADA";"BOA VISTA";"RUA DA AURORA";"";"RUA PRINCESA IZABEL";"DELEGACIA DA POLÍCIA CIVIL";"BOA VISTA";22;"";"ABALROAMENTO LONGITUDINAL";"";2;0;0;0;0;0;0;0;0;0;0;"Cruzamento";"Bom";"Sem defeito";"Perfeito estado";"Seca";"Perfeito estado";"Faixa de pedestre";"";"40 km/h";"";"";"";""
"2415";2020-04-15;"19:16:00";"COM VÍTIMA";"FINALIZADA";"PINA";"AV ENGENHEIRO DOMINGOS FERREIRA";"1183";"";"AO LADO DA ESCOLA ESTADUAL MENINO JESUS- PROX DA CLINICA DE ESPECIALIDADES MÉDICAS (CEM)-LADO ESQUERDO";"PINA";324;"SUBURBIO";"ABALROAMENTO LONGITUDINAL";"COLISÃO ENTRE DUAS MOTOS C/V";0;2;0;0;0;0;0;0;0;1;0;"Longo da via";"Bom";"Sem defeito";"Perfeito estado";"Seca";"Perfeito estado";"Faixa de pedestre";"";"60 km/h";"Única";"Canteiro central";"";""
"2416";2020-04-16;"06:52:00";"COM VÍTIMA";"FINALIZADA";"CASA AMARELA";"AV NORTE";"5237";"RUA DA HARMONIA";"EM FRENTE A FARMACIA PAGUE MENOS";"CASA AMARELA";312;"CIDADE";"COLISÃO TRASEIRA";"COLISÃO COM VITIMA A ESPERA DO SAMU";1;1;0;0;0;0;0;0;0;1;0;"Cruzamento";"Chuvoso";"Sem defeito";"Perfeito estado";"Molhada";"Perfeito estado";"Faixa de pedestre";"Não há placas";"";"Dupla";"Faixa seccionada";"";""
"2417";2020-04-16;"07:45:00";"COM VÍTIMA";"FINALIZADA";"DERBY";"RUA JENER DE SOUZA";"609";"RUA HENRIQUE DIAS";"EM FRENTE A FUNDAÇÃO JOAQUIM NABUCO";"DERBY";NA;"";"COLISÃO TRASEIRA";"VITIMA A ESPERA DO SAMU  GM IDENILSON QTH";0;2;0;0;0;0;0;0;0;2;0;"Cruzamento";"Chuvoso";"Não existe";"Perfeito estado";"Molhada";"Perfeito estado";"Agente";"R-26";"40 km/h";"Única";"Canteiro central";"";""
"2418";2020-04-16;"08:49:00";"COM VÍTIMA";"FINALIZADA";"DERBY";"AV GOVERNADOR AGAMENON MAGALHAES";"138";"";"FACEIMAGEM E PRÓXIMO DA PRAÇA DO DERBY";"DERBY";NA;"BOA VIAGEM";"TOMBAMENTO";"";0;1;0;0;0;0;0;0;0;1;0;"Longo da via";"Chuvoso";"Não existe";"Perfeito estado";"Molhada";"Perfeito estado";"Outros";"Outras";"60 km/h";"Dupla";"Canteiro central";"";""
"2419";2020-04-16;"09:39:00";"COM VÍTIMA";"FINALIZADA";"ROSARINHO";"AV NORTE";"";"AV SANTOS DUMONT";"PRÓXIMO A PADARIA ROSARINHO. EM FRENTE AO EDIFÍCIO DAVID BECKER.";"ROSARINHO";81;"CIDADE";"TOMBAMENTO";"";0;1;0;0;0;0;0;0;0;1;0;"Longo da via";"Chuvoso";"Sem defeito";"Perfeito estado";"Molhada";"Perfeito estado";"Outros";"R-6a";"";"Dupla";"Faixa contínua";"Faixa seccionada";"Canteiro central"
"2420";2020-04-16;"09:49:00";"COM VÍTIMA";"FINALIZADA";"CASA AMARELA";"AV NORTE";"";"RUA DA HARMONIA";"EM FRENTE AO  BANCO  BRADESCO";"CASA AMARELA";312;"CIDADE";"COLISÃO COM CICLISTA";"VITIMA SOCORRIDA PELO  SAMU";1;0;0;1;0;0;0;0;0;1;0;"Cruzamento";"Chuvoso";"Sem defeito";"Perfeito estado";"Molhada";"Perfeito estado";"Faixa de pedestre";"Não há placas";"";"Dupla";"Faixa seccionada";"";""
"2421";2020-04-16;"10:13:00";"SEM VÍTIMA";"CANCELADA";"AFOGADOS";"RUA DA PAZ";"";"";"EM FRENTE AO BRADESCO";"AFOGADOS";NA;"";"COLISÃO";"SEM VÍTIMA";1;0;0;0;0;1;0;0;0;0;0;"";"";"";"";"";"";"";"";"";"";"";"";""
"2422";2020-04-16;"16:09:00";"COM VÍTIMA";"FINALIZADA";"SANTO ANTÔNIO";"AV DANTAS BARRETO";"512";"";"E/F AO BANCO SANTANDER AO LADO DA PRAÇA DO DIARIO";"SANTO ANTÔNIO";NA;"";"ATROPELAMENTO";"ONIBUS ATROPELOU UM PEDESTRE";0;0;0;0;1;1;0;0;0;1;0;"Longo da via";"Chuvoso";"Não existe";"Ilegível";"Molhada";"Mal conservada";"Não existe";"Outras";"";"Única";"Canteiro central";"";""
"2423";2020-04-16;"18:51:00";"COM VÍTIMA";"FINALIZADA";"ILHA DO LEITE";"RUA GENERAL JOAQUIM INACIO";"4581";"AV GOVERNADOR AGAMENON MAGALHAES";"EM FRENTE AO BANCO ITAÚ";"ILHA DO LEITE";69;"SUBURBIO";"COLISÃO TRASEIRA";"ENVOLVENDO MOTO DA CTTU E AUTO PASSEIO";1;1;0;0;0;0;0;0;0;1;0;"Longo da via";"Chuvoso";"Sem defeito";"Perfeito estado";"Molhada";"Perfeito estado";"Faixa de pedestre";"Não há placas";"40 km/h";"Única";"Faixa contínua";"";""
"2424";2020-04-17;"02:35:00";"COM VÍTIMA";"FINALIZADA";"SÃO JOSÉ";"AV SUL";"";"";"EM FRENTE AO GALPÃO DO GALO DA MADRUGADA";"SÃO JOSÉ";NA;"SUBURBIO";"COLISÃO FRONTAL";"";0;1;0;0;0;1;0;0;0;1;0;"Longo da via";"Bom";"Não existe";"Incompleta";"Seca";"Mal iluminada";"Não existe";"Não há placas";"60 km/h";"Dupla";"Não existe";"";""
"2425";2020-04-17;"11:40:00";"COM VÍTIMA";"FINALIZADA";"TORREÃO";"AV NORTE";"";"RUA MARQUES DO PARANA";"CONCESSIONÁRIA NISSAN.";"TORREÃO";56;"CIDADE";"COLISÃO TRASEIRA";"AUTO E MOTO C VÍTIMA";1;1;0;0;0;0;0;0;0;1;0;"Longo da via";"Bom";"Sem defeito";"Perfeito estado";"Seca";"Perfeito estado";"Faixa de retenção";"R-26";"60 km/h";"Dupla";"Canteiro central";"";""
"2426";2020-04-17;"12:13:00";"COM VÍTIMA";"FINALIZADA";"IPUTINGA";"AV MAURICIO DE NASSAU";"438";"";"APOS A LOMBADA ELETRONICA. EM FRENTE A USF SKYLAB";"IPUTINGA";NA;"CIDADE";"TOMBAMENTO";"MOTO";0;1;0;0;0;0;0;0;0;1;0;"Longo da via";"Bom";"Não existe";"Não existente";"Seca";"Mal conservada";"Não existe";"Não há placas";"";"Dupla";"Não existe";"";""
"2427";2020-04-17;"13:19:00";"SEM VÍTIMA";"FINALIZADA";"ENCRUZILHADA";"RUA VINTE E QUATRO DE JUNHO";"242";"RUA VISCONDE DE MAMANGUAPE";"EM FRENTE AO Nº 210";"ENCRUZILHADA";NA;"SUBURBIO";"ABALROAMENTO LONGITUDINAL";"SEM VITIMAS";2;0;0;0;0;0;0;0;0;0;0;"";"Bom";"Não existe";"Perfeito estado";"Seca";"Perfeito estado";"Não existe";"Placas Pare";"";"Única";"Não existe";"";""
"2428";2020-04-17;"17:37:00";"COM VÍTIMA";"FINALIZADA";"GRAÇAS";"AV GOVERNADOR AGAMENON MAGALHAES";"";"RUA DR BANDEIRA FILHO";"E/F AO BOMPREÇO. SENTIDO OLINDA- FAIXA PRINCIPAL";"GRAÇAS";173;"";"COLISÃO TRASEIRA";"COLISAO COM VITIMAS";1;1;0;0;0;0;0;0;0;1;0;"Cruzamento";"Bom";"Sem defeito";"Perfeito estado";"Seca";"Perfeito estado";"Faixa de pedestre";"";"60 km/h";"Dupla";"Canal";"";""
"2429";2020-04-17;"18:44:00";"SEM VÍTIMA";"FINALIZADA";"LINHA DO TIRO";"RUA URIEL DE HOLANDA";"";"";"EM FRENTE A ESCOLA DE REFERÊNCIA PADRE NERCIO RODRIGUES";"LINHA DO TIRO";NA;"";"ABALROAMENTO LONGITUDINAL";"COLISÃO ENTRE MOTO E VIATURA DA POLÍCIA MILITAR";1;1;0;0;0;0;0;0;0;0;0;"Longo da via";"Chuvoso";"Sem defeito";"Perfeito estado";"Molhada";"Mal conservada";"";"Não há placas";"40 km/h";"Dupla";"Faixa contínua";"";""
"2430";2020-04-17;"20:20:00";"SEM VÍTIMA";"FINALIZADA";"";"RUA DEZ DE JULHO";"481";"RUA CAMBOIM";"";"";NA;"SUBURBIO";"ABALROAMENTO LONGITUDINAL";"COLISÃO ENTRE DOIS AUTOSS/V";2;0;0;0;0;0;0;0;0;0;0;"Cruzamento";"Bom";"Não existe";"Perfeito estado";"Seca";"Perfeito estado";"Não existe";"Placas Pare";"";"Dupla";"Faixa contínua";"";""
"2431";2020-04-18;"11:04:00";"SEM VÍTIMA";"FINALIZADA";"BOA VIAGEM";"AV ENGENHEIRO DOMINGOS FERREIRA";"";"RUA RIBEIRO DE BRITO";"";"BOA VIAGEM";155;"SUBURBIO";"ABALROAMENTO TRANSVERSAL";"COLISÃO SEM VITIMAS GM LEONARDO QTH";2;0;0;0;0;0;0;0;0;0;0;"Cruzamento";"Bom";"Sem defeito";"Perfeito estado";"Seca";"Perfeito estado";"Faixa de pedestre";"Outras";"";"Dupla";"Canteiro central";"";""
"2432";2020-04-18;"12:29:00";"SEM VÍTIMA";"FINALIZADA";"SANTO AMARO";"RUA MARQUÊS DO POMBAL";"";"RUA PEDRO AFONSO";"AO LADO DO IML";"SANTO AMARO";NA;"";"COLISÃO FRONTAL";"COLISÃO SEM VÍTIMA";2;0;0;0;0;0;0;0;0;0;0;"Cruzamento";"Bom";"Não existe";"Perfeito estado";"Seca";"Perfeito estado";"Faixa de retenção";"Placas Pare";"30 km/h";"Dupla";"Faixa seccionada";"";""
"2433";2020-04-18;"13:33:00";"COM VÍTIMA";"FINALIZADA";"VÁRZEA";"AV PROFESSOR ARTUR DE SA";"1168";"";"NA RUA DO CEMITERIO DA VARZEA";"VÁRZEA";NA;"CIDADE";"ABALROAMENTO TRANSVERSAL";"COLISAO ENTRE MOTO E AUTO COM UMA VITIMA";1;1;0;0;0;0;0;0;0;1;0;"Longo da via";"Bom";"Não existe";"Perfeito estado";"Seca";"Perfeito estado";"Não existe";"Não há placas";"";"Dupla";"Faixa contínua";"";""
"2434";2020-04-18;"18:52:00";"COM VÍTIMA";"FINALIZADA";"CAMPO GRANDE";"RUA ODORICO MENDES";"198";"RUA VISCONDE DE CAIRU";"PRÓX AO CLUBE DAS PÁS";"CAMPO GRANDE";NA;"CIDADE";"ABALROAMENTO TRANSVERSAL";"ENTRE AUTO E MOTO. C/V";1;1;0;0;0;0;0;0;0;1;0;"Cruzamento";"Bom";"Não existe";"Perfeito estado";"Seca";"Perfeito estado";"Não existe";"Outras";"";"Dupla";"Faixa seccionada";"";""
"2435";2020-04-19;"01:46:00";"SEM VÍTIMA";"FINALIZADA";"TORRE";"RUA JOSE BONIFACIO";"232";"";"POSTO IPIRANGA";"TORRE";576;"SUBURBIO";"CHOQUE OBJETO FIXO";"UM VEICULO CHOCOU-SE COM UM POSTE- VINDO O POSTE CAIR NO MEIO DA VIA OCUPANDO TRÊS FAIXA DA VIA.";1;0;0;0;0;0;0;0;0;0;0;"Longo da via";"Bom";"Desligado";"Perfeito estado";"Seca";"Perfeito estado";"Faixa de pedestre";"Não há placas";"";"Única";"Faixa contínua";"";""
"2436";2020-04-19;"02:39:00";"COM VÍTIMA";"FINALIZADA";"ILHA DO RETIRO";"EST DOS REMEDIOS";"";"RUA TABAIARES";"PRÓXIMO A HYUNDAI";"ILHA DO RETIRO";390;"SUBURBIO";"CAPOTAMENTO";"CAPOTAMENTO SEGUIDO DE CHOQUE EM VEÍCULO PARADO.";4;0;0;0;0;0;0;0;0;1;0;"Longo da via";"Bom";"Intermitente";"Perfeito estado";"Seca";"Perfeito estado";"Faixa de pedestre";"Não há placas";"";"Única";"Faixa seccionada";"";""
"2437";2020-04-19;"06:40:00";"COM VÍTIMA";"FINALIZADA";"BOA VISTA";"AV GOVERNADOR AGAMENON MAGALHAES";"";"RUA DR LEOPOLDO LINS";"";"BOA VISTA";78;"SUBURBIO";"ABALROAMENTO TRANSVERSAL";"";1;1;0;0;0;0;0;0;0;1;0;"Cruzamento";"Chuvoso";"Intermitente";"Perfeito estado";"Molhada";"Perfeito estado";"Faixa de pedestre";"Outras";"";"Única";"Canteiro central";"";""
"2438";2020-04-19;"08:08:00";"COM VÍTIMA";"FINALIZADA";"GRAÇAS";"AV RUI BARBOSA";"715";"";"EM FRENTE AO COLEGIO AGNES E PRÓXIMO A FARMÁCIA DROGASIL.";"GRAÇAS";562;"CIDADE";"COLISÃO TRASEIRA";"MOTO E AUTO / VT 18 NO QTH";1;1;0;0;0;0;0;0;0;1;0;"Longo da via";"Chuvoso";"Sem defeito";"Perfeito estado";"Molhada";"Perfeito estado";"Faixa de pedestre";"Outras";"";"Única";"";"";""
"2439";2020-04-19;"10:54:00";"COM VÍTIMA";"FINALIZADA";"BOA VIAGEM";"AV ENGENHEIRO DOMINGOS FERREIRA";"";"RUA ERNESTO DE PAULA SANTOS";"EM FRENTE A DOM FERREIRA";"BOA VIAGEM";217;"";"ABALROAMENTO TRANSVERSAL";"DOIS AUTOS //";2;0;0;0;0;0;0;0;0;1;0;"Cruzamento";"Bom";"Sem defeito";"Perfeito estado";"Seca";"Perfeito estado";"Outros";"Outras";"60 km/h";"Única";"Canteiro central";"";""
"2440";2020-04-19;"15:21:00";"COM VÍTIMA";"FINALIZADA";"JIQUIÁ";"RUA SAO MIGUEL";"2027";"";"HOTEL PREMIUM";"JIQUIÁ";NA;"SUBURBIO";"ABALROAMENTO TRANSVERSAL";"COLISAO COM VITIMAS";1;1;0;0;0;0;0;0;0;1;0;"Longo da via";"Bom";"Não existe";"Perfeito estado";"Seca";"Perfeito estado";"Não existe";"Não há placas";"";"Dupla";"Faixa contínua";"";""
"2441";2020-04-19;"15:35:00";"COM VÍTIMA";"FINALIZADA";"ILHA DO RETIRO";"AV BEIRA RIO";"290";"";"PROXIMO AO CLUBE DO SPORT. LADO OPOSTO AO EDF. VILA BEIRA RIO.";"ILHA DO RETIRO";NA;"CIDADE";"COLISÃO TRASEIRA";"COM VITIMAS";1;1;0;0;0;0;0;0;0;1;0;"Longo da via";"Bom";"Não existe";"Perfeito estado";"Seca";"Perfeito estado";"Não existe";"Não há placas";"30 km/h";"Dupla";"Faixa contínua";"";""
"2442";2020-04-19;"19:06:00";"COM VÍTIMA";"FINALIZADA";"VASCO DA GAMA";"AV NORTE";"";"RUA PADRE LEMOS";"CRUZAMENTO C/A RUA VASCO DA GAMA - SENT CID/SUB";"VASCO DA GAMA";66;"SUBURBIO";"ABALROAMENTO TRANSVERSAL";"AUTO X MOTO C/VITIMA";1;1;0;0;0;0;0;0;0;1;0;"Cruzamento";"Bom";"Sem defeito";"Perfeito estado";"Seca";"Perfeito estado";"Faixa de pedestre";"Outras";"";"Dupla";"Canteiro central";"";""
"2443";2020-04-20;"06:55:00";"COM VÍTIMA";"FINALIZADA";"CAMPO GRANDE";"RUA FARIAS NEVES";"878";"RUA FRANKLIN TAVORA";"EM FRENTE A MEDECOL";"CAMPO GRANDE";NA;"SUBURBIO";"ABALROAMENTO TRANSVERSAL";"ONIBUS E AUTO";1;0;0;0;0;1;0;0;0;1;0;"Cruzamento";"Bom";"Não existe";"Ilegível";"Seca";"Perfeito estado";"Não existe";"Não há placas";"";"Dupla";"Não existe";"";""
"2444";2020-04-20;"08:40:00";"COM VÍTIMA";"FINALIZADA";"SANTO AMARO";"RUA DOS PALMARES";"48";"RUA AFONSO PENA";"ESTACIONAMENTO DO SUPERMERCADO RM EXPRESS";"SANTO AMARO";NA;"CIDADE";"ATROPELAMENTO";"VITIMA A ESPERA DO SAMU";1;0;0;0;1;0;0;0;0;1;0;"Longo da via";"Bom";"";"";"Seca";"Perfeito estado";"";"";"";"Dupla";"Canteiro central";"";""
"2445";2020-04-20;"11:18:00";"SEM VÍTIMA";"CANCELADA";"IMBIRIBEIRA";"AV MARECHAL MASCARENHAS DE MORAES";"";"";"EM FRENTE AO AEROPORTO";"IMBIRIBEIRA";NA;"";"COLISÃO";"COLISÃO SEM VITIMAS";0;0;0;0;0;0;1;0;1;0;0;"";"";"";"";"";"";"";"";"";"";"";"";""
"2446";2020-04-20;"14:20:00";"COM VÍTIMA";"FINALIZADA";"IBURA";"AV DOM HELDER CAMARA";"";"";"AO LADO DA CASA DE BATERIAS";"IBURA";NA;"SUBURBIO";"CHOQUE OBJETO FIXO";"CHOQUE EM POSTE DE ILUMINAÇÃO PÚBLICA";1;0;0;0;0;0;0;0;0;1;0;"Longo da via";"Bom";"Sem defeito";"Perfeito estado";"Seca";"Perfeito estado";"Outros";"Outras";"";"Única";"Faixa";"";""
"2447";2020-04-21;"00:42:00";"SEM VÍTIMA";"FINALIZADA";"BREJO DA GUABIRABA";"AV VEREADOR OTACILIO AZEVEDO";"792";"";"LADO OPOSTO AO Nº 792";"BREJO DA GUABIRABA";NA;"SUBURBIO";"ABALROAMENTO LONGITUDINAL";"COLISÃO ENTRE DOIS VEÍCULOS.";1;0;0;0;0;0;1;0;0;0;0;"Longo da via";"Bom";"Não existe";"Não existente";"Seca";"Perfeito estado";"Não existe";"Não há placas";"";"Dupla";"Não existe";"";""
"2448";2020-04-21;"02:29:00";"SEM VÍTIMA";"FINALIZADA";"BOA VIAGEM";"RUA VISCONDE DE JEQUITINHONHA";"";"RUA BARAO DE SOUZA LEAO";"";"BOA VIAGEM";129;"SUBURBIO";"CHOQUE OBJETO FIXO";"PDE 5322 - ONIX - VEÍCULO CHOCOU-SE CONTRA UM POSTE";1;0;0;0;0;0;0;0;0;0;0;"Cruzamento";"Bom";"Sem defeito";"Perfeito estado";"Seca";"Perfeito estado";"Não existe";"Não há placas";"";"Única";"Faixa seccionada";"";""
"2449";2020-04-21;"21:45:00";"SEM VÍTIMA";"CANCELADA";"CORDEIRO";"RUA QUATA";"49";"";"PROX DO PETSHOP REINO DOS BICHOS";"CORDEIRO";NA;"";"CHOQUE VEÍCULO PARADO";"AUTO CHOCOU-SE EM UM AUTO QUE ESTAVA ESTACIONADO- MOTORISTA DO VEÍCULO APRESENTA SINTOMAS DE EMBRIAGUEZ";2;0;0;0;0;0;0;0;0;0;0;"";"";"";"";"";"";"";"";"";"";"";"";""
"2450";2020-04-22;"14:06:00";"SEM VÍTIMA";"FINALIZADA";"IPSEP";"AV RECIFE";"3033";"";"EM FRENTE AO Nº 3033";"IPSEP";NA;"";"COLISÃO FRONTAL";"HR: YYYY X Classic: ZZZ - COLISÃO FRONTAL";1;1;0;0;0;0;0;0;0;0;0;"Longo da via";"Chuvoso";"Não existe";"Perfeito estado";"Molhada";"Perfeito estado";"Não existe";"Não há placas";"";"Dupla";"Canteiro central";"";""