"";"data";"hora";"natureza_acidente";"situacao";"bairro";"endereco";"numero";"detalhe_endereco_acidente";"complemento";"bairro_cruzamento";"num_semaforo";"sentido_via";"tipo";"descricao";"auto";"moto";"ciclom";"ciclista";"pedestre";"onibus";"caminhao";"viatura";"outros";"vitimas";"vitimasfatais";"acidente_verificado";"tempo_clima";"situacao_semaforo";"sinalizacao";"condicao_via";"conservacao_via";"ponto_controle";"situacao_placa";"velocidade_max_via";"mao_direcao";"divisao_via1";"divisao_via2";"divisao_via3"
"2765";2020-06-29;"10:37:00";"COM VÍTIMA";"FINALIZADA";"SAN MARTIN";"RUA COMENDADOR FRANCO FERREIRA";"460";"RUA DUARTE FILHO";"AO LADO DA GALERIA JARDIM";"SAN MARTIN";NA;"";"ABALROAMENTO TRANSVERSAL";"COLISÃO COM UMA VITIMA";1;1;0;0;0;0;0;0;0;1;0;"Cruzamento";"Bom";"Não existe";"Ilegível";"Seca";"Perfeito estado";"Não existe";"Placas Pare";"";"Dupla";"Não existe";"";""
"2766";2020-06-29;"11:21:00";"COM VÍTIMA";"FINALIZADA";"VÁRZEA";"AV CAXANGA";"";"";"FINAL DA CAXANGA SENTIDO CAMARAGIBE PROX A UPA DA CAXANGA- SOBRE A PONTE DA CAXANGÁ.";"VÁRZEA";NA;"SUBURBIO";"COLISÃO TRASEIRA";"CONDUTOR DA MOTO BATEU DA NA TRASEIRA DO CARRO";1;1;0;0;0;0;0;0;0;1;0;"Ponte";"Bom";"Sem defeito";"Perfeito estado";"Seca";"Perfeito estado";"Não existe";"Não há placas";"60 km/h";"Única";"Faixa seccionada";"";""
"2767";2020-06-29;"11:48:00";"SEM VÍTIMA";"FINALIZADA";"IMBIRIBEIRA";"RUA DEZ DE JULHO";"";"AV VINTE DE JANEIRO";"PROX A ESTACAO DO METRO AEROPORTO";"IMBIRIBEIRA";572;"CIDADE";"COLISÃO";"";0;1;0;0;0;1;0;0;0;0;0;"Cruzamento";"Bom";"Sem defeito";"Perfeito estado";"Seca";"Perfeito estado";"";"Não há placas";"60 km/h";"Única";"";"";""
"2768";2020-06-29;"15:46:00";"SEM VÍTIMA";"FINALIZADA";"IPSEP";"RUA SANTOS COSME E DAMIAO";"31";"";"EM FRENTE AO N 31";"IPSEP";NA;"";"COLISÃO";"COLISÃO ENTRE VEÍCULO E UMA CARROÇA";1;0;0;0;1;0;0;0;0;0;0;"Longo da via";"Bom";"Não existe";"Perfeito estado";"Seca";"Perfeito estado";"Não existe";"Outras";"40 km/h";"Única";"Não existe";"";""
"2769";2020-06-29;"18:31:00";"COM VÍTIMA";"FINALIZADA";"IMBIRIBEIRA";"AV SUL";"";"";"ÁREA INTERNA DO TERMINAL INTEGRADO TANCREDO NEVES.";"IMBIRIBEIRA";NA;"SUBURBIO";"ATROPELAMENTO";"ÔNIBUS E PEDESTRE";0;0;0;0;1;1;0;0;0;1;0;"Outros";"Bom";"Não existe";"";"Seca";"Mal iluminada";"Agente";"Não há placas";"20 km/h";"Única";"Faixa contínua";"";""
"2770";2020-06-30;"12:14:00";"COM VÍTIMA";"FINALIZADA";"PINA";"AV ENGENHEIRO DOMINGOS FERREIRA";"";"RUA TOME GIBSON";"EM FRENTE A ESCOLA OSWALDO LIMA FILHO/ PISTA DA ESQUERDA";"PINA";200;"SUBURBIO";"COLISÃO COM CICLISTA";"COLISÃO COM VÍTMA ENTRE AUTO E BICICLETA.";1;0;0;1;0;0;0;0;0;1;0;"Cruzamento";"Bom";"Sem defeito";"Perfeito estado";"Seca";"Perfeito estado";"Faixa de pedestre";"";"60 km/h";"Única";"Faixa contínua";"Canteiro central";""
"2771";2020-06-30;"13:38:00";"COM VÍTIMA";"FINALIZADA";"TAMARINEIRA";"AV NORTE";"";"RUA CONEGO BARATA";"";"TAMARINEIRA";62;"";"COLISÃO COM CICLISTA";"APOIO AO ACIDENE COM VÍTIMA NA AV. NORTE";1;0;0;1;0;0;0;0;0;1;0;"Cruzamento";"Bom";"Sem defeito";"Perfeito estado";"Seca";"Perfeito estado";"Agente";"Outras";"";"Dupla";"Blocos";"";""
"2772";2020-06-30;"19:50:00";"SEM VÍTIMA";"FINALIZADA";"ENCRUZILHADA";"AV BEBERIBE";"167";"RUA PEDRO ALVES";"NO POSTO DE GASOLINA SHELL AO LADO DA FARMACIA DROGASIL";"ENCRUZILHADA";NA;"";"COLISÃO";"COLISÃO MOTO X AUTO S/VITIMA OBS: SUSPEITA DE EMBRIAGUEZ";1;1;0;0;0;0;0;0;0;0;0;"Cruzamento";"Bom";"Sem defeito";"Perfeito estado";"Seca";"Perfeito estado";"Faixa de retenção";"R-6a";"40KM";"Dupla";"Faixa contínua";"";""
"2773";2020-06-30;"20:44:00";"COM VÍTIMA";"FINALIZADA";"IMBIRIBEIRA";"AV MARECHAL MASCARENHAS DE MORAES";"2169";"";"E/F A FACULDADE UNIVERSO- LADO OPOSTO A FIAT ITALIANA.";"IMBIRIBEIRA";501;"CIDADE";"COLISÃO TRASEIRA";"CONDUTOR APARENTEMENTE EMBRIAGADO- ACABOU SE CHOCANDO CONTRA DOIS VEÍCULOS. ENGAVETAMENTO HOUVE 2 VÍTIMAS AO TODO. CAB FRANKLIN SOLICITA A PRESENÇA DA CTTU NO LOCAL- PARA FAZER O PROCEDIMENTO DA OCORRÊNCIA.";3;0;0;0;0;0;0;0;0;2;0;"Longo da via";"Bom";"Sem defeito";"Perfeito estado";"Seca";"Perfeito estado";"Faixa de pedestre";"R-32";"60 km/h";"Dupla";"Canteiro central";"";""
"2774";2020-07-01;"01:58:00";"COM VÍTIMA";"FINALIZADA";"CAXANGÁ";"AV CAXANGA";"";"";"E/F AO TERMINAL DA CAXANGÁ - SENT. SUBURBIO";"CAXANGÁ";NA;"SUBURBIO";"COLISÃO TRASEIRA";"AUTO E MOTO";1;1;0;0;0;0;0;0;0;1;0;"Longo da via";"Bom";"Sem defeito";"Perfeito estado";"Seca";"Perfeito estado";"";"Não há placas";"40 km/h";"Dupla";"Canteiro central";"";""
"2775";2020-07-01;"08:30:00";"SEM VÍTIMA";"FINALIZADA";"CORDEIRO";"RUA GREGORIO JUNIOR";"";"";"EM FRENTE A MG CHAVES";"CORDEIRO";NA;"CIDADE";"COLISÃO";"DOIS AUTOS GM LEONARDO SUB BARRETO NO QTH";2;0;0;0;0;0;0;0;0;0;0;"Longo da via";"Bom";"Não existe";"Perfeito estado";"Seca";"Perfeito estado";"Não existe";"Não há placas";"";"Única";"Faixa seccionada";"";""
"2776";2020-07-01;"11:22:00";"COM VÍTIMA";"FINALIZADA";"SAN MARTIN";"AV JOAO CABRAL DE MELO NETO";"";"AV RECIFE";"AO LADO DO LABORATORIO CERPE";"SAN MARTIN";259;"CIDADE";"ABALROAMENTO LONGITUDINAL";"COLISÃO ENTRE AUTO E MOTO COM UMA VITIMA-AGUARDANDO SAMU";1;1;0;0;0;0;0;0;0;1;0;"Longo da via";"Bom";"Sem defeito";"Perfeito estado";"Seca";"Perfeito estado";"Faixa de pedestre";"Outras";"";"Única";"Faixa";"Canteiro central";""
"2777";2020-07-01;"11:42:00";"COM VÍTIMA";"FINALIZADA";"VASCO DA GAMA";"AV NORTE";"S/N";"";"EM FRENTE A MATERNIDADE BARROS LIMA";"VASCO DA GAMA";256;"";"ABALROAMENTO LONGITUDINAL";"AUTO E MOTO COM UMA VITIMA/VT 07 DA CTTU NO LOCAL /INSP TOMÁS EDSON";1;1;0;0;0;0;0;0;0;1;0;"Longo da via";"Bom";"Sem defeito";"Perfeito estado";"Seca";"Perfeito estado";"Não existe";"Outras";"";"Dupla";"Faixa seccionada";"Canteiro central";""
"2778";2020-07-01;"11:46:00";"SEM VÍTIMA";"CANCELADA";"AFLITOS";"AV CONS ROSA E SILVA";"";"RUA EDGAR D'AMORIM";"ESTACIONADOS NA HBIBES ES FRENTE AO BOMPREÇO";"AFLITOS";NA;"";"COLISÃO";"AUTO E CAMINHAO";1;0;0;0;0;0;1;0;0;0;0;"";"";"";"";"";"";"";"";"";"";"";"";""
"2779";2020-07-01;"11:50:00";"COM VÍTIMA";"FINALIZADA";"IMBIRIBEIRA";"AV MARECHAL MASCARENHAS DE MORAES";"291";"RUA MANOEL SERAFIM DO COUTO";"EM FRENTE A FLOR E ARTE";"IMBIRIBEIRA";NA;"CIDADE";"ABALROAMENTO TRANSVERSAL";"AUTO E MOTO.";1;1;0;0;0;0;0;0;0;1;0;"Longo da via";"Bom";"Não existe";"Perfeito estado";"Seca";"Perfeito estado";"Não existe";"Não há placas";"";"Dupla";"Canteiro central";"";""
"2780";2020-07-01;"12:42:00";"SEM VÍTIMA";"FINALIZADA";"ALTO JOSÉ DO PINHO";"RUA VALERIANO LOBO";"5192";"";"AO LADO PADARIA ANDREA";"ALTO JOSÉ DO PINHO";79;"SUBURBIO";"COLISÃO";"COLISÃO ENTRE DOIS AUTOS S/V";2;0;0;0;0;0;0;0;0;0;0;"Longo da via";"Bom";"Não existe";"Perfeito estado";"Seca";"Perfeito estado";"Não existe";"R-6a";"";"Única";"Não existe";"";""
"2781";2020-07-01;"16:51:00";"COM VÍTIMA";"FINALIZADA";"AREIAS";"RUA JOSE NATARIO";"38";"AV DR JOSE RUFINO";"AO LADO DA DROGASIL";"AREIAS";44;"";"ABALROAMENTO TRANSVERSAL";"COLISÃO C/VITIMAS ENTRE DOIS AUTOS";2;0;0;0;0;0;0;0;0;1;0;"Cruzamento";"Bom";"Sem defeito";"Perfeito estado";"Seca";"Perfeito estado";"Faixa de pedestre";"Outras";"30 km/h";"Dupla";"Faixa contínua";"";""
"2782";2020-07-01;"17:43:00";"SEM VÍTIMA";"FINALIZADA";"ÁGUA FRIA";"AV BEBERIBE";"2454";"";"AUTO ESCOLA PILOTO";"ÁGUA FRIA";NA;"SUBURBIO";"COLISÃO";"COLISAO S/VITIMAS";1;0;0;0;0;1;0;0;0;0;0;"Longo da via";"Bom";"Não existe";"Perfeito estado";"Seca";"Perfeito estado";"Agente";"Não há placas";"";"Dupla";"Faixa contínua";"";""
"2783";2020-07-01;"17:48:00";"SEM VÍTIMA";"CANCELADA";"CASA AMARELA";"AV NORTE";"";"";"E/F A MATERNIDADE BARROS LIMA";"CASA AMARELA";NA;"";"COLISÃO";"COLISAO S/VITIMAS";1;1;0;0;0;0;0;0;0;0;0;"";"";"";"";"";"";"";"";"";"";"";"";""
"2784";2020-07-02;"08:57:00";"COM VÍTIMA";"FINALIZADA";"IPSEP";"AV RECIFE";"3460";"AV RAIMUNDO DINIZ";"EM FRENTE A LOJA JJK AUTOS";"IPSEP";247;"CIDADE";"ABALROAMENTO TRANSVERSAL";"COLISÃO ENTRE AUTO E MOTO COM VÍTIMA";1;1;0;0;0;0;0;0;0;2;0;"Esquina";"Bom";"Desligado";"Perfeito estado";"Seca";"Perfeito estado";"Faixa de pedestre";"Outras";"60 km/h";"Única";"Faixa seccionada";"";""
"2785";2020-07-02;"09:48:00";"COM VÍTIMA";"FINALIZADA";"ESTÂNCIA";"AV DR JOSE RUFINO";"1428";"";"EM FRENTE A JR MOTOS";"ESTÂNCIA";NA;"SUBURBIO";"COLISÃO FRONTAL";"COLISÃO ENTRE AUTO E MOTOCICLETA COM 1 VÍTIMA";1;1;0;0;0;0;0;0;0;1;0;"Longo da via";"Bom";"Sem defeito";"Perfeito estado";"Seca";"Perfeito estado";"Faixa de pedestre";"";"";"Dupla";"Faixa contínua";"Faixa seccionada";""
"2786";2020-07-02;"10:09:00";"SEM VÍTIMA";"FINALIZADA";"CABANGA";"AV CAXANGA";"";"";"PROX A UPA DA CAXANGA";"CABANGA";NA;"";"COLISÃO";"COLISÃO SEM VITIMAS GM GIULIERMES  QTH";1;0;0;0;0;1;0;0;0;0;0;"Ponte";"Bom";"Sem defeito";"Perfeito estado";"Seca";"Perfeito estado";"Faixa de retenção";"R-6a";"60KM";"Única";"Faixa seccionada";"";""
"2787";2020-07-02;"11:27:00";"COM VÍTIMA";"FINALIZADA";"MADALENA";"RUA BENFICA";"";"RUA ARLINDO GOUVEIA";"EM FRENTE AO INTERNACIONAL";"MADALENA";629;"CIDADE";"COLISÃO COM CICLISTA";"AUTO E CICLISTA PONTO FIXO GM´S VALDILENE E BANDEIRA";1;0;0;1;0;0;0;0;0;1;0;"Longo da via";"Bom";"Sem defeito";"Perfeito estado";"Seca";"Perfeito estado";"Faixa de pedestre";"";"30 km/h";"Única";"";"";""
"2788";2020-07-02;"13:39:00";"COM VÍTIMA";"FINALIZADA";"ENCRUZILHADA";"AV BEBERIBE";"433";"RUA PROFESSOR OTAVIO DE FREITAS";"PROX AO BANCO DO BRASIL";"ENCRUZILHADA";NA;"CIDADE";"ABALROAMENTO LONGITUDINAL";"COLISAO ENTRE DOIS AUTOS";2;0;0;0;0;0;0;0;0;1;0;"Longo da via";"Bom";"Sem defeito";"Perfeito estado";"Seca";"Perfeito estado";"Não existe";"Não há placas";"";"Dupla";"Faixa contínua";"";""
"2789";2020-07-02;"14:52:00";"COM VÍTIMA";"FINALIZADA";"TEJIPIÓ";"AV LIBERDADE";"1427";"";"E/F AO PRESIDIO ANIBAL BRUNO";"TEJIPIÓ";NA;"CIDADE";"ABALROAMENTO TRANSVERSAL";"COLISAO ENTRE DUAS MOTO COM UMA VITIMA A OUTRA PARTE SE EVADIU DO LOCAL";0;2;0;0;0;0;0;0;0;1;0;"Longo da via";"Bom";"Não existe";"Perfeito estado";"Seca";"Perfeito estado";"Não existe";"Não há placas";"";"Dupla";"Faixa contínua";"";""
"2790";2020-07-02;"16:17:00";"SEM VÍTIMA";"CANCELADA";"BOA VISTA";"RUA DOM BOSCO";"";"";"AO LADO DA EMLURB  GM VIEIRA NUNES E MICHAEL NO LOCAL";"BOA VISTA";NA;"";"COLISÃO";"COLISAO ENTRE ONIBUS E AUTO S/V";1;0;0;0;0;1;0;0;0;0;0;"";"";"";"";"";"";"";"";"";"";"";"";""
"2791";2020-07-02;"21:11:00";"COM VÍTIMA";"CANCELADA";"CORDEIRO";"RUA DR MIGUEL VIEIRA FERREIRA";"275";"RUA CLAUDIO BROTHERHOOD";"PROX AV INACIO MONTEIRO / DEPOSITO DE BEBIDAS (BETO BEBIDAS )";"CORDEIRO";NA;"";"COLISÃO";"MOTO X WRV";1;1;0;0;0;0;0;0;0;2;0;"";"";"";"";"";"";"";"";"";"";"";"";""
"2792";2020-07-03;"07:43:00";"SEM VÍTIMA";"FINALIZADA";"BONGI";"AV ENGENHEIRO ABDIAS DE CARVALHO";"";"AV GENERAL SAN MARTIN";"FUNASE/COMPAZ";"BONGI";58;"SUBURBIO";"ABALROAMENTO LONGITUDINAL";"SEM VITIMAS /CTTU NO LOCAL-GM ELVAS/GM BARROS";1;0;0;0;0;0;1;0;0;0;0;"Longo da via";"Chuvoso";"Sem defeito";"Perfeito estado";"Molhada";"Perfeito estado";"Agente";"R-6a";"60 km/h";"Única";"Faixa seccionada";"";""
"2793";2020-07-03;"08:20:00";"SEM VÍTIMA";"FINALIZADA";"IMBIRIBEIRA";"AV MARECHAL MASCARENHAS DE MORAES";"";"";"LADO OPOSTO AO NÚCLEO DE AVIAÇÃO CIVIL DE RECIFE";"IMBIRIBEIRA";NA;"";"CHOQUE OBJETO FIXO";"";1;0;0;0;0;0;0;0;0;0;0;"";"Chuvoso";"Sem defeito";"Perfeito estado";"Molhada";"Perfeito estado";"Não existe";"Não há placas";"60 km/h";"Única";"Faixa seccionada";"";""
"2794";2020-07-03;"08:42:00";"COM VÍTIMA";"FINALIZADA";"SÃO JOSÉ";"C SANTA RITA";"";"";"EM FRENTE A GRANDE RECIFE";"SÃO JOSÉ";NA;"SUBURBIO";"TOMBAMENTO";"";0;1;0;0;0;0;0;0;0;1;0;"Longo da via";"Chuvoso";"Não existe";"Perfeito estado";"Molhada";"Perfeito estado";"Outros";"Outras";"60 km/h";"Dupla";"Canteiro central";"";""
"2795";2020-07-03;"08:44:00";"COM VÍTIMA";"FINALIZADA";"ARRUDA";"AV BEBERIBE";"1021";"AV PROFESSOR JOSE DOS ANJOS";"EM FRENTE AO POSTO BR";"ARRUDA";NA;"CIDADE";"ABALROAMENTO TRANSVERSAL";"AUTO E MOTO";1;1;0;0;0;0;0;0;0;1;0;"Longo da via";"Bom";"Sem defeito";"Perfeito estado";"Seca";"Perfeito estado";"Não existe";"R-6a";"60 km/h";"Dupla";"Faixa seccionada";"";""
"2796";2020-07-03;"09:12:00";"COM VÍTIMA";"FINALIZADA";"SÃO JOSÉ";"PRC SERGIO LORETO";"";"AV SUL";"EM FRENTE A PRAÇA SERGIO LORETO";"SÃO JOSÉ";311;"CIDADE";"COLISÃO TRASEIRA";"MOTO E AUTO";1;1;0;0;0;0;0;0;0;1;0;"Longo da via";"Bom";"Sem defeito";"Perfeito estado";"Seca";"Perfeito estado";"";"";"60 km/h";"Única";"Faixa contínua";"Faixa seccionada";""
"2797";2020-07-03;"14:03:00";"SEM VÍTIMA";"FINALIZADA";"PAISSANDU";"AV GOVERNADOR AGAMENON MAGALHAES";"";"";"HOSPITAL REAL PORTUGUÊS";"PAISSANDU";NA;"SUBURBIO";"COLISÃO TRASEIRA";"COLISÃO S/VITIMAS ENTRE UMA AUTO E UMA MOTO (V.T. 29 NO QTH)";1;1;0;0;0;0;0;0;0;0;0;"Longo da via";"Bom";"Sem defeito";"Perfeito estado";"Seca";"Perfeito estado";"Não existe";"Não há placas";"60 km/h";"Única";"Faixa seccionada";"";""
"2798";2020-07-03;"17:43:00";"COM VÍTIMA";"EQUIPE NO LOCAL";"SANTO AMARO";"AV GOVERNADOR AGAMENON MAGALHAES";"";"";"DEIBAIXO DO VIADUTO ENGENHEIRO ROBERTO PEREIRA CARVALHO - SENTIDO RECIFE";"SANTO AMARO";NA;"CIDADE";"ABALROAMENTO TRANSVERSAL";"COLISÃO E CAPOTAMENTO COM UMA VÍTIMA";2;0;0;0;0;0;0;0;0;1;0;"Longo da via";"Bom";"Não existe";"Perfeito estado";"Seca";"Perfeito estado";"Outros";"Não há placas";"";"Única";"Outros";"";""
"2799";2020-07-03;"18:51:00";"COM VÍTIMA";"FINALIZADA";"TORREÃO";"AV NORTE";"1725";"";"EM FRENTE A CHEVROLLET PEDRAGON";"TORREÃO";376;"CIDADE";"ABALROAMENTO LONGITUDINAL";"C/VITIMAS GM LUIZ HENRIQUE E ALLYSON NO QTH";1;1;0;0;0;0;0;0;0;1;0;"Longo da via";"Bom";"Sem defeito";"Perfeito estado";"Seca";"Perfeito estado";"Agente";"Não há placas";"60 km/h";"Dupla";"Canteiro central";"Blocos";""
"2800";2020-07-03;"21:43:00";"COM VÍTIMA";"FINALIZADA";"GRAÇAS";"RUA ALBERTO PAIVA";"";"RUA ANTONIO NOVAIS";"EM FRENTE MINDS ESCOLA DE INGLES";"GRAÇAS";360;"";"ABALROAMENTO TRANSVERSAL";"AUTO E MOTO";1;1;0;0;0;0;0;0;0;1;0;"Cruzamento";"Bom";"Sem defeito";"Perfeito estado";"Seca";"Perfeito estado";"Não existe";"Não há placas";"";"Única";"";"";""
"2801";2020-07-04;"13:27:00";"COM VÍTIMA";"FINALIZADA";"BOA VIAGEM";"AV ENGENHEIRO DOMINGOS FERREIRA";"2774";"RUA PROFESSOR JOSE BRANDAO";"E/F A FARMACIA INDEPENDENTE";"BOA VIAGEM";551;"SUBURBIO";"ABALROAMENTO TRANSVERSAL";"COLISAO ENTRE AUTO E MOTO COM UMA VITIMA";1;1;0;0;0;0;0;0;0;1;0;"Cruzamento";"Bom";"Sem defeito";"Perfeito estado";"Seca";"Perfeito estado";"Faixa de pedestre";"Outras";"";"Única";"Faixa seccionada";"Canteiro central";""
"2802";2020-07-04;"18:14:00";"SEM VÍTIMA";"FINALIZADA";"SANTO AMARO";"RUA DO POMBAL";"";"";"E/F A ESCOLA ANIBAL FERNANDES";"SANTO AMARO";NA;"SUBURBIO";"CHOQUE OBJETO FIXO";"CAMINHÃO CHOCOU-SE CONTRA A ÁRVORE NA LOCALIDADE- CAUSANDO A QUEDA DA MESMA NA VIA. S/V";0;0;0;0;0;0;1;0;0;0;0;"Longo da via";"Bom";"Não existe";"Perfeito estado";"Seca";"Perfeito estado";"Não existe";"Não há placas";"";"Dupla";"Faixa seccionada";"";""
"2803";2020-07-04;"19:18:00";"COM VÍTIMA";"FINALIZADA";"SANTO AMARO";"AV GOVERNADOR AGAMENON MAGALHAES";"";"";"AO LADO DO POSTO DESLURBE SENTIDO OLINDA VIA PRINCIPAL ANTES DO CAMPO DO 11. PARADA DE ÔNIBUS Nº 180191.";"SANTO AMARO";NA;"OLINDA";"COLISÃO TRASEIRA";"CLIO X MOTO";1;1;0;0;0;0;0;0;0;1;0;"Longo da via";"Bom";"Não existe";"Perfeito estado";"Seca";"Perfeito estado";"Não existe";"Não há placas";"60 km/h";"Dupla";"Canteiro central";"Canal";""
"2804";2020-07-04;"19:25:00";"SEM VÍTIMA";"CANCELADA";"ARRUDA";"RUA ALEGRE";"";"";"E/F AO MERCADÃO DO ÓLEO";"ARRUDA";NA;"";"COLISÃO";"COLISÃO ENTRE 2 AUTOS. UM DOS CONDUTORES APRESENTA SINAIS DE EMBRIAGUEZ. S/V";2;0;0;0;0;0;0;0;0;0;0;"";"";"";"";"";"";"";"";"";"";"";"";""
"2805";2020-07-05;"05:36:00";"SEM VÍTIMA";"FINALIZADA";"IMBIRIBEIRA";"RUA ARQUITETO LUIZ NUNES";"277";"";"";"IMBIRIBEIRA";NA;"SUBURBIO";"CHOQUE VEÍCULO PARADO";"COLISÃO ENTRE 2 AUTOS. UM DOS CONDUTORES APRESENTA SINAIS DE EMBRIAGUEZ. S/V";2;0;0;0;0;0;0;0;0;0;0;"Longo da via";"Bom";"Não existe";"Perfeito estado";"Seca";"Perfeito estado";"Não existe";"";"40 km/h";"Dupla";"Faixa contínua";"";""
"2806";2020-07-05;"06:45:00";"SEM VÍTIMA";"FINALIZADA";"SÃO JOSÉ";"C SANTA RITA";"595";"";"EM FRENTE AS TORRES GEMÊAS";"SÃO JOSÉ";NA;"SUBURBIO";"CHOQUE OBJETO FIXO";"VEICULO CHOCOU-SE CONTRA UM POSTE DE ILUMINAÇÃO";1;0;0;0;0;0;0;0;0;0;0;"Longo da via";"Chuvoso";"Não existe";"Perfeito estado";"Molhada";"Perfeito estado";"Não existe";"Não há placas";"";"Dupla";"Canteiro central";"";""
"2807";2020-07-05;"07:17:00";"COM VÍTIMA";"FINALIZADA";"CASA AMARELA";"AV NORTE";"6500";"";"LADO OPOSTO A POLICLÍNICA PROFESSOR BARROS LIMA";"CASA AMARELA";256;"SUBURBIO";"COLISÃO TRASEIRA";"MOTO E ÔNIBUS.";0;1;0;0;0;1;0;0;0;1;0;"Longo da via";"Chuvoso";"Intermitente";"Perfeito estado";"Molhada";"Perfeito estado";"Faixa de pedestre";"R-6a";"";"Dupla";"Canteiro central";"";""
"2808";2020-07-05;"23:04:00";"COM VÍTIMA";"FINALIZADA";"MADALENA";"RUA DOM MANOEL DA COSTA";"146";"RUA PIO IX";"APOS O BAR DO AJENOR";"MADALENA";NA;"CIDADE";"ABALROAMENTO TRANSVERSAL";"AUTO E MOTO";1;1;0;0;0;0;0;0;0;2;0;"Cruzamento";"Chuvoso";"Não existe";"Incompleta";"Molhada";"Perfeito estado";"Não existe";"Não há placas";"";"Única";"Faixa seccionada";"";""
"2809";2020-07-05;"23:05:00";"SEM VÍTIMA";"FINALIZADA";"LINHA DO TIRO";"RUA URIEL DE HOLANDA";"613";"";"EM FRENTE AO Nº 613 E Nº 619";"LINHA DO TIRO";NA;"SUBURBIO";"CHOQUE VEÍCULO PARADO";"S/VITIMAS CONDUTOR EMBRIAGADO";2;0;0;0;0;0;0;0;0;0;0;"Longo da via";"Bom";"Não existe";"Perfeito estado";"Seca";"Perfeito estado";"Não existe";"Não há placas";"";"Dupla";"Faixa seccionada";"";""
"2810";2020-07-06;"07:18:00";"COM VÍTIMA";"FINALIZADA";"BOA VISTA";"RUA PRINCESA IZABEL";"";"RUA DA UNIAO";"PRÓXIMO A DELEGACIA DE CRIMES CIBERNÉTICOS";"BOA VISTA";167;"CIDADE";"COLISÃO TRASEIRA";"AUTO E MOTO";1;1;0;0;0;0;0;0;0;1;0;"Longo da via";"Chuvoso";"Sem defeito";"Perfeito estado";"Molhada";"Perfeito estado";"Faixa de pedestre";"Não há placas";"40 km/h";"Única";"Faixa contínua";"";""
"2811";2020-07-06;"09:28:00";"SEM VÍTIMA";"FINALIZADA";"IMBIRIBEIRA";"AV GENERAL MAC ARTHUR";"1653";"";"EM FRENTE A GIOVANNI SONDA MOVEIS DESIGN";"IMBIRIBEIRA";NA;"";"COLISÃO";"AUTO E VT-PM";1;0;0;0;0;0;0;1;0;0;0;"Longo da via";"Bom";"Sem defeito";"Perfeito estado";"Seca";"Perfeito estado";"Faixa de pedestre";"R-6a";"40KM";"Única";"Faixa seccionada";"";""
"2812";2020-07-06;"11:04:00";"COM VÍTIMA";"FINALIZADA";"IBURA";"AV DOIS RIOS";"";"RUA RIO XINGU";"";"IBURA";351;"SUBURBIO";"ABALROAMENTO TRANSVERSAL";"COLISÃO COM VÍTIMA AUTO E MOTO";1;1;0;0;0;0;0;0;0;1;0;"Cruzamento";"Bom";"Sem defeito";"Perfeito estado";"Seca";"Perfeito estado";"Faixa de pedestre";"Não há placas";"";"Dupla";"Faixa contínua";"";""
"2813";2020-07-06;"15:39:00";"COM VÍTIMA";"FINALIZADA";"IPUTINGA";"AV CAXANGA";"";"AV LUIZ DE LACERDA";"E/F A CHEVROLET AO LADO DA FORD GRANVIA S/T CAMARAGIBE";"IPUTINGA";NA;"SUBURBIO";"ABALROAMENTO TRANSVERSAL";"COLISAO ENTRE DUAS MOTOS COM UMA VITIMA VT 29 NO LOCAL";0;2;0;0;0;0;0;0;0;2;0;"Longo da via";"Bom";"";"Perfeito estado";"Seca";"Perfeito estado";"";"";"";"Única";"";"";""
"2814";2020-07-06;"15:56:00";"COM VÍTIMA";"FINALIZADA";"JARDIM SÃO PAULO";"RUA GUARULHOS";"";"RUA BRAGANCA";"PROX AO VIADUTO DE JARDIM SAO PAULO NA RUA DA IGREJA PAULO HORTENCIO. POSTE B072999.";"JARDIM SÃO PAULO";NA;"BR 101";"ABALROAMENTO TRANSVERSAL";"COLISAO ENTRE DOIS AUTO COM UMA VITIMA";2;0;0;0;0;0;0;0;0;1;0;"Cruzamento";"Bom";"Não existe";"Não existente";"Seca";"Perfeito estado";"Não existe";"Não há placas";"";"Dupla";"Não existe";"";""
"2815";2020-07-06;"16:19:00";"COM VÍTIMA";"CANCELADA";"PORTO DA MADEIRA";"AV CIDADE DE MONTEIRO";"380";"";"E/F AO CONJUNTO RESIDENCIAL JOÃO PAULO II AO LADO DO ARMAZEM CORAL";"PORTO DA MADEIRA";NA;"";"COLISÃO";"COLISAO ENTRE MOTO E AUTO COM UMA VITIMA";1;1;0;0;0;0;0;0;0;1;0;"";"";"";"";"";"";"";"";"";"";"";"";""
"2816";2020-07-06;"17:10:00";"COM VÍTIMA";"FINALIZADA";"MANGABEIRA";"AV PROFESSOR JOSE DOS ANJOS";"";"EST VELHA DE AGUA FRIA";"";"MANGABEIRA";NA;"SUBURBIO";"CHOQUE VEÍCULO PARADO";"COM VÍTIMA";0;1;0;0;0;0;1;0;0;1;0;"Longo da via";"Bom";"Sem defeito";"Perfeito estado";"Seca";"Perfeito estado";"Não existe";"R-6a";"40 km/h";"Dupla";"Canteiro central";"";""