"";"data";"hora";"natureza_acidente";"situacao";"bairro";"endereco";"numero";"detalhe_endereco_acidente";"complemento";"bairro_cruzamento";"num_semaforo";"sentido_via";"tipo";"descricao";"auto";"moto";"ciclom";"ciclista";"pedestre";"onibus";"caminhao";"viatura";"outros";"vitimas";"vitimasfatais";"acidente_verificado";"tempo_clima";"situacao_semaforo";"sinalizacao";"condicao_via";"conservacao_via";"ponto_controle";"situacao_placa";"velocidade_max_via";"mao_direcao";"divisao_via1";"divisao_via2";"divisao_via3"
"2974";2020-07-28;"10:02:00";"COM VÍTIMA";"FINALIZADA";"BOA VISTA";"AV GOVERNADOR AGAMENON MAGALHAES";"";"RUA DR BANDEIRA FILHO";"SUPER BOMPREÇO";"BOA VISTA";173;"SUBURBIO";"COLISÃO COM CICLISTA";"CICLISTA E AUTO BATEDORES NO LOCAL GM PETERSON";1;0;0;1;0;0;0;0;0;1;0;"Cruzamento";"Bom";"Sem defeito";"Perfeito estado";"Seca";"Perfeito estado";"Outros";"Outras";"60 km/h";"";"Faixa seccionada";"";""
"2975";2020-07-28;"11:49:00";"COM VÍTIMA";"FINALIZADA";"ILHA DO RETIRO";"EST DOS REMEDIOS";"2024";"RUA ASTORGA";"PROX A O  SPORT CLUBE DO RECIFE  AO LADO DA FARMACIA DROGASIL";"ILHA DO RETIRO";NA;"SUBURBIO";"ABALROAMENTO TRANSVERSAL";"COLISÃO COM VITIMA A ESPERA DO SAMU";1;0;0;0;0;1;0;0;0;1;0;"Longo da via";"Bom";"Não existe";"Perfeito estado";"Seca";"Perfeito estado";"";"Placas Pare";"40 km/h";"";"Faixa contínua";"";""
"2976";2020-07-28;"14:07:00";"COM VÍTIMA";"FINALIZADA";"SÃO JOSÉ";"RUA IMPERIAL";"86";"RUA DO PEIXOTO";"NO SEMAFORO 207 E/F AIGREJA MATRIZ DE SAO JOSE AO LADO DO TRE";"SÃO JOSÉ";207;"SUBURBIO";"ABALROAMENTO TRANSVERSAL";"COLISÃO ENVOLVENDO ÔNIBUS E AUTOS.";4;0;0;0;0;1;0;0;0;1;0;"Cruzamento";"Bom";"Sem defeito";"Perfeito estado";"Seca";"Perfeito estado";"Não existe";"Outras";"40 km/h";"Única";"Faixa seccionada";"";""
"2977";2020-07-28;"14:31:00";"COM VÍTIMA";"FINALIZADA";"CAMPO GRANDE";"RUA ODORICO MENDES";"165";"RUA VISCONDE DE CAIRU";"PROX AO CLUBE DAS PAS";"CAMPO GRANDE";NA;"SUBURBIO";"ABALROAMENTO TRANSVERSAL";"COLISAO ENTRE DUAS MOTOS COM VITIMAS";0;2;0;0;0;0;0;0;0;1;0;"Cruzamento";"Bom";"Não existe";"Perfeito estado";"Seca";"Perfeito estado";"Não existe";"Placas Pare";"40 km/h";"Dupla";"Faixa seccionada";"";""
"2978";2020-07-28;"14:45:00";"COM VÍTIMA";"FINALIZADA";"DOIS UNIDOS";"AV HILDEBRANDO DE VASCONCELOS";"563";"";"ANTES DA FABRICA DA MINERVA- PRÓXIMO A CIP CÃES.";"DOIS UNIDOS";NA;"SUBURBIO";"COLISÃO TRASEIRA";"CAMINHONETE E MICRO-ÔNIBUS.";1;0;0;0;0;1;0;0;0;1;0;"Longo da via";"Bom";"Não existe";"Perfeito estado";"Seca";"Perfeito estado";"Não existe";"Não há placas";"";"Dupla";"Não existe";"";""
"2979";2020-07-28;"16:13:00";"SEM VÍTIMA";"FINALIZADA";"BOA VIAGEM";"AV BOA VIAGEM";"704";"";"EM FRENTE AO EDF. NÁPOLIS";"BOA VIAGEM";NA;"CIDADE";"ABALROAMENTO LONGITUDINAL";"VEICULO DA GUARDA MUNICIPAL ESTAVA ESTACIONDO E O CARRO UMA PUXAVA A MOTO TUQUI-TUQUI- E A MOTO COLIDIU COM O VEICULO DA GUARDA MUNICIPAL";2;0;0;0;0;0;0;0;1;0;0;"Longo da via";"Bom";"Não existe";"Perfeito estado";"Seca";"Perfeito estado";"Não existe";"Não há placas";"";"Única";"Faixa contínua";"";""
"2980";2020-07-28;"16:13:00";"COM VÍTIMA";"CANCELADA";"CAMPINA DO BARRETO";"RUA DAS MOCAS";"1294";"";"PROX A PIZZARIA ATLANTICO";"CAMPINA DO BARRETO";NA;"";"COLISÃO";"COLISAO ENTRE MOTO E AUTO COM UMA VITIMA";1;1;0;0;0;0;0;0;0;1;0;"";"";"";"";"";"";"";"";"";"";"";"";""
"2981";2020-07-28;"17:23:00";"SEM VÍTIMA";"FINALIZADA";"GRAÇAS";"RUA JOAQUIM NABUCO";"";"";"";"GRAÇAS";NA;"SUBURBIO";"COLISÃO TRASEIRA";"COLISAO ENTRE DOIS AUTOS";2;0;0;0;0;0;0;0;0;0;0;"Longo da via";"Bom";"Sem defeito";"Perfeito estado";"Seca";"Perfeito estado";"Outros";"";"";"Única";"Faixa seccionada";"";""
"2982";2020-07-28;"19:17:00";"COM VÍTIMA";"CANCELADA";"BOA VIAGEM";"RUA SA E SOUZA";"";"RUA CAPITAO ZUZINHA";"SEMÁFORO 420 / E/F A PADARIA SANTA ROSA";"BOA VIAGEM";NA;"";"COLISÃO";"ENTRE 2 MOTOS. C/V";0;2;0;0;0;0;0;0;0;2;0;"";"";"";"";"";"";"";"";"";"";"";"";""
"2983";2020-07-28;"19:39:00";"SEM VÍTIMA";"CANCELADA";"AFOGADOS";"RUA SAO MIGUEL";"268";"";"NA FAIXA EXCLUSIVA DE ONIBUS ENF. AO DEPATRI";"AFOGADOS";NA;"";"COLISÃO";"ONIBUS METROPOLITANA X NISSAN OBS : VEICULO ESTA SEM CONDIÇOES DE SAIR DA VIA DEVIDO A PROPORÇAO DA COLISAO";1;0;0;0;0;1;0;0;0;0;0;"";"";"";"";"";"";"";"";"";"";"";"";""
"2984";2020-07-28;"19:41:00";"COM VÍTIMA";"FINALIZADA";"ÁGUA FRIA";"RUA SAO SEBASTIAO";"694";"";"PRÓX A ENTRADA DA BOMBA DO HEMETERIO E POSTO DA BOMBA";"ÁGUA FRIA";NA;"";"ABALROAMENTO LONGITUDINAL";"ENTRE 2 MOTOS. C/V";0;2;0;0;0;0;0;0;0;1;0;"Longo da via";"Bom";"Não existe";"";"Seca";"Perfeito estado";"Não existe";"Não há placas";"";"Dupla";"Faixa contínua";"";""
"2985";2020-07-29;"06:33:00";"SEM VÍTIMA";"FINALIZADA";"JOANA BEZERRA";"VDO PAPA JOAO PAULO II";"";"";"NA DESCIDA DA PONTE SENTIDO AGAMENON MAGALHÃES";"JOANA BEZERRA";NA;"";"COLISÃO";"SEM VITIMAS -UMA DAS PARTES EMBRIAGADA ESTA ABANDONANDO O VEÍCULO";2;0;0;0;0;0;0;0;0;0;0;"Viaduto";"Bom";"Não existe";"Perfeito estado";"Seca";"Perfeito estado";"Não existe";"Não há placas";"";"Dupla";"Faixa seccionada";"";""
"2986";2020-07-29;"07:50:00";"COM VÍTIMA";"FINALIZADA";"ENCRUZILHADA";"RUA FERNANDO CESAR";"242";"RUA AMARO COUTINHO";"E/F A JDA EQUIPAMENTOS E PRAÇA DOM MIGUEL VALVERDE.";"ENCRUZILHADA";NA;"CIDADE";"ABALROAMENTO LONGITUDINAL";"COLISÃO C/VITIMA ENTRE MOTO E CICLOMOTOR (V.T 12 NO QTH)";0;1;1;0;0;0;0;0;0;2;0;"Cruzamento";"Chuvoso";"Não existe";"Perfeito estado";"Seca";"Perfeito estado";"Faixa de pedestre";"Placas Pare";"30 km/h";"Única";"Faixa contínua";"Faixa seccionada";""
"2987";2020-07-29;"07:55:00";"COM VÍTIMA";"FINALIZADA";"SANTO AMARO";"AV CRUZ CABUGA";"1419";"";"EM FRENTE AO SEFAZ";"SANTO AMARO";344;"CIDADE";"ABALROAMENTO LONGITUDINAL";"COM UMA VITIMA AGUARDANDO SAMU/BATEDOR MOTO 10/26 CTTU NO LOCAL";1;1;0;0;0;0;0;0;0;1;0;"Longo da via";"Bom";"Sem defeito";"Perfeito estado";"Seca";"Perfeito estado";"Não existe";"Outras";"";"Dupla";"Faixa contínua";"";""
"2988";2020-07-29;"08:21:00";"SEM VÍTIMA";"FINALIZADA";"SANTO AMARO";"RUA TREZE DE MAIO";"330";"AV VISCONDE DE SUASSUNA";"E/F A LINS ADVOCACIA";"SANTO AMARO";172;"";"COLISÃO";"COLISÃO S/VITIMAS ENTRE UM AUTO E UMA MOTO (VEÍCULO OFICIAL)";1;1;0;0;0;0;0;0;0;0;0;"Longo da via";"Chuvoso";"Sem defeito";"Perfeito estado";"Molhada";"Perfeito estado";"Faixa de pedestre";"Outras";"";"Única";"Não existe";"";""
"2989";2020-07-29;"08:46:00";"COM VÍTIMA";"FINALIZADA";"BOA VISTA";"RUA JOSE DE ALENCAR";"";"RUA BARAO DE SAO BORJA";"EM FRENTE AO HOTEL BOA VISTA";"BOA VISTA";NA;"CDE BOA VISTA";"ABALROAMENTO LONGITUDINAL";"AUTO E MOTO- COLISÃO COM UMA VITIMA -JÁ SOCORRIDA PELO SAMU";1;1;0;0;0;0;0;0;0;1;0;"Cruzamento";"Chuvoso";"Não existe";"Perfeito estado";"Molhada";"Outros";"Faixa de pedestre";"Placas Pare";"";"Única";"Não existe";"";""
"2990";2020-07-29;"09:28:00";"COM VÍTIMA";"FINALIZADA";"IPSEP";"AV RECIFE";"1088";"";"EM FRENTE A CENTRAL DAS BATERIAS";"IPSEP";NA;"AEROPORTO";"ABALROAMENTO LONGITUDINAL";"COM UMA VITIMA AGUARDANDO SAMU/CTTU NO LOCAL BATEDORES NO LOCAL 03-28";0;2;0;0;0;0;0;0;0;1;0;"Longo da via";"Chuvoso";"Não existe";"Perfeito estado";"Molhada";"Perfeito estado";"Não existe";"Não há placas";"60 km/h";"Dupla";"Faixa contínua";"Faixa seccionada";""
"2991";2020-07-29;"09:58:00";"COM VÍTIMA";"FINALIZADA";"SAN MARTIN";"AV GENERAL SAN MARTIN";"1450";"";"EM FRENTE A O IPA";"SAN MARTIN";NA;"SUBURBIO";"ABALROAMENTO TRANSVERSAL";"AUTO E MOTO COM UMA VITIMA.";1;1;0;0;0;0;0;0;0;1;0;"Longo da via";"Nublado";"Não existe";"Incompleta";"Seca";"Perfeito estado";"Faixa de pedestre";"R-6a";"40 km/h";"Dupla";"Faixa contínua";"Faixa seccionada";""
"2992";2020-07-29;"11:18:00";"COM VÍTIMA";"FINALIZADA";"CAMPINA DO BARRETO";"RUA EXP JAMIL DAGLI";"40";"";"RUA TRANSVERSAL A AV. PROF. JOSE DOS ANJOS // NA RUA DA BARRACA DO KAUAN";"CAMPINA DO BARRETO";NA;"SUBURBIO";"ATROPELAMENTO";"ATROPELAMENTO / ENVOLVIDO SOCORRIDO PELO SAMU PARA O HR";1;0;0;0;1;0;0;0;0;1;0;"Longo da via";"Chuvoso";"Não existe";"Não existente";"Seca";"Perfeito estado";"Não existe";"Não há placas";"";"Dupla";"Canal";"";""
"2993";2020-07-29;"11:21:00";"SEM VÍTIMA";"FINALIZADA";"SANTO AMARO";"AV GOVERNADOR AGAMENON MAGALHAES";"";"AV DR JAYME DA FONTE";"EM FRENTE AO IC";"SANTO AMARO";NA;"OLINDA";"COLISÃO";"SEM VITIMAS /VIATURA DA POLICIA CIVIL";1;0;0;0;0;0;0;1;0;0;0;"Cruzamento";"Chuvoso";"Sem defeito";"Perfeito estado";"Molhada";"Perfeito estado";"Faixa de pedestre";"Outras";"60KM";"Dupla";"Faixa contínua";"Canteiro central";""
"2994";2020-07-29;"12:39:00";"COM VÍTIMA";"FINALIZADA";"CASA AMARELA";"RUA TAQUARITINGA";"";"RUA PADRE LEMOS";"EM FRENTE AO CENTRO COMERCIAL DE CASA AMARELA AO LADO DA CAIXA ECONÔMICA- EM FRENTE AO POSTE DE ILUMINAÇÃO B023429.";"CASA AMARELA";NA;"CIDADE";"ATROPELAMENTO";"ONIBUS E PEDESTRE";0;0;0;0;1;1;0;0;0;1;0;"Esquina";"Bom";"Não existe";"Perfeito estado";"Seca";"Perfeito estado";"Não existe";"Não há placas";"";"Única";"Faixa seccionada";"";""
"2995";2020-07-29;"13:04:00";"COM VÍTIMA";"FINALIZADA";"BOA VISTA";"RUA BARAO DE SAO BORJA";"116";"RUA JOSE DE ALENCAR";"EM FRENTE A BANCA DE BICHO E O HOTEL BOA VISTA";"BOA VISTA";NA;"CIDADE";"ABALROAMENTO TRANSVERSAL";"MOTO E AUTO";1;1;0;0;0;0;0;0;0;1;0;"Cruzamento";"Bom";"Não existe";"Perfeito estado";"Seca";"Perfeito estado";"Faixa de pedestre";"Placas Pare";"";"Única";"Não existe";"";""
"2996";2020-07-29;"13:43:00";"SEM VÍTIMA";"FINALIZADA";"VASCO DA GAMA";"RUA DOIS DE FEVEREIRO";"";"";"PROX A SUBIDA DO ALTO NOSSA SENHORA DE FATIMA";"VASCO DA GAMA";NA;"";"COLISÃO";"COLISAO SEM VITIMAS ENTRE CAMINHAO- AUTO E MOTO";1;1;0;0;0;1;0;0;0;0;0;"Longo da via";"Chuvoso";"Não existe";"Não existente";"Molhada";"Mal conservada";"Não existe";"Não há placas";"";"Dupla";"Não existe";"";""
"2997";2020-07-29;"13:57:00";"COM VÍTIMA";"FINALIZADA";"CASA AMARELA";"RUA PADRE LEMOS";"58";"";"MERCADO DE CASA AMARELA";"CASA AMARELA";NA;"CIDADE";"ATROPELAMENTO";"MOTO E PEDESTRE (IDOSO)";0;1;0;0;1;0;0;0;0;1;0;"Longo da via";"Bom";"Não existe";"Perfeito estado";"Seca";"Perfeito estado";"Não existe";"Outras";"";"Dupla";"Faixa seccionada";"";""
"2998";2020-07-29;"16:25:00";"SEM VÍTIMA";"FINALIZADA";"BOA VIAGEM";"AV ENGENHEIRO DOMINGOS FERREIRA";"";"RUA BRUNO VELOSO";"PROX A DROGAZIL";"BOA VIAGEM";NA;"";"COLISÃO";"COLISAO SEM VITIMAS/ GM MARCOS MARCELINO NO QTH";2;0;0;0;0;0;0;0;0;0;0;"Longo da via";"Bom";"Sem defeito";"Perfeito estado";"Seca";"Perfeito estado";"Não existe";"Outras";"60km";"Única";"Faixa contínua";"";""
"2999";2020-07-29;"18:43:00";"VÍTIMA FATAL";"FINALIZADA";"CASA AMARELA";"AV NORTE";"";"COR DO BARTOLOMEU";"E/ F AO REI DA PICANHA E FARMÁCIA PAGUE MENOS";"CASA AMARELA";79;"CIDADE";"ABALROAMENTO LONGITUDINAL";"COLISAO DE ONIBUS E MOTO";0;1;0;0;0;1;0;0;0;0;1;"Cruzamento";"Bom";"Sem defeito";"Perfeito estado";"Molhada";"Perfeito estado";"Faixa de pedestre";"";"60 km/h";"";"Canteiro central";"";""
"3000";2020-07-29;"20:53:00";"COM VÍTIMA";"FINALIZADA";"BOA VIAGEM";"RUA BALTAZAR PASSOS";"";"RUA SA E SOUZA";"AO LADO DA CULTURA INGLESA.";"BOA VIAGEM";NA;"ORLA DE BOA VIAGEM";"ABALROAMENTO TRANSVERSAL";"COLISAO DE AUTO E MOTONETA";1;1;0;0;0;0;0;0;0;1;0;"Cruzamento";"Bom";"Não existe";"Perfeito estado";"Seca";"Perfeito estado";"Faixa de retenção";"Placas Pare";"";"Única";"Não existe";"";""
"3001";2020-07-30;"12:31:00";"COM VÍTIMA";"FINALIZADA";"CAMPO GRANDE";"AV PROFESSOR JOSE DOS ANJOS";"116";"";"E/F A COMPESA S/T SUB";"CAMPO GRANDE";NA;"SUBURBIO";"ABALROAMENTO TRANSVERSAL";"COLISAO ENTRE AUTO E MOTO COM UMA VITIMA";1;1;0;0;0;0;0;0;0;2;0;"Longo da via";"Bom";"Não existe";"Incompleta";"Seca";"Perfeito estado";"Não existe";"Não há placas";"";"Dupla";"Não existe";"";""
"3002";2020-07-30;"14:33:00";"COM VÍTIMA";"FINALIZADA";"TORREÃO";"AV NORTE";"";"";"SOBRE O VIADUTO VT 13 NO LOCAL. LADO OPOSTO AO EMPRESARIAL TACARUNA.";"TORREÃO";NA;"CIDADE";"COLISÃO TRASEIRA";"COLISAO ENTRE AUTO E MOTO COM UMA VITIMA";1;1;0;0;0;0;0;0;0;1;0;"Viaduto";"Bom";"Não existe";"Perfeito estado";"Seca";"Perfeito estado";"Não existe";"Outras";"";"Dupla";"Faixa seccionada";"Canteiro central";""
"3003";2020-07-30;"15:53:00";"COM VÍTIMA";"FINALIZADA";"SAN MARTIN";"AV GENERAL SAN MARTIN";"1973";"";"PRÓXIMO A ACADEMIA DA CIDADE. EM FRENTE A PET'S.";"SAN MARTIN";NA;"CIDADE";"COLISÃO COM CICLISTA";"COLISÃO MOTO E CICLISTA";0;1;0;1;0;0;0;0;0;2;0;"Longo da via";"Bom";"Não existe";"Perfeito estado";"Seca";"Perfeito estado";"";"";"";"Dupla";"Faixa contínua";"";""
"3004";2020-07-30;"19:00:00";"COM VÍTIMA";"FINALIZADA";"CASA AMARELA";"AV NORTE";"6061";"";"ENF. AO DESKONTAO ATACADISTA";"CASA AMARELA";NA;"CIDADE";"ATROPELAMENTO";"MOTO X PEDESTRE OBS: BATEDORES DA CTTU 37 X 04 NO LOCAL";0;1;0;0;1;0;0;0;0;2;0;"Longo da via";"Bom";"Não existe";"Perfeito estado";"Seca";"Perfeito estado";"Faixa de pedestre";"Não há placas";"60 km/h";"Dupla";"Canteiro central";"";""
"3005";2020-07-30;"21:48:00";"VÍTIMA FATAL";"FINALIZADA";"IBURA";"AV DOM HELDER CAMARA";"257";"";"PROX AO NUCLEO DA AV RECIFE. LADO OPOSTO AO NÚMERO INFORMADO.";"IBURA";NA;"SUBURBIO";"CHOQUE OBJETO FIXO";"MOTO PERDE CONTROLE E CHOCA-SE COM POSTE";0;1;0;0;0;0;0;0;0;0;1;"Longo da via";"Chuvoso";"Não existe";"Não existente";"Molhada";"Mal iluminada";"";"Não há placas";"50 km/h";"Dupla";"Canteiro central";"";""
"3006";2020-07-31;"00:32:00";"COM VÍTIMA";"FINALIZADA";"VÁRZEA";"RUA VALE DO SIRIJI";"";"";"LADEIRA DA UR-7 - E/F À ESCOLA MUNICIPAL JOÃO FRANCISCO DE SOUZA";"VÁRZEA";NA;"CIDADE";"ATROPELAMENTO ANIMAL";"VEICULO ATROPELOU E MATOU UM CAVALO- QUE SE ENCONTRA NA VIA. UMA PASSAGEIRA DO VEICULO SOFREU ESCORIAÇÕES E FOI CONDUZIDA À UPA DA CAXANGÁ- POR MEIOS PRÓPRIOS.";1;0;0;0;0;0;0;0;1;1;0;"Longo da via";"Chuvoso";"Não existe";"Não existente";"Molhada";"Perfeito estado";"Não existe";"Não há placas";"";"Dupla";"Faixa seccionada";"";""
"3007";2020-07-31;"08:48:00";"COM VÍTIMA";"FINALIZADA";"IPSEP";"RUA JEAN EMILE FAVRE";"";"RUA ARACATUBA";"EM FRENTE A PRAÇA DA MAURICEA";"IPSEP";NA;"CIDADE";"ABALROAMENTO LONGITUDINAL";"ENTRE DUAS MOTOS -COM UMA VITIMA -SAMU NO LOCAL/CTTU NO LOCAL -BATEDOR FONTENELE";0;2;0;0;0;0;0;0;0;1;0;"Cruzamento";"Chuvoso";"Não existe";"Ilegível";"Molhada";"Perfeito estado";"Não existe";"Placas Pare";"60 km/h";"";"Não existe";"";""
"3008";2020-07-31;"14:03:00";"COM VÍTIMA";"FINALIZADA";"SANTO ANTÔNIO";"RUA DO SOL";"";"AV GUARARAPES";"EM FRENTE A PONTE DUARTE COELHO";"SANTO ANTÔNIO";14;"";"ABALROAMENTO LONGITUDINAL";"ONIBUS E CAMINHONETE";1;0;0;0;0;1;0;0;0;1;0;"Cruzamento";"Bom";"Sem defeito";"Perfeito estado";"Seca";"Perfeito estado";"Outros";"Outras";"";"Dupla";"Faixa contínua";"Faixa seccionada";"Canteiro central"
"3009";2020-07-31;"15:16:00";"COM VÍTIMA";"FINALIZADA";"BOA VIAGEM";"RUA PADRE CARAPUCEIRO";"777";"";"NO ESTACIONAMENTO INTERNO DO SHOPPING RECIFE- ENTRADA 5 PROX A C&A.";"BOA VIAGEM";NA;"";"CHOQUE OBJETO FIXO";"O MOTORISTA BATEU EM UMA ARVORE E O CARRO CAPOTOU";1;0;0;0;0;0;0;0;0;1;0;"Longo da via";"Bom";"Não existe";"Perfeito estado";"Seca";"Perfeito estado";"Não existe";"R-5b";"20 km/h";"Dupla";"Canteiro central";"";""
"3010";2020-07-31;"18:02:00";"COM VÍTIMA";"FINALIZADA";"CASA AMARELA";"EST DO ARRAIAL";"3765";"";"PROX AO BANCO DO BRADESCO. PRÓXIMO AO CRUZAMENTO COM A RUA PAULA BATISTA.";"CASA AMARELA";283;"SUBURBIO";"ABALROAMENTO LONGITUDINAL";"COLISAO ENTRE AUTO E MOTO.";1;1;0;0;0;0;0;0;0;2;0;"Longo da via";"Bom";"Sem defeito";"Perfeito estado";"Seca";"Perfeito estado";"Faixa de pedestre";"R-3";"";"Única";"Faixa contínua";"Faixa seccionada";""
"3011";2020-07-31;"18:14:00";"COM VÍTIMA";"FINALIZADA";"BOA VISTA";"AV CONDE DA BOA VISTA";"";"RUA DOM BOSCO";"";"BOA VISTA";27;"SUBURBIO";"ABALROAMENTO LONGITUDINAL";"COLISAO ENTRE DUAS MOTOS";0;2;0;0;0;0;0;0;0;1;0;"Cruzamento";"Bom";"Sem defeito";"Perfeito estado";"Seca";"Perfeito estado";"Não existe";"Não há placas";"";"Dupla";"Canteiro central";"";""
"3012";2020-08-01;"13:59:00";"COM VÍTIMA";"CANCELADA";"SANTO AMARO";"AV DR JAYME DA FONTE";"";"";"EM FRENTE AO CAMPO DO ONZE";"SANTO AMARO";NA;"";"COLISÃO";"COLISÃO COM VÍTIMA ENTRE AUTO E MOTO";1;1;0;0;0;0;0;0;0;1;0;"";"";"";"";"";"";"";"";"";"";"";"";""
"3013";2020-08-01;"18:34:00";"COM VÍTIMA";"FINALIZADA";"CASA AMARELA";"AV NORTE";"5956";"";"PRÓX AO DESCONTÃO / E/F A IGREJA ADVENTISTA ---- **VT 13 NO LOCAL**";"CASA AMARELA";NA;"CIDADE";"COLISÃO TRASEIRA";"ENTRE 2 MOTOS. C/V";0;2;0;0;0;0;0;0;0;1;0;"Longo da via";"Chuvoso";"Não existe";"Perfeito estado";"Molhada";"Perfeito estado";"Não existe";"Não há placas";"60 km/h";"Única";"Faixa seccionada";"";""
"3014";2020-08-02;"00:30:00";"SEM VÍTIMA";"FINALIZADA";"BOA VIAGEM";"RUA GENERAL AMERICANO FREIRE";"528";"";"";"BOA VIAGEM";NA;"SUBURBIO";"CHOQUE VEÍCULO PARADO";"COLISÃO SEM VITIMA";3;0;0;0;0;0;0;0;0;0;0;"Longo da via";"Bom";"Não existe";"";"Seca";"Perfeito estado";"Não existe";"";"";"Única";"Não existe";"";""
"3015";2020-08-02;"00:40:00";"COM VÍTIMA";"FINALIZADA";"CAMPO GRANDE";"RUA JERONIMO VILELA";"40A";"EST DE BELEM";"COM A ESTRADA DE BELÉM";"CAMPO GRANDE";26;"SUBURBIO";"ABALROAMENTO TRANSVERSAL";"COLISÃO AUTO X MOTO";1;1;0;0;0;0;0;0;0;1;0;"Cruzamento";"Bom";"Sem defeito";"Ilegível";"Molhada";"Mal iluminada";"Faixa de pedestre";"Não há placas";"";"Dupla";"Faixa seccionada";"";""
"3016";2020-08-02;"06:58:00";"SEM VÍTIMA";"CANCELADA";"COHAB";"RUA EXP FRANCISCO VITORIANO";"122";"RUA ESTEVAO DE ARAUJO";"AO LADO DO LAVA JATO LOVE LOUCOS";"COHAB";NA;"";"CHOQUE OBJETO FIXO";"CHOQUE SEM VITIMAS /CONDUTOR SE EVADIU/VEÍCULO CAPOTADO NO MEIO DA VIA";1;0;0;0;0;0;0;0;0;0;0;"";"";"";"";"";"";"";"";"";"";"";"";""
"3017";2020-08-02;"07:14:00";"COM VÍTIMA";"FINALIZADA";"MONTEIRO";"AV DEZESSETE DE AGOSTO";"50";"";"PRAÇA DO MONTEIRO";"MONTEIRO";NA;"SUBURBIO";"ABALROAMENTO TRANSVERSAL";"CAMINHONETE E AUTO PASSEIO.";2;0;0;0;0;0;0;0;0;1;0;"Longo da via";"Bom";"Não existe";"Perfeito estado";"Seca";"Perfeito estado";"Não existe";"Outras";"";"Dupla";"";"";""
"3018";2020-08-02;"09:16:00";"COM VÍTIMA";"FINALIZADA";"ÁGUA FRIA";"RUA ALEGRE";"206";"RUA ZEFERINO AGRA";"PRÓXIMO À DELEGACIA DE ÁGUA FRIA.";"ÁGUA FRIA";NA;"SUBURBIO";"COLISÃO TRASEIRA";"COLISÃO COM VÍTIMA E O VEÍCULO SE EVADIU";1;1;0;0;0;0;0;0;0;1;0;"Longo da via";"Bom";"Sem defeito";"Perfeito estado";"Seca";"Perfeito estado";"Faixa de pedestre";"";"";"Única";"Faixa seccionada";"";""
"3019";2020-08-02;"14:34:00";"COM VÍTIMA";"FINALIZADA";"BOA VIAGEM";"RUA SA E SOUZA";"";"RUA PADRE CABRAL";"LABORATORIO GILSON CIDRIM";"BOA VIAGEM";NA;"";"ABALROAMENTO LONGITUDINAL";"AUTO E MOTO";1;1;0;0;0;0;0;0;0;1;0;"Esquina";"Bom";"Não existe";"Perfeito estado";"Seca";"Perfeito estado";"Não existe";"R-6a";"30 km/h";"Dupla";"Faixa contínua";"Faixa seccionada";""
"3020";2020-08-02;"14:38:00";"COM VÍTIMA";"FINALIZADA";"AFOGADOS";"RUA SAO MIGUEL";"1816";"";"RENASCER DISTRIBUIDORA";"AFOGADOS";425;"SUBURBIO";"CHOQUE OBJETO FIXO";"VEÍCULO CHOCOU-SE COM O POSTE DO SEMÁFORO DE NÚMERO 425..";1;0;0;0;0;0;0;0;0;1;0;"Longo da via";"Chuvoso";"";"Incompleta";"Seca";"Perfeito estado";"Faixa de pedestre";"Outras";"";"Dupla";"Faixa contínua";"";""
"3021";2020-08-03;"07:50:00";"COM VÍTIMA";"FINALIZADA";"GRAÇAS";"AV GOVERNADOR AGAMENON MAGALHAES";"";"AV RUI BARBOSA";"EM FRENTE AO TRIBUNAL REGIONAL ELEITORAL PE";"GRAÇAS";37;"BOA VIAGEM";"ABALROAMENTO TRANSVERSAL";"COLISÃO COM VITIMA GM  EVANDRO RAMOS QTH";1;1;0;0;0;0;0;0;0;1;0;"Cruzamento";"Bom";"Sem defeito";"Perfeito estado";"Seca";"Perfeito estado";"Agente";"Outras";"60 km/h";"Dupla";"Canteiro central";"";""
"3022";2020-08-03;"13:27:00";"SEM VÍTIMA";"CANCELADA";"IPSEP";"1PT DA BOMBA DO HEMETERIO";"106";"";"EM FRENTE AO NUMERO 106";"IPSEP";NA;"SUBURBIO";"COLISÃO";"VEICULO COLIDIU COM CARRO DA CELPE";2;0;0;0;0;0;0;0;0;0;0;"";"";"";"";"";"";"";"";"";"";"";"";""
"3023";2020-08-03;"16:02:00";"COM VÍTIMA";"FINALIZADA";"SÃO JOSÉ";"AV SUL";"";"";"NA ENTRADA DO CAIS SANTA RITA- EM FRENTE AO AGEMAR.";"SÃO JOSÉ";76;"CIDADE";"COLISÃO TRASEIRA";"ENCAVETAMENTO DE 3 ONIBUS";0;0;0;0;0;3;0;0;0;4;0;"Longo da via";"Bom";"Sem defeito";"Perfeito estado";"Seca";"Perfeito estado";"Outros";"Outras";"";"Dupla";"";"";""