"";"data";"hora";"natureza_acidente";"situacao";"bairro";"endereco";"numero";"detalhe_endereco_acidente";"complemento";"bairro_cruzamento";"num_semaforo";"sentido_via";"tipo";"descricao";"auto";"moto";"ciclom";"ciclista";"pedestre";"onibus";"caminhao";"viatura";"outros";"vitimas";"vitimasfatais";"acidente_verificado";"tempo_clima";"situacao_semaforo";"sinalizacao";"condicao_via";"conservacao_via";"ponto_controle";"situacao_placa";"velocidade_max_via";"mao_direcao";"divisao_via1";"divisao_via2";"divisao_via3"
"3342";2020-09-24;"09:48:00";"COM VÍTIMA";"FINALIZADA";"IMBIRIBEIRA";"AV MARECHAL MASCARENHAS DE MORAES";"4075";"RUA CORONEL FABRICIANO";"PRÓX. AO ATACADO DOS PRESENTES";"IMBIRIBEIRA";310;"CIDADE";"ABALROAMENTO LONGITUDINAL";"CAMINHÃO X MOTOCICLETA";0;1;0;0;0;0;1;0;0;1;0;"Cruzamento";"Bom";"Sem defeito";"Perfeito estado";"Seca";"Perfeito estado";"Outros";"Não há placas";"60 km/h";"Única";"Faixa seccionada";"Canteiro central";""
"3343";2020-09-24;"09:48:00";"COM VÍTIMA";"FINALIZADA";"IMBIRIBEIRA";"AV MARECHAL MASCARENHAS DE MORAES";"";"";"ÁREA DE DESEMBARQUE DO AEROPORTO APÓS A PORTA A6. PORTÃO DE CARGA DO ANTIGO TERMINAL DO AEROPORTO.";"IMBIRIBEIRA";NA;"SUBURBIO";"CHOQUE OBJETO FIXO";"VEÍCULO CHOCOU-SE COM GRADIL DA ÁREA DE CARGA E DESCARGA";1;0;0;0;0;0;0;0;0;1;0;"Longo da via";"Bom";"Não existe";"Perfeito estado";"Seca";"Perfeito estado";"Outros";"Outras";"";"Única";"Não existe";"";""
"3344";2020-09-24;"13:37:00";"SEM VÍTIMA";"FINALIZADA";"BOA VIAGEM";"RUA DOM JOSE LOPES";"747";"";"PANIFICADORA J. LORENA";"BOA VIAGEM";NA;"";"COLISÃO";"COLISÃO SEM VÍTIMAS ENTRE 2 AUTOS. SENDO 1 DELES- VEÍCULO OFICIAL.";2;0;0;0;0;0;0;0;0;0;0;"Longo da via";"Bom";"Não existe";"Perfeito estado";"Seca";"Perfeito estado";"Não existe";"Não há placas";"n/i";"Única";"Não existe";"";""
"3345";2020-09-24;"19:42:00";"COM VÍTIMA";"FINALIZADA";"DOIS IRMÃOS";"RUA DOIS IRMAOS";"";"";"E/F AO HORTO DE DOIS IRMÃOS E AO LAFEPE.";"DOIS IRMÃOS";NA;"SUBURBIO";"COLISÃO TRASEIRA";"COLISÃO C/VITIMA (AUTO X MOTO)";1;1;0;0;0;0;0;0;0;1;0;"Longo da via";"Bom";"Não existe";"Perfeito estado";"Seca";"Perfeito estado";"";"R-19";"60 km/h";"Dupla";"Não existe";"";""
"3346";2020-09-25;"16:32:00";"COM VÍTIMA";"FINALIZADA";"CORDEIRO";"AV CAXANGA";"1845";"";"PROX A CENTROCAR";"CORDEIRO";NA;"CIDADE";"ATROPELAMENTO";"AUTO- MOTO E PEDESTRE";1;1;0;0;1;0;0;0;0;1;0;"Longo da via";"Bom";"Não existe";"Incompleta";"Seca";"Perfeito estado";"Não existe";"Não há placas";"";"Dupla";"Faixa seccionada";"";""
"3347";2020-09-25;"16:52:00";"COM VÍTIMA";"FINALIZADA";"CAMPO GRANDE";"AV PROFESSOR JOSE DOS ANJOS";"116A";"";"E/F A SUB ESTAÇAO DA COMPESA";"CAMPO GRANDE";NA;"CAMPO GRANDE";"COLISÃO FRONTAL";"COLISAO COM VITIMA ENTRE AUTO E MOTO";1;1;0;0;0;0;0;0;0;1;0;"Longo da via";"Bom";"Não existe";"Não existente";"Seca";"Perfeito estado";"Não existe";"Não há placas";"";"Inglesa";"Não existe";"";""
"3348";2020-09-25;"17:43:00";"COM VÍTIMA";"FINALIZADA";"IPUTINGA";"AV CAXANGA";"3516";"RUA SAO MATEUS";"LOGO APOS O CRUZAMENTO DO POSTO PETROCAL - BR. LADO OPOSTO AO CARTÓRIO DA VÁRZEA.";"IPUTINGA";229;"CIDADE";"ABALROAMENTO LONGITUDINAL";"MOTOCICLISTA ULTRAPASSANDO PELA DIREITA COLIDIU E CAIU AO LADO DO CARRO GUINCHO. ACIDENTE FLAGRADO PELA CÂMARA DA CTTU NO HORÁRIO 16h18min.";0;1;0;0;0;0;1;0;0;1;0;"Longo da via";"Bom";"Sem defeito";"Perfeito estado";"Seca";"Perfeito estado";"Faixa de pedestre";"Outras";"";"Dupla";"Não existe";"";""
"3349";2020-09-26;"04:50:00";"COM VÍTIMA";"FINALIZADA";"AREIAS";"AV RECIFE";"97";"";"EM FRENTE AO MAKRO SENTIDO UFPE- NA SUBIDA DO VIADUTO ULISSES GUIMARÃES.";"AREIAS";NA;"CIDADE";"COLISÃO TRASEIRA";"AUTO E MOTO.";1;1;0;0;0;0;0;0;0;1;0;"Longo da via";"Bom";"Não existe";"Perfeito estado";"Seca";"Mal conservada";"Não existe";"Não há placas";"60 km/h";"";"Faixa seccionada";"";""
"3350";2020-09-26;"07:24:00";"COM VÍTIMA";"FINALIZADA";"ÁGUA FRIA";"RUA DA REGENERACAO";"1122";"";"EM FRENTE A ANTIGA FABRICA DA COCA COLA";"ÁGUA FRIA";NA;"SUBURBIO";"COLISÃO FRONTAL";"COLISÃO COM VITIMA";1;1;0;0;0;0;0;0;0;1;0;"Longo da via";"Bom";"Não existe";"Incompleta";"Seca";"Mal conservada";"Não existe";"Não há placas";"";"Dupla";"Não existe";"";""
"3351";2020-09-26;"10:45:00";"COM VÍTIMA";"FINALIZADA";"ILHA DO RETIRO";"AV BEIRA RIO";"400";"";"AO LADO DO SPORT CLUBE DO RECIFE NO SENTIDO TUNEL CHICO  SCIENCE. LADO OPOSTO AO Nº INFORMADO.";"ILHA DO RETIRO";NA;"ILHA DO RETIRO";"COLISÃO TRASEIRA";"COLISÃO COM VITIMA";1;1;0;0;0;0;0;0;0;1;0;"Longo da via";"Bom";"Não existe";"Perfeito estado";"Seca";"Perfeito estado";"Não existe";"R-6a";"";"Dupla";"Faixa seccionada";"";""
"3352";2020-09-26;"17:50:00";"COM VÍTIMA";"FINALIZADA";"MANGABEIRA";"AV NORTE";"";"RUA GUIMARAES PEIXOTO";"PROXIMO AO SESC";"MANGABEIRA";96;"CIDADE";"CHOQUE OBJETO FIXO";"COLISÃO COM VÍTIMA ENTRE DUAS MOTOS E UM AUTO";1;2;0;0;0;0;0;0;0;3;0;"Longo da via";"Bom";"Sem defeito";"Perfeito estado";"Seca";"Perfeito estado";"Faixa de pedestre";"Outras";"";"Dupla";"Canteiro central";"";""
"3353";2020-09-26;"22:19:00";"COM VÍTIMA";"FINALIZADA";"ILHA JOANA BEZERRA";"PTE JOSE DE BARROS LIMA";"";"";"PROXIMO A PASSARELA";"ILHA JOANA BEZERRA";NA;"BOA VIAGEM";"ATROPELAMENTO";"COLISÃO MOTO E PEDESTRE";0;1;0;0;2;0;0;0;0;3;0;"Ponte";"Bom";"Não existe";"Perfeito estado";"Seca";"Perfeito estado";"";"Não há placas";"60 km/h";"Dupla";"Canteiro central";"";""
"3354";2020-09-27;"09:01:00";"COM VÍTIMA";"FINALIZADA";"DOIS UNIDOS";"RUA VISCONDE DE GARRETT";"142";"";"EM FRENTE AO EDUCANDARIO JARDIM GETSEMANI. PRÓXIMO A ASSEMBLEIA DE DEUS.";"DOIS UNIDOS";NA;"";"COLISÃO FRONTAL";"COLISÃO COM DUAS VITIMAS AGUARDANDO O SAMU";0;2;0;0;0;0;0;0;0;2;0;"Longo da via";"Bom";"Não existe";"Perfeito estado";"Seca";"Perfeito estado";"Não existe";"Não há placas";"";"";"Não existe";"";""
"3355";2020-09-27;"09:24:00";"COM VÍTIMA";"FINALIZADA";"BOA VIAGEM";"RUA DEZ DE JULHO";"210";"RUA CAMBOIM";"EM FRENTE A LOJA MAISON CRISTAL";"BOA VIAGEM";NA;"CIDADE";"ABALROAMENTO TRANSVERSAL";"MOTO E AUTO";1;1;0;0;0;0;0;0;0;1;0;"Longo da via";"Bom";"Não existe";"Perfeito estado";"Seca";"Perfeito estado";"Não existe";"Não há placas";"40 km/h";"Única";"Faixa seccionada";"";""
"3356";2020-09-27;"10:53:00";"COM VÍTIMA";"FINALIZADA";"ARRUDA";"RUA DA REGENERACAO";"1147";"RUA CLARA";"E/F HYANNAH ESPAÇO DE EVENTOS";"ARRUDA";NA;"SUBURBIO";"ABALROAMENTO LONGITUDINAL";"COLISÃO C/VITIMA ENTRE UM AUTO E UMA MOTO";1;1;0;0;0;0;0;0;0;1;0;"Cruzamento";"Bom";"Não existe";"Não existente";"Seca";"Perfeito estado";"Não existe";"Não há placas";"";"Dupla";"Não existe";"";""
"3357";2020-09-27;"19:25:00";"COM VÍTIMA";"FINALIZADA";"IMBIRIBEIRA";"AV SUL";"";"";"AO LADO DA ESTAÇAO ANTONIO FALCAO";"IMBIRIBEIRA";NA;"SUBURBIO";"ABALROAMENTO LONGITUDINAL";"COLISAO ENTRE AUTO E MOTO COM VITIMA";1;1;0;0;0;0;0;0;0;1;0;"Longo da via";"Chuvoso";"Não existe";"Perfeito estado";"Molhada";"Perfeito estado";"Não existe";"Não há placas";"30 km/h";"Dupla";"Não existe";"";""
"3358";2020-09-27;"21:28:00";"COM VÍTIMA";"FINALIZADA";"CASA AMARELA";"RUA CONS NABUCO";"292";"";"PROX AO BOMPREÇO";"CASA AMARELA";NA;"";"ATROPELAMENTO";"ATROPELAMENTO DE PEDESTRE";0;1;0;0;1;0;0;0;0;1;0;"Longo da via";"Chuvoso";"Não existe";"Perfeito estado";"Molhada";"Perfeito estado";"Não existe";"Não há placas";"";"Dupla";"Não existe";"";""
"3359";2020-09-27;"21:49:00";"COM VÍTIMA";"FINALIZADA";"SANTO AMARO";"AV NORTE";"754";"3TR TREZE DE MAIO";"NO CRUZAMENTO";"SANTO AMARO";NA;"SUBURBIO";"COLISÃO TRASEIRA";"AUTO E MOTO. O CONDUTOR DO AUTO SE EVADIU.";1;1;0;0;0;0;0;0;0;1;0;"Longo da via";"Bom";"Não existe";"Perfeito estado";"Seca";"Perfeito estado";"Não existe";"Não há placas";"";"Única";"Faixa seccionada";"";""
"3360";2020-09-28;"07:15:00";"COM VÍTIMA";"FINALIZADA";"JORDÃO";"AV MARIA IRENE";"1064";"RUA CRISTALIA";"TERMINAL DA VAN";"JORDÃO";NA;"CIDADE";"ABALROAMENTO LONGITUDINAL";"COM VITIMA. MICROÔNIBUS E MOTOCICLETA";0;1;0;0;0;1;0;0;0;1;0;"Longo da via";"Bom";"Não existe";"Perfeito estado";"Seca";"Perfeito estado";"Não existe";"Não há placas";"60 km/h";"Dupla";"Faixa contínua";"";""
"3361";2020-09-28;"10:13:00";"SEM VÍTIMA";"FINALIZADA";"ENCRUZILHADA";"RUA CASTRO ALVES";"";"";"PROX A PRAÇA DA PICANHA  EM FRENTE A LOJA ENCRUZILHADA VIDROS";"ENCRUZILHADA";NA;"SUBURBIO";"COLISÃO";"COLISÃO SEM VITIMAS";2;0;0;0;0;0;0;0;0;0;0;"";"";"";"";"";"";"";"";"";"";"";"";""
"3362";2020-09-28;"11:05:00";"COM VÍTIMA";"FINALIZADA";"IMBIRIBEIRA";"AV MARECHAL MASCARENHAS DE MORAES";"4745";"";"APOS O AEROPORTO- ANTES DO ATACADOL DOS PRESENTES";"IMBIRIBEIRA";NA;"CIDADE";"COLISÃO COM CICLISTA";"VITIMA JA FOI ENCAMINHADA PARA O HOSPITAL. ÔNIBUS E CICLISTA.";0;0;0;1;0;1;0;0;0;1;0;"Longo da via";"Bom";"Sem defeito";"Perfeito estado";"Seca";"Perfeito estado";"Faixa de pedestre";"Não há placas";"";"Dupla";"Canteiro central";"";""
"3363";2020-09-28;"13:19:00";"COM VÍTIMA";"FINALIZADA";"IPSEP";"RUA HELIO BRANDAO";"135";"RUA ADERBAL DE MELO";"EM FRENTE AO CHAMBARIL DO JOÃO";"IPSEP";NA;"";"ABALROAMENTO TRANSVERSAL";"COLISÃO COM VÍTIMA";1;1;0;0;0;0;0;0;0;1;0;"Cruzamento";"Bom";"Não existe";"Perfeito estado";"Seca";"Perfeito estado";"Outros";"Placas Pare";"";"Única";"Faixa seccionada";"";""
"3364";2020-09-29;"00:28:00";"COM VÍTIMA";"CANCELADA";"AFOGADOS";"RUA DA PAZ";"";"RUA NICOLAU PEREIRA";"CRUZAMENTO C/A RUA NICOLAU PEREIRA";"AFOGADOS";NA;"";"COLISÃO";"COLISÃO 2 AUTOS - C/VÍTIMA";2;0;0;0;0;0;0;0;0;1;0;"";"";"";"";"";"";"";"";"";"";"";"";""
"3365";2020-09-29;"00:28:00";"SEM VÍTIMA";"FINALIZADA";"BOMBA DO HEMETÉRIO";"RUA JACOB";"";"";"IMÓVEL Nº 31";"BOMBA DO HEMETÉRIO";NA;"CIDADE";"CHOQUE VEÍCULO PARADO";"COLISÃO VIATURA DA POLICIA MILITAR X AUTO PASSEIO - S/VITIMA";2;0;0;0;0;0;0;0;0;0;0;"Longo da via";"Bom";"Não existe";"Não existente";"Seca";"Perfeito estado";"Não existe";"Não há placas";"30 km/h";"Dupla";"Faixa seccionada";"";""
"3366";2020-09-29;"04:14:00";"COM VÍTIMA";"FINALIZADA";"NOVA DESCOBERTA";"RUA NOVA DESCOBERTA";"412";"";"EM FRENTE A IGREJA CONGRECIONAL. IGREJA DO EVANGELHO QUADRANGULAR.";"NOVA DESCOBERTA";NA;"CIDADE";"CHOQUE VEÍCULO PARADO";"COLISÃO QUATRO AUTOS";4;0;0;0;0;0;0;0;0;1;0;"Longo da via";"Bom";"Não existe";"Perfeito estado";"Seca";"Perfeito estado";"Não existe";"Não há placas";"";"Dupla";"Não existe";"";""
"3367";2020-09-29;"09:25:00";"COM VÍTIMA";"FINALIZADA";"LINHA DO TIRO";"RUA URIEL DE HOLANDA";"893";"";"APÓS A CHURRASCARIA CACHOEIRA";"LINHA DO TIRO";NA;"CIDADE";"COLISÃO FRONTAL";"COM UMA VITIMA AGUARDANDO SAMU";1;0;0;0;0;1;0;0;0;1;0;"Longo da via";"Bom";"Não existe";"Perfeito estado";"Seca";"Perfeito estado";"Não existe";"R-6a";"";"Dupla";"Faixa seccionada";"";""
"3368";2020-09-29;"10:37:00";"COM VÍTIMA";"FINALIZADA";"IMBIRIBEIRA";"AV MARECHAL MASCARENHAS DE MORAES";"";"";"EM FRENTE A FERREIRA COSTA";"IMBIRIBEIRA";386;"CIDADE";"ABALROAMENTO LONGITUDINAL";"MOTO E AUTO";1;1;0;0;0;0;0;0;0;1;0;"Longo da via";"Bom";"Sem defeito";"Perfeito estado";"Seca";"Perfeito estado";"Faixa de pedestre";"Não há placas";"60 km/h";"Dupla";"Canteiro central";"";""
"3369";2020-09-29;"14:48:00";"SEM VÍTIMA";"FINALIZADA";"BOA VIAGEM";"RUA RIBEIRO DE BRITO";"4121";"";"LADO OPOSTO AO BAR GRILL";"BOA VIAGEM";NA;"CIDADE";"COLISÃO TRASEIRA";"COLISÃO CARRO X CARRO- A OUTRA PARTE ENVOLVIDA SE EVADIU DO LOCAL DE PLACA XXX";2;0;0;0;0;0;0;0;0;0;0;"Longo da via";"Bom";"Sem defeito";"Perfeito estado";"Seca";"Perfeito estado";"Faixa de pedestre";"";"";"Única";"Faixa contínua";"";""
"3370";2020-09-29;"21:30:00";"COM VÍTIMA";"FINALIZADA";"VÁRZEA";"RUA DIOGO DE VASCONCELOS";"260";"RUA GOVERNADOR LEOPOLDO NEVES";"PROXIMO DA PIZZARIA PAULLYNE- PROXIMO DA PADARIA PÃO DE CRISTO DELLI";"VÁRZEA";NA;"SUBURBIO";"ABALROAMENTO TRANSVERSAL";"COLISÃO ENTRE AUTO E MOTO C/V";1;1;0;0;0;0;0;0;0;1;0;"Longo da via";"Bom";"Não existe";"Perfeito estado";"Seca";"Perfeito estado";"Não existe";"Não há placas";"";"Dupla";"Faixa seccionada";"";""
"3371";2020-09-30;"10:15:00";"COM VÍTIMA";"CANCELADA";"TORRE";"RUA JOSE BONIFACIO";"";"";"EM FRENTE AO ANTIGO BANORTE";"TORRE";NA;"";"COLISÃO";"COLISÃO C/V. USUÁRIO INFORMA QUE VT 20 ESTÁ NO LOCAL.";1;0;1;0;0;0;0;0;0;1;0;"";"";"";"";"";"";"";"";"";"";"";"";""
"3372";2020-09-30;"14:09:00";"COM VÍTIMA";"FINALIZADA";"ROSARINHO";"AV NORTE";"3109";"";"EM FRENTE À PADARIA ROSARINHO";"ROSARINHO";NA;"CIDADE";"COLISÃO TRASEIRA";"COLISÃO ENVOLVENDO 4 AUTOS CHEVROLET CORSA. VW VOYAGE.POLO. VW VIRTUS";4;0;0;0;0;0;0;0;0;1;0;"Longo da via";"Bom";"Sem defeito";"Perfeito estado";"Seca";"Perfeito estado";"Não existe";"Não há placas";"40 km/h";"Dupla";"Canteiro central";"";""
"3373";2020-09-30;"14:44:00";"SEM VÍTIMA";"FINALIZADA";"IPSEP";"RUA HELIO BRANDAO";"135";"RUA ADERBAL DE MELO";"";"IPSEP";NA;"";"ABALROAMENTO TRANSVERSAL";"COLISÃO SEM VÍTIMA/ VEÍCULO OFICIAL";2;0;0;0;0;0;0;0;0;0;0;"Longo da via";"Bom";"Não existe";"Perfeito estado";"Seca";"Perfeito estado";"";"Placas Pare";"";"Única";"Faixa seccionada";"";""
"3374";2020-09-30;"17:59:00";"COM VÍTIMA";"FINALIZADA";"SÃO JOSÉ";"AV DANTAS BARRETO";"1246";"RUA SAO JOAO";"N 946 S/T PRAÇA SERGIO LORETO";"SÃO JOSÉ";NA;"";"ATROPELAMENTO";"ÔNIBUS E PEDESTRE";0;0;0;0;1;1;0;0;0;1;0;"Longo da via";"Bom";"Sem defeito";"Ilegível";"Seca";"Mal iluminada";"Não existe";"Outras";"";"Dupla";"Faixa contínua";"Faixa seccionada";"Canteiro central"
"3375";2020-09-30;"21:32:00";"COM VÍTIMA";"FINALIZADA";"JARDIM SÃO PAULO";"RUA SENADOR ALBERTO PASQUALINI";"";"";"E/F AO RESTAURANTE SUBWAY / PRÓX A JOTA LANCHES";"JARDIM SÃO PAULO";NA;"SUBURBIO";"COLISÃO COM CICLISTA";"MOTO X BICICLETA. C/V";0;1;0;1;0;0;0;0;0;3;0;"Longo da via";"Bom";"Não existe";"Ilegível";"Seca";"Mal iluminada";"Não existe";"Placas Pare";"";"Única";"Faixa seccionada";"";""
"3376";2020-09-30;"22:37:00";"COM VÍTIMA";"FINALIZADA";"MADALENA";"RUA ARLINDO GOUVEIA";"145";"";"PRÓX AO CLUBE INTERNACIONAL. PRAÇA JOSÉ DA MOTA SILVEIRA.";"MADALENA";NA;"SUBURBIO";"ABALROAMENTO TRANSVERSAL";"AUTO X MOTO. C/V";1;1;0;0;0;0;0;0;0;1;0;"Longo da via";"Chuvoso";"Não existe";"Perfeito estado";"Seca";"Perfeito estado";"Não existe";"Não há placas";"";"Dupla";"Faixa contínua";"";""
"3377";2020-10-01;"03:23:00";"SEM VÍTIMA";"FINALIZADA";"JARDIM SÃO PAULO";"RUA LEANDRO BARRETO";"";"";"NA DESCIDA DO VIADUTO - SENTIDO LA ROCK";"JARDIM SÃO PAULO";NA;"";"CHOQUE OBJETO FIXO";"CONDUTOR PERDEU O CONTROLE E CHOCOU O VEICULO CONTRA ESTACAS DE FERRO NUMA CALÇADA E- EM SEGUIDA- ABANDONOU O VEICULO.";1;0;0;0;0;0;0;0;0;0;0;"";"";"";"";"";"";"";"";"";"";"";"";""
"3378";2020-10-01;"09:38:00";"SEM VÍTIMA";"FINALIZADA";"BAIRRO DO RECIFE";"RUA JENER DE SOUZA";"";"PRC DO DERBY";"SOB O SEMÁFORO Nº 418";"BAIRRO DO RECIFE";418;"CIDADE";"ABALROAMENTO LONGITUDINAL";"SEM VITIMA /VEÍCULO OFICIAL CTTU NO LOCAL /GM EVANDRO RAMOS/COIMBRA PONTO FIXO";2;0;0;0;0;0;0;0;0;0;0;"Cruzamento";"Bom";"Sem defeito";"";"Seca";"Perfeito estado";"";"R-25b";"40 km/h";"Dupla";"Faixa contínua";"";""
"3379";2020-10-01;"12:44:00";"COM VÍTIMA";"FINALIZADA";"ARRUDA";"AV PROFESSOR JOSE DOS ANJOS";"972";"";"PROX AO CRUZAMENTO DA EST VELHA DE ÁGUA FRIA";"ARRUDA";NA;"SUBURBIO";"COLISÃO COM CICLISTA";"COLISAO ENTRE MOTO E CICLISTA";0;1;0;1;0;0;0;0;0;1;0;"Longo da via";"Bom";"Não existe";"Perfeito estado";"Seca";"Perfeito estado";"Não existe";"Não há placas";"60 km/h";"Única";"Faixa seccionada";"";""
"3380";2020-10-01;"13:45:00";"COM VÍTIMA";"FINALIZADA";"AFOGADOS";"EST DOS REMEDIOS";"1462";"RUA BUGRE";"EM FRENTE A TUPAN";"AFOGADOS";NA;"";"COLISÃO";"COLISÃO MOTO X CARRO";1;1;0;0;0;0;0;0;0;1;0;"";"";"";"";"";"";"";"";"";"";"";"";""
"3381";2020-10-01;"18:21:00";"COM VÍTIMA";"FINALIZADA";"MACAXEIRA";"AV NORTE";"";"RUA TIJUCAL";"EM FRENTE A ESCOLA ESTADUAL MARIA AMÁLIA";"MACAXEIRA";451;"SUBURBIO";"COLISÃO COM CICLISTA";"COLISÃO ENTRE ÔNIBUS E CICLISTA- C/V";0;0;0;1;0;1;0;0;0;1;0;"Longo da via";"Bom";"Sem defeito";"Incompleta";"Seca";"Mal iluminada";"Faixa de pedestre";"Outras";"60 km/h";"Dupla";"";"";""
"3382";2020-10-01;"19:32:00";"COM VÍTIMA";"FINALIZADA";"BONGI";"EST DO BONGI";"190";"RUA COSME VIANA";"AO LADO DO VAREJÃO DO POVO E WM GNV.";"BONGI";100;"SUBURBIO";"ABALROAMENTO LONGITUDINAL";"COLISÃO ENTRE AUTO E MOTO C/V";1;1;0;0;0;0;0;0;0;1;0;"Longo da via";"Bom";"Sem defeito";"Perfeito estado";"Seca";"Perfeito estado";"Faixa de pedestre";"Placas Dê a preferência";"40 km/h";"Dupla";"Faixa contínua";"";""
"3383";2020-10-01;"19:49:00";"COM VÍTIMA";"CANCELADA";"CAMPO GRANDE";"AV CORREIA DE BRITO";"1206";"";"EM FRENTE AO POSTO DE COMBUSTIVEL DESLUB";"CAMPO GRANDE";NA;"";"ATROPELAMENTO";"AUTO ATROPELOU CARROCEIRO- E LOGO APOS CHOCOU-SE EM UM AUTO QUE ESTAVA ESTACIONADO";2;0;0;0;1;0;0;0;0;1;0;"";"";"";"";"";"";"";"";"";"";"";"";""
"3384";2020-10-01;"21:49:00";"SEM VÍTIMA";"FINALIZADA";"PARNAMIRIM";"RUA SEBASTIAO MALTA ARCOVERDE";"223";"";"EM FRENTE AO Nº 223";"PARNAMIRIM";NA;"SUBURBIO";"ABALROAMENTO LONGITUDINAL";"COLISÃO ENTRE DUAS MOTOS- S/V (UMA DAS MOTOS É UM VEÍCULO OFICIAL DA POLÍCIA MILITAR)";0;2;0;0;0;0;0;0;0;0;0;"Longo da via";"Bom";"Sem defeito";"Perfeito estado";"Seca";"Mal iluminada";"Faixa de pedestre";"Não há placas";"";"Única";"Não existe";"";""
"3385";2020-10-02;"10:36:00";"COM VÍTIMA";"FINALIZADA";"SANTO AMARO";"RUA PEDRO AFONSO";"318";"RUA TREZE DE MAIO";"DE ESQUINA COM O SESC  DE SANTO AMARO";"SANTO AMARO";427;"CIDADE";"ABALROAMENTO TRANSVERSAL";"COLISÃO COM VITIMA A ESPERA DO SAMU";1;1;0;0;0;0;0;0;0;1;0;"Longo da via";"Bom";"Sem defeito";"Perfeito estado";"Seca";"Perfeito estado";"Não existe";"Outras";"40 km/h";"Dupla";"Faixa contínua";"";""
"3386";2020-10-02;"11:18:00";"SEM VÍTIMA";"FINALIZADA";"BOA VIAGEM";"AV ENGENHEIRO DOMINGOS FERREIRA";"";"";"LADO OPOSTO AO 3638";"BOA VIAGEM";NA;"";"ABALROAMENTO LONGITUDINAL";"FLUIDEZ AO TRÂNSITO DEVIDO A UMA COLISÃO SEM VÍTIMA";2;0;0;0;0;0;0;0;0;0;0;"";"";"";"";"";"";"";"";"";"";"";"";""
"3387";2020-10-02;"14:34:00";"COM VÍTIMA";"FINALIZADA";"ILHA DO RETIRO";"RUA JOAO IVO DA SILVA";"";"";"E/F A AUTO LINE HONDA . AO LADO DA RENAULT.";"ILHA DO RETIRO";NA;"SUBURBIO";"COLISÃO TRASEIRA";"COLISAO ENTRE AUTO E UMA TRAÇAO ANIMAL. SEGUNDO O BOLETIM FÍSICO- HOUVE A COLISÃO DO AUTO COM UM CARRO DE MÃO QUE POR SUA VEZ DERRUBOU A VÍTIMA.";1;0;0;0;0;0;0;0;1;1;0;"Longo da via";"Bom";"Não existe";"Incompleta";"Seca";"Perfeito estado";"Não existe";"R-6a";"";"Única";"Faixa seccionada";"";""
"3388";2020-10-02;"16:24:00";"COM VÍTIMA";"FINALIZADA";"AREIAS";"AV RECIFE";"758";"";"EM FRENTE A BRASIL VEÍCULOS/ SENTIDO CABO";"AREIAS";NA;"SUBURBIO";"COLISÃO";"COLISÃO COM VÍTIMA";0;1;0;0;0;0;1;0;0;1;0;"Longo da via";"Bom";"Não existe";"Perfeito estado";"Seca";"Perfeito estado";"Não existe";"Não há placas";"60 km/h";"Dupla";"Canteiro central";"";""
"3389";2020-10-02;"20:28:00";"COM VÍTIMA";"FINALIZADA";"BOA VIAGEM";"AV CONSELHEIRO AGUIAR";"";"RUA SOUTO FILHO";"PRÓX A ESCOLA ESTADUAL LANDELINO ROCHA";"BOA VIAGEM";133;"CIDADE";"ABALROAMENTO LONGITUDINAL";"AUTO X MOTO. C/V";1;1;0;0;0;0;0;0;0;1;0;"Cruzamento";"Bom";"Sem defeito";"Perfeito estado";"Seca";"Mal iluminada";"Faixa de pedestre";"R-6a";"60 km/h";"Única";"Faixa seccionada";"";""
"3390";2020-10-02;"21:06:00";"COM VÍTIMA";"FINALIZADA";"BARRO";"AV DR JOSE RUFINO";"2838";"";"PROX AO COLEGIO ALBERTO TORRES POR CIMA DO VIADUTO DO BARRO SENTIDO RECIFE. ALÇA QUE LIGA A BR-101.";"BARRO";NA;"";"ABALROAMENTO TRANSVERSAL";"ONIBUS MILBUS X MOTO";0;1;0;0;0;1;0;0;0;1;0;"Cruzamento";"Bom";"Não existe";"Ilegível";"Seca";"Mal iluminada";"Não existe";"Não há placas";"";"Dupla";"Faixa seccionada";"";""
"3391";2020-10-02;"22:25:00";"COM VÍTIMA";"FINALIZADA";"MUSTARDINHA";"RUA VINTE E UM DE ABRIL";"1295";"";"PROX A FARMACIA COELHO E ROCK PIZZA. ESPETINHO E CALDINHO DOS AMIGOS.";"MUSTARDINHA";NA;"SUBURBIO";"ATROPELAMENTO";"PEDESTRE X CAMINHAO";0;0;0;0;1;0;1;0;0;1;0;"Longo da via";"Bom";"Sem defeito";"Perfeito estado";"Seca";"Perfeito estado";"";"Não há placas";"30 km/h";"Dupla";"Não existe";"";""
"3392";2020-10-03;"07:04:00";"SEM VÍTIMA";"FINALIZADA";"MACAXEIRA";"AV NORTE";"";"";"E/F AO PONTO DE TAXI TI MACAXEIRA";"MACAXEIRA";NA;"";"COLISÃO";"COLISÃO S/VITIMA ENTRE UMA VIATURA CORPO DE BOMBEIROS E UM BRT";0;0;0;0;0;1;0;1;0;0;0;"";"";"";"";"";"";"";"";"";"";"";"";""
"3393";2020-10-03;"08:11:00";"COM VÍTIMA";"FINALIZADA";"AFOGADOS";"AV SUL";"";"PTE DE AFOGADOS";"NO INICIO DA FAIXA EXCLUSIVA DE ONIBUS";"AFOGADOS";320;"CIDADE";"COLISÃO COM CICLISTA";"AGUARDANDO SOCORRO DOS BOMBEIROS. AUTO E CICLISTA.";1;0;0;1;0;0;0;0;0;1;0;"Ponte";"Bom";"Sem defeito";"Perfeito estado";"Seca";"Perfeito estado";"Não existe";"Outras";"";"Dupla";"Canteiro central";"";""