"";"data";"hora";"natureza_acidente";"situacao";"bairro";"endereco";"numero";"detalhe_endereco_acidente";"complemento";"bairro_cruzamento";"num_semaforo";"sentido_via";"tipo";"descricao";"auto";"moto";"ciclom";"ciclista";"pedestre";"onibus";"caminhao";"viatura";"outros";"vitimas";"vitimasfatais";"acidente_verificado";"tempo_clima";"situacao_semaforo";"sinalizacao";"condicao_via";"conservacao_via";"ponto_controle";"situacao_placa";"velocidade_max_via";"mao_direcao";"divisao_via1";"divisao_via2";"divisao_via3"
"3715";2020-11-14;"10:01:00";"COM VÍTIMA";"FINALIZADA";"IPSEP";"RUA JEAN EMILE FAVRE";"509";"RUA JAMAICA";"EM FRENTE A FACULDADE BOA VIAGEM";"IPSEP";NA;"";"COLISÃO COM CICLISTA";"COM UMA VITIMA AGUARDANDO SOCORRO";0;1;0;1;0;0;0;0;0;1;0;"Longo da via";"Bom";"Não existe";"Perfeito estado";"Seca";"Perfeito estado";"Faixa de pedestre";"";"";"Dupla";"Faixa contínua";"";""
"3716";2020-11-14;"15:15:00";"COM VÍTIMA";"FINALIZADA";"CABANGA";"AV SUL";"1030";"";"";"CABANGA";205;"CIDADE";"ATROPELAMENTO ANIMAL";"MOTOCICLETA ATROPELOU UM CACHORRO NA VIA";0;1;0;0;0;0;0;0;0;1;0;"Longo da via";"Bom";"Sem defeito";"Perfeito estado";"Seca";"Perfeito estado";"Faixa de pedestre";"";"60 km/h";"Dupla";"Faixa seccionada";"";""
"3717";2020-11-14;"16:27:00";"COM VÍTIMA";"FINALIZADA";"JOANA BEZERRA";"AV CENTRAL";"";"";"PROX A ESTAÇÃO JOANA BEZERRA";"JOANA BEZERRA";NA;"SUBURBIO";"ABALROAMENTO LONGITUDINAL";"COLISÃO ONIBUS X MOTO";0;1;0;0;0;1;0;0;0;1;0;"Longo da via";"Bom";"Não existe";"Perfeito estado";"Seca";"Perfeito estado";"Não existe";"R-26";"";"Única";"Não existe";"";""
"3718";2020-11-14;"16:49:00";"COM VÍTIMA";"FINALIZADA";"BARRO";"AV DR JOSE RUFINO";"";"";"SOBRE O VIADUTO DA BR101";"BARRO";NA;"";"COLISÃO";"CARRO X MOTO / CARRO SE EVADIU DO LOCAL";1;1;0;0;0;0;0;0;0;1;0;"Longo da via";"Bom";"Não existe";"Perfeito estado";"Seca";"Perfeito estado";"Não existe";"";"";"Dupla";"Não existe";"";""
"3719";2020-11-14;"17:00:00";"COM VÍTIMA";"FINALIZADA";"CAJUEIRO";"AV BEBERIBE";"";"";"BAR DA FAVA";"CAJUEIRO";388;"CIDADE";"ABALROAMENTO LONGITUDINAL";"CARRO X MOTO / CARRO SE EVADIU DO LOCAL";1;1;0;0;0;0;0;0;0;1;0;"Longo da via";"Bom";"Sem defeito";"Perfeito estado";"Seca";"Perfeito estado";"Faixa de pedestre";"Outras";"";"Dupla";"Faixa contínua";"";""
"3720";2020-11-14;"17:56:00";"SEM VÍTIMA";"FINALIZADA";"SANTO AMARO";"RUA DOS PALMARES";"";"";"E/F AO PROCAPE";"SANTO AMARO";NA;"";"COLISÃO";"COLISAO DE DOIS AUTOS S/ V";1;0;0;0;0;0;0;1;0;0;0;"";"";"";"";"";"";"";"";"";"";"";"";""
"3721";2020-11-14;"19:07:00";"COM VÍTIMA";"FINALIZADA";"BOA VIAGEM";"RUA DEZ DE JULHO";"";"RUA CAMBOIM";"NO CRUZAMENTO MESMO";"BOA VIAGEM";NA;"CIDADE";"ABALROAMENTO TRANSVERSAL";"COLISAO ENTRE AUTO/ MOTO COM VITIMA";1;1;0;0;0;0;0;0;0;1;0;"Cruzamento";"Bom";"Não existe";"Perfeito estado";"Seca";"Perfeito estado";"Não existe";"Não há placas";"";"Única";"Faixa seccionada";"";""
"3722";2020-11-14;"21:13:00";"SEM VÍTIMA";"CANCELADA";"IMBIRIBEIRA";"AV MARECHAL MASCARENHAS DE MORAES";"884";"";"E/F A GRILO";"IMBIRIBEIRA";NA;"";"COLISÃO";"COLISAO S/V COM SUSPEITA DE EMBREAGUES";3;0;0;0;0;0;0;0;0;0;0;"";"";"";"";"";"";"";"";"";"";"";"";""
"3723";2020-11-14;"21:41:00";"COM VÍTIMA";"FINALIZADA";"ÁGUA FRIA";"RUA DA REGENERACAO";"230";"";"PROX A JOSE LUIZ DA FONSECA";"ÁGUA FRIA";NA;"SUBURBIO";"COLISÃO FRONTAL";"COLISAO ENTRE AUTO/ MOTO COM VITIMA E SINAL DE EMBREAGUES. SEGUNDO INFORMAÇÕES DO BOLETIM FÍSICO- O VEÍCULO EVADIU-SE DO LOCAL.";1;1;0;0;0;0;0;0;0;1;0;"Longo da via";"Bom";"Não existe";"Incompleta";"Seca";"Perfeito estado";"Não existe";"Não há placas";"40 km/h";"Dupla";"Não existe";"";""
"3724";2020-11-15;"00:51:00";"COM VÍTIMA";"FINALIZADA";"BOA VIAGEM";"RUA ARTUR MUNIZ";"";"AV CONSELHEIRO AGUIAR";"POSTO DE COMBUSTÍVEL BR";"BOA VIAGEM";5;"SUBURBIO";"COLISÃO FRONTAL";"AUTO E MOTONETA.";1;1;0;0;0;0;0;0;0;1;0;"Cruzamento";"Bom";"Sem defeito";"Perfeito estado";"Seca";"Perfeito estado";"Faixa de pedestre";"";"";"Dupla";"Não existe";"";""
"3725";2020-11-15;"10:32:00";"COM VÍTIMA";"FINALIZADA";"BOA VISTA";"AV GOVERNADOR AGAMENON MAGALHAES";"2997";"RUA DR LEOPOLDO LINS";"EM FRENTE A CAIXA ECONÔMICA FEDERAL E RECEITA FEDERAL DO BRASIL.";"BOA VISTA";78;"SUBURBIO";"TOMBAMENTO";"SITUAÇÃO GRAVADA PELO VIDEOMONITORAMENTO. O VEÍCULO PEGOU FOGO LOGO APÓS A DERRAPAGEM";0;1;0;0;0;0;0;0;0;1;0;"Longo da via";"Bom";"Sem defeito";"Perfeito estado";"Seca";"Perfeito estado";"Faixa de pedestre";"Outras";"";"Dupla";"Faixa seccionada";"Canteiro central";""
"3726";2020-11-15;"11:58:00";"COM VÍTIMA";"CANCELADA";"JORDÃO";"AV MARIA IRENE";"1542";"";"EM FRENTE AO CONDOMINIO JAIME RAMALHO E UPINHA";"JORDÃO";NA;"";"COLISÃO";"AUTO E MOTO";1;1;0;0;0;0;0;0;0;1;0;"";"";"";"";"";"";"";"";"";"";"";"";""
"3727";2020-11-15;"12:40:00";"COM VÍTIMA";"FINALIZADA";"CAMPO GRANDE";"EST DE BELEM";"65";"";"LADO OPOSTO DO BANCO ITAU. EM FRENTE A IGREJA BATISTA.";"CAMPO GRANDE";NA;"CIDADE";"COLISÃO COM CICLISTA";"COLISÃO COM VÍTIMA";1;0;0;1;0;0;0;0;0;1;0;"Longo da via";"Bom";"Não existe";"Não existente";"Seca";"Perfeito estado";"Não existe";"Não há placas";"";"Dupla";"Faixa contínua";"";""
"3728";2020-11-15;"12:49:00";"COM VÍTIMA";"FINALIZADA";"SANTO AMARO";"AV CRUZ CABUGA";"212";"";"LADO OPOSTO A ASSEMBLÉIA DE DEUS.";"SANTO AMARO";NA;"SUBURBIO";"ABALROAMENTO TRANSVERSAL";"COLISÃO COM VITIMA";1;1;0;0;0;0;0;0;0;1;0;"Longo da via";"Bom";"Não existe";"Perfeito estado";"Seca";"Perfeito estado";"Não existe";"Não há placas";"40 km/h";"Dupla";"Faixa contínua";"";""
"3729";2020-11-15;"13:18:00";"COM VÍTIMA";"FINALIZADA";"PINA";"AV ENGENHEIRO DOMINGOS FERREIRA";"40";"RUA BARREIROS";"LADO OPOSTO AO ARMAZÉM BEIRA MAR";"PINA";NA;"SUBURBIO";"ABALROAMENTO LONGITUDINAL";"COLISÃO COM VITIMA";1;1;0;0;0;0;0;0;0;1;0;"Longo da via";"Bom";"Não existe";"Perfeito estado";"Seca";"Perfeito estado";"Não existe";"Não há placas";"60 km/h";"Única";"Faixa contínua";"";""
"3730";2020-11-16;"01:32:00";"COM VÍTIMA";"FINALIZADA";"AFOGADOS";"RUA VINTE E UM DE ABRIL";"66";"RUA VISCONDE DE PELOTAS";"APOS O EROS";"AFOGADOS";334;"";"ABALROAMENTO TRANSVERSAL";"COLISÃO AUTO E MOTO- COM UMA VITIMA. BICICLETA TAMBÉM ENVOLVIDA- SEM MUITAS INFORMAÇÕES (SEGUNDO O BOLETIM FÍSICO).";1;1;0;1;0;0;0;0;0;1;0;"Cruzamento";"Bom";"Intermitente";"Incompleta";"Seca";"Perfeito estado";"Outros";"R-6a";"";"Única";"Faixa";"";""
"3731";2020-11-16;"08:26:00";"SEM VÍTIMA";"FINALIZADA";"FUNDÃO";"AV BEBERIBE";"2995";"";"EM FRENTE A ASSEMBLEIA DE DEUS DO FUNDÃO";"FUNDÃO";NA;"";"COLISÃO";"COM UMA VITIMA AGUARDANDO SOCORRO";0;1;0;0;0;1;0;0;0;0;0;"";"";"";"";"";"";"";"";"";"";"";"";""
"3732";2020-11-16;"09:44:00";"COM VÍTIMA";"FINALIZADA";"ARRUDA";"RUA MEM DE SA";"254";"RUA PROFESSOR JERONIMO GUEIROS";"RUA DA COCA COLA";"ARRUDA";495;"CIDADE";"ABALROAMENTO TRANSVERSAL";"MOTO E AUTO PASSEIO / VT 09 NO QTH GM RICARDO";1;1;0;0;0;0;0;0;0;1;0;"Cruzamento";"Bom";"Sem defeito";"Incompleta";"Seca";"Perfeito estado";"Não existe";"Não há placas";"";"Dupla";"Não existe";"";""
"3733";2020-11-16;"11:58:00";"COM VÍTIMA";"FINALIZADA";"BARRO";"AV DR JOSE RUFINO";"2881";"";"SOBRE O VIADUTO.";"BARRO";NA;"CIDADE";"ABALROAMENTO LONGITUDINAL";"COM DUAS VITIMAS AGUARDANDO SOCORRO";1;1;0;0;0;0;0;0;0;2;0;"Longo da via";"Bom";"Não existe";"Ilegível";"Seca";"Perfeito estado";"Não existe";"Não há placas";"";"Dupla";"Não existe";"";""
"3734";2020-11-16;"13:29:00";"COM VÍTIMA";"FINALIZADA";"ESTÂNCIA";"AV DR JOSE RUFINO";"401";"RUA ANTONIO FIGUEIREDO";"PRÓXIMO AO COLEGIO DECISAO";"ESTÂNCIA";NA;"CIDADE";"ABALROAMENTO TRANSVERSAL";"COLISAO ENTRE AUTO E MOTO";1;1;0;0;0;0;0;0;0;1;0;"Longo da via";"Bom";"Sem defeito";"Perfeito estado";"Seca";"Perfeito estado";"Outros";"R-6a";"60 km/h";"Dupla";"Faixa contínua";"";""
"3735";2020-11-16;"15:35:00";"COM VÍTIMA";"FINALIZADA";"IPUTINGA";"AV MAURICIO DE NASSAU";"402";"RUA ITAPIRANGA";"NA ENTRADA DO TERMINAL MONSENHOR FABRÍCIO.";"IPUTINGA";NA;"CIDADE";"ABALROAMENTO LONGITUDINAL";"COLISÃO ENTRE AUTO E MOTO";1;1;0;0;0;0;0;0;0;2;0;"Longo da via";"Bom";"Não existe";"Perfeito estado";"Seca";"Perfeito estado";"Outros";"Outras";"40 km/h";"Dupla";"Não existe";"";""
"3736";2020-11-16;"15:42:00";"COM VÍTIMA";"FINALIZADA";"ILHA DO RETIRO";"EST DOS REMEDIOS";"";"RUA TABAIARES";"PROX CONCESSIONÁRIA HYUNDAI";"ILHA DO RETIRO";390;"CIDADE";"ABALROAMENTO LONGITUDINAL";"COLISAO ENTRE AUTO E MOTO COM VITIMAS";1;1;0;0;0;0;0;0;0;1;0;"Longo da via";"Bom";"Sem defeito";"Perfeito estado";"Seca";"Perfeito estado";"Faixa de retenção";"Não há placas";"";"Única";"Faixa contínua";"";""
"3737";2020-11-16;"16:24:00";"VÍTIMA FATAL";"FINALIZADA";"GRAÇAS";"AV RUI BARBOSA";"";"RUA AMELIA";"SOB O SEMÁFORO DE Nº 048";"GRAÇAS";48;"CIDADE";"ABALROAMENTO TRANSVERSAL";"AMBULÂNCIA E MOTOCICLETA. APÓS A COLISÃO- UMA MOTOCICLETA QUE ESTAVA ESTACIONADA NAS PROXIMIDADES TAMBÉM FOI ATINGIDA.";1;2;0;0;0;0;0;0;0;1;1;"Cruzamento";"Bom";"Sem defeito";"Perfeito estado";"Seca";"Perfeito estado";"Faixa de pedestre";"";"60 km/h";"Única";"";"";""
"3738";2020-11-16;"17:02:00";"COM VÍTIMA";"CANCELADA";"AFOGADOS";"RUA VINTE E UM DE ABRIL";"";"";"PRÓXIMO AO CAFÉ PETINHO";"AFOGADOS";NA;"";"COLISÃO";"HONDA CG 160 X NISSAN KICKS";1;1;0;0;0;0;0;0;0;1;0;"";"";"";"";"";"";"";"";"";"";"";"";""
"3739";2020-11-16;"17:36:00";"COM VÍTIMA";"FINALIZADA";"BOA VIAGEM";"AV BOA VIAGEM";"";"";"EM FRENTE A PRACINHA DE BOA VIAGEM";"BOA VIAGEM";4;"CIDADE";"ATROPELAMENTO";"VITIMA NO LOCAL";1;0;0;0;1;0;0;0;0;1;0;"Longo da via";"Bom";"Sem defeito";"Perfeito estado";"Seca";"Perfeito estado";"Faixa de pedestre";"Não há placas";"";"Única";"Faixa seccionada";"";""
"3740";2020-11-16;"19:08:00";"COM VÍTIMA";"CANCELADA";"CASA AMARELA";"RUA PADRE LEMOS";"197";"";"EM FRENTE A MAGAZINE LUIZA- AO LADO DO CENTRO COMERCIAL DE CASA AMARELA";"CASA AMARELA";NA;"";"COLISÃO";"COLISÃO ENTRE AUTO E MOTO- COM VITIMA";1;1;0;0;0;0;0;0;0;1;0;"";"";"";"";"";"";"";"";"";"";"";"";""
"3741";2020-11-16;"19:47:00";"COM VÍTIMA";"FINALIZADA";"ARRUDA";"EST VELHA DE AGUA FRIA";"";"AV PROFESSOR JOSE DOS ANJOS";"";"ARRUDA";306;"SUBURBIO";"COLISÃO TRASEIRA";"COLISÃO ENTRE AUTO E MOTO COM VÍTIMA- VT-28 ESTÁ NO LOCAL";1;1;0;0;0;0;0;0;0;1;0;"Cruzamento";"Bom";"Sem defeito";"Perfeito estado";"Seca";"Perfeito estado";"Faixa de pedestre";"Não há placas";"";"Única";"Faixa contínua";"";""
"3742";2020-11-16;"23:11:00";"SEM VÍTIMA";"FINALIZADA";"DOIS UNIDOS";"AV HILDEBRANDO DE VASCONCELOS";"";"";"PRÓXIMO AO ARMAZÉM DO NEGO- APÓS O CANIL- SENTIDO TERMINAL";"DOIS UNIDOS";NA;"";"COLISÃO";"COLISÃO EM VEÍCULO OFICIAL";0;1;0;0;0;0;0;1;0;0;0;"Longo da via";"Bom";"Não existe";"Não existente";"Seca";"Perfeito estado";"Não existe";"";"";"Dupla";"Não existe";"";""
"3743";2020-11-17;"06:53:00";"COM VÍTIMA";"FINALIZADA";"PINA";"AV BRASILIA FORMOSA";"8";"";"E/F AO BAR DO PEIXE";"PINA";NA;"";"ATROPELAMENTO";"ATROPELAMENTO";0;1;0;0;1;0;0;0;0;1;0;"Longo da via";"Bom";"Não existe";"Perfeito estado";"Seca";"Perfeito estado";"Não existe";"Não há placas";"";"Dupla";"Faixa seccionada";"";""
"3744";2020-11-17;"07:50:00";"COM VÍTIMA";"FINALIZADA";"ARRUDA";"AV BEBERIBE";"";"";"E/F AO CERPE E AO CAMPO DO ARRUDA.";"ARRUDA";NA;"CIDADE";"COLISÃO COM CICLISTA";"COLISÃO C/CICLISTA E MOTO";0;1;0;1;0;0;0;0;0;1;0;"Longo da via";"Bom";"Sem defeito";"Perfeito estado";"Seca";"Perfeito estado";"Não existe";"Outras";"";"Dupla";"Faixa contínua";"";""
"3745";2020-11-17;"08:08:00";"COM VÍTIMA";"FINALIZADA";"PINA";"AV ENGENHEIRO DOMINGOS FERREIRA";"50";"";"EM FRENTE AO POSTO DE GASOLINA PETRONAC E ARMAZÉM BEIRA MAR.";"PINA";NA;"SUBURBIO";"COLISÃO COM CICLISTA";"VITIMA  SOCORRIDA PELO SAMU - COLISÃO ENTRE ÔNIBUS E BICICLETA.";0;0;0;1;0;1;0;0;0;1;0;"Longo da via";"Bom";"Não existe";"Perfeito estado";"Seca";"Perfeito estado";"Outros";"Não há placas";"";"Única";"Faixa seccionada";"";""
"3746";2020-11-17;"08:14:00";"COM VÍTIMA";"FINALIZADA";"CORDEIRO";"AV CAXANGA";"";"RUA GASPAR PEREZ";"EM FRENTE A FACULDADE IMACULADA CONCEIÇAO";"CORDEIRO";NA;"CIDADE";"ABALROAMENTO LONGITUDINAL";"AUTO E MOTO";1;1;0;0;0;0;0;0;0;1;0;"Longo da via";"Bom";"Sem defeito";"Perfeito estado";"Seca";"Perfeito estado";"";"Placas Pare";"";"Dupla";"Faixa seccionada";"Canteiro central";""
"3747";2020-11-17;"09:01:00";"COM VÍTIMA";"FINALIZADA";"SANTO AMARO";"RUA ODORICO MENDES";"625";"";"EM FRENTE  A EMPRESA SEAB";"SANTO AMARO";NA;"CIDADE";"ABALROAMENTO TRANSVERSAL";"COLISÃO COM VITIMAS";1;1;0;0;0;0;0;0;0;2;0;"Longo da via";"Bom";"Não existe";"Perfeito estado";"Seca";"Perfeito estado";"Não existe";"Não há placas";"40 km/h";"Dupla";"Faixa contínua";"";""
"3748";2020-11-17;"11:10:00";"COM VÍTIMA";"FINALIZADA";"PAISSANDU";"RUA PAISSANDU";"601";"";"EM FRENTE AO COLEGIO GGE E AO BANCO BRADESCO";"PAISSANDU";NA;"CIDADE";"ATROPELAMENTO";"VITIMAS  A ESPERA DO SAMU";0;1;0;0;1;0;0;0;0;2;0;"Longo da via";"Bom";"Não existe";"Perfeito estado";"Seca";"Perfeito estado";"Outros";"Outras";"";"Dupla";"Canteiro central";"";""
"3749";2020-11-17;"11:43:00";"COM VÍTIMA";"FINALIZADA";"TORREÃO";"RUA DOM JOAO COSTA";"211";"RUA FREI MIGUELINHO";"PROX. A PRAÇA DO TORREÃO E RESTAURANTE ARVO.";"TORREÃO";NA;"CIDADE";"ABALROAMENTO TRANSVERSAL";"AUTO E MOTO";1;1;0;0;0;0;0;0;0;1;0;"Cruzamento";"Bom";"Não existe";"Perfeito estado";"Seca";"Perfeito estado";"";"Placas Pare";"";"Dupla";"Não existe";"";""
"3750";2020-11-17;"14:51:00";"COM VÍTIMA";"FINALIZADA";"SÃO JOSÉ";"AV MARTINS DE BARROS";"451";"";"E/F AO MINISTERIO PUBLICO DE PERNAMBUCO.";"SÃO JOSÉ";NA;"SUBURBIO";"ABALROAMENTO LONGITUDINAL";"COLISAO ENTRE AUTO E MOTO BATEDORES DA MOTO 37 E 21 NO LOCAL";1;1;0;0;0;0;0;0;0;1;0;"Longo da via";"Bom";"Sem defeito";"Perfeito estado";"Seca";"Perfeito estado";"Não existe";"R-6a";"";"Única";"Não existe";"";""
"3751";2020-11-17;"16:29:00";"SEM VÍTIMA";"CANCELADA";"SANTO AMARO";"AV DR JAYME DA FONTE";"";"0";"";"SANTO AMARO";NA;"";"CHOQUE";"COLISÃO SEGUIDA DE CHOQUE- INFORMAÇÃO DE CONDUTOR COM SINAIS DE EMBRIAGUEZ";1;0;0;0;0;0;0;0;0;0;0;"";"";"";"";"";"";"";"";"";"";"";"";""
"3752";2020-11-17;"16:45:00";"COM VÍTIMA";"FINALIZADA";"MADALENA";"AV CAXANGA";"522";"";"EM FRENTE AO NUCLEO DE SAUDE/ SENTIDO CIDADE. AO LADO DO COMPAZ DA CAXANGÁ.";"MADALENA";NA;"CIDADE";"ATROPELAMENTO";"ATROPELAMENTO COM VÍTIMA";0;0;0;0;1;1;0;0;0;1;0;"Longo da via";"Bom";"Sem defeito";"Perfeito estado";"Seca";"Perfeito estado";"";"Não há placas";"";"Única";"Faixa seccionada";"Canteiro central";""
"3753";2020-11-17;"17:05:00";"SEM VÍTIMA";"CANCELADA";"CAXANGÁ";"AV CAXANGA";"";"AV INACIO MONTEIRO";"E/F A DROGASIL S/T SUB";"CAXANGÁ";NA;"";"COLISÃO";"COLISAO ENTRE DOIS AUTO E UMA MOTO UM DOS CONDUTORES ESTA COM SINTOMAS DE EMBRIAGUEZ";2;1;0;0;0;0;0;0;0;0;0;"";"";"";"";"";"";"";"";"";"";"";"";""
"3754";2020-11-17;"17:13:00";"COM VÍTIMA";"FINALIZADA";"IPSEP";"AV RECIFE";"";"RUA JEAN EMILE FAVRE";"NA ENTRADA DO IPSEP´E/F A PADARIA VILA DO PAO S/T BOA VIAGEM";"IPSEP";130;"BOA VIAGEM";"COLISÃO TRASEIRA";"COLISAO ENTRE AUTO E MOTO COM UMA VITIMA";1;1;0;0;0;0;0;0;0;1;0;"Longo da via";"Bom";"Sem defeito";"Perfeito estado";"Seca";"Perfeito estado";"Faixa de pedestre";"Outras";"";"Dupla";"Canteiro central";"";""
"3755";2020-11-17;"17:21:00";"COM VÍTIMA";"EQUIPE EM DESLOCAMENTO";"VÁRZEA";"AV CAXANGA";"";"";"LADO OPOSTO A UPA E PROXIMO AO PADRE CICERO";"VÁRZEA";NA;"CIDADE";"COLISÃO";"COLISÃO COM VÍTIMA";4;0;0;0;0;0;0;0;0;1;0;"";"";"";"";"";"";"";"";"";"";"";"";""
"3756";2020-11-17;"17:18:00";"COM VÍTIMA";"FINALIZADA";"BOA VIAGEM";"RUA COPACABANA";"";"RUA CAMBOIM";"NO TERMINAL DO ÔNIBUS DE SETUBAL";"BOA VIAGEM";NA;"SUBURBIO";"ABALROAMENTO TRANSVERSAL";"COLISAO ENTRE AUTO E MOTO COM UMA VITIMA VT 29 NO LOCAL";1;1;0;0;0;0;0;0;0;1;0;"Cruzamento";"Bom";"Não existe";"Perfeito estado";"Seca";"Perfeito estado";"Não existe";"Placas Pare";"30 km/h";"Dupla";"Faixa seccionada";"";""
"3757";2020-11-17;"18:47:00";"COM VÍTIMA";"FINALIZADA";"SANTO AMARO";"AV CRUZ CABUGA";"";"";"EM FRENTE AO HOSPITAL NAVAL DO RECIFE. POSTE B030148.";"SANTO AMARO";NA;"CIDADE";"COLISÃO COM CICLISTA";"COM VITIMA";0;1;0;1;0;0;0;0;0;1;0;"Longo da via";"Bom";"Sem defeito";"Perfeito estado";"Seca";"Perfeito estado";"Não existe";"Outras";"";"Dupla";"Faixa contínua";"";""
"3758";2020-11-18;"06:37:00";"SEM VÍTIMA";"FINALIZADA";"SÃO JOSÉ";"TRV DO RAPOSO";"3 B";"PTE JOAQUIM CARDOSO";"NA ENTRADA DA FAVELA DO PAPELÃO";"SÃO JOSÉ";NA;"IMIP";"COLISÃO";"SEM VITIMA/VEÍCULO OFICIAL DE VERTENTE LERIO";1;0;0;0;0;0;0;1;0;0;0;"Longo da via";"Bom";"Não existe";"Não existente";"Seca";"Mal conservada";"Não existe";"Não há placas";"N/I";"Dupla";"Blocos";"";""
"3759";2020-11-18;"08:00:00";"SEM VÍTIMA";"FINALIZADA";"ESPINHEIRO";"RUA QUARENTA E OITO";"";"";"EM FRENTE AO Nº 462";"ESPINHEIRO";NA;"CIDADE";"COLISÃO TRASEIRA";"COLISÃO SEM VITIMAS-COM VIATURA DO SAMU";0;1;0;0;0;0;0;1;0;0;0;"Longo da via";"Bom";"Sem defeito";"Perfeito estado";"Seca";"Perfeito estado";"";"Não há placas";"";"Única";"Faixa contínua";"";""
"3760";2020-11-18;"08:24:00";"COM VÍTIMA";"FINALIZADA";"BOA VIAGEM";"RUA FRANCISCO DA CUNHA";"654";"RUA PADRE BERNADINO PESSOA";"EM FRENTE AO MERCADINHO SINAS";"BOA VIAGEM";NA;"CIDADE";"ABALROAMENTO TRANSVERSAL";"COM UMA VITIMA AGUARDANDO SOCORRO";2;0;0;0;0;0;0;0;0;1;0;"Cruzamento";"Bom";"Não existe";"Perfeito estado";"Seca";"Perfeito estado";"Não existe";"Placas Pare";"";"Única";"Não existe";"";""
"3761";2020-11-18;"08:31:00";"COM VÍTIMA";"FINALIZADA";"SANTO AMARO";"RUA DO POMBAL";"";"RUA FREI CASSIMIRO";"";"SANTO AMARO";NA;"SUBURBIO";"ABALROAMENTO TRANSVERSAL";"BATEDOR MOTA NO QTH DOIS AUTOS";2;0;0;0;0;0;0;0;0;1;0;"Cruzamento";"Bom";"Não existe";"Perfeito estado";"Seca";"Perfeito estado";"Faixa de retenção";"Placas Pare";"30 km/h";"Única";"Canteiro central";"";""
"3762";2020-11-18;"08:40:00";"COM VÍTIMA";"FINALIZADA";"BOA VIAGEM";"RUA BARAO DE SOUZA LEAO";"";"AV DOM JOAO VI";"EM FRENTE AO SUPERMERCADO TREVO";"BOA VIAGEM";476;"OESTE";"ABALROAMENTO LONGITUDINAL";"AUTO E MOTO.";1;1;0;0;0;0;0;0;0;1;0;"Cruzamento";"Bom";"Sem defeito";"Incompleta";"Seca";"Perfeito estado";"Outros";"Não há placas";"60 km/h";"Única";"Não existe";"";""
"3763";2020-11-18;"09:31:00";"COM VÍTIMA";"FINALIZADA";"MORRO DA CONCEIÇÃO";"RUA DOIS DE FEVEREIRO";"146";"";"EM FRENTE AO DEPOSITO DE AGUA";"MORRO DA CONCEIÇÃO";NA;"SUBURBIO";"ABALROAMENTO LONGITUDINAL";"AUTO E MOTO.";1;1;0;0;0;0;0;0;0;1;0;"Longo da via";"Bom";"Não existe";"Não existente";"Seca";"Perfeito estado";"Não existe";"Não há placas";"";"Dupla";"Não existe";"";""
"3764";2020-11-18;"12:00:00";"COM VÍTIMA";"FINALIZADA";"BOA VIAGEM";"AV ENGENHEIRO DOMINGOS FERREIRA";"2742";"";"EM FRENTE A LOJA AREZZO. CERVEJA E TUDO.";"BOA VIAGEM";NA;"SUBURBIO";"COLISÃO TRASEIRA";"COM UMA VITIMA- BOMBEIROS NO LOCAL.";1;1;0;0;0;0;0;0;0;1;0;"Longo da via";"Bom";"Não existe";"Perfeito estado";"Seca";"Perfeito estado";"Não existe";"Não há placas";"";"Única";"Faixa seccionada";"";""
"3765";2020-11-18;"12:41:00";"COM VÍTIMA";"FINALIZADA";"AREIAS";"AV RECIFE";"";"";"LADO OPOSTO AO BIG BOMPREÇO";"AREIAS";618;"BR-101";"ABALROAMENTO LONGITUDINAL";"COLISAO ENTRE MOTO E AUTO COM VITIMAS";1;1;0;0;0;0;0;0;0;2;0;"Longo da via";"Bom";"Sem defeito";"Incompleta";"Seca";"Perfeito estado";"Não existe";"Não há placas";"";"Única";"Faixa contínua";"";""
"3766";2020-11-18;"16:56:00";"COM VÍTIMA";"FINALIZADA";"VÁRZEA";"AV CAXANGA";"";"";"EM FRENTE A INTEGRAÇÃO DA CAXANGA. DENTRO DO TI DA CAXANGÁ.";"VÁRZEA";NA;"SUBURBIO";"ATROPELAMENTO";"ATROPELAMENTO ENVOLVENDO ONIBUS E PEDESTRE";0;0;0;0;1;1;0;0;0;1;0;"Outros";"Bom";"Não existe";"Não existente";"Seca";"Perfeito estado";"Faixa de pedestre";"Não há placas";"20 km/h";"Única";"Não existe";"";""
"3767";2020-11-18;"19:23:00";"COM VÍTIMA";"FINALIZADA";"JORDÃO";"AV MARIA IRENE";"877";"";"EM FRENTE AO POSTO TOTAL- EM FRENTE A JORDÃO PEÇAS E SERVIÇOS";"JORDÃO";NA;"SUBURBIO";"ABALROAMENTO TRANSVERSAL";"COLISÃO ENTRE AUTO E MOTO- COM VÍTIMAS";1;1;0;0;0;0;0;0;0;1;0;"Longo da via";"Bom";"Não existe";"Ilegível";"Seca";"Perfeito estado";"Não existe";"Não há placas";"";"Dupla";"Faixa seccionada";"";""
"3768";2020-11-18;"19:48:00";"SEM VÍTIMA";"FINALIZADA";"PARNAMIRIM";"EST DO ENCANAMENTO";"";"";"EM FRENTE A PRAÇA DE PARNAMIRIM- AO LADO DA FARMACIA DROGASIL";"PARNAMIRIM";358;"";"COLISÃO";"COLISÃO ENTRE TRÊS AUTOS SEM VITIMAS- UMA DAS PARTES APRESENTA FORTES SINTOMAS DE EMBRIAGUEZ";3;0;0;0;0;0;0;0;0;0;0;"";"";"";"";"";"";"";"";"";"";"";"";""