"";"data";"hora";"natureza_acidente";"situacao";"bairro";"endereco";"numero";"detalhe_endereco_acidente";"complemento";"bairro_cruzamento";"num_semaforo";"sentido_via";"tipo";"descricao";"auto";"moto";"ciclom";"ciclista";"pedestre";"onibus";"caminhao";"viatura";"outros";"vitimas";"vitimasfatais";"acidente_verificado";"tempo_clima";"situacao_semaforo";"sinalizacao";"condicao_via";"conservacao_via";"ponto_controle";"situacao_placa";"velocidade_max_via";"mao_direcao";"divisao_via1";"divisao_via2";"divisao_via3"
"3769";2020-11-19;"16:08:00";"COM VÍTIMA";"FINALIZADA";"IMBIRIBEIRA";"RUA ITAJAI";"162";"RUA PAMPULHA";"EM FRENTE A CASA BRANCA RECEPÇÕES. PORTO DELICATESSEN";"IMBIRIBEIRA";NA;"";"ABALROAMENTO TRANSVERSAL";"COLISÃO COM VÍTIMA";1;1;0;0;0;0;0;0;0;1;0;"Cruzamento";"Bom";"Não existe";"Perfeito estado";"Seca";"Perfeito estado";"Faixa de retenção";"Placas Pare";"";"Dupla";"Faixa contínua";"Faixa seccionada";""
"3770";2020-11-19;"16:52:00";"SEM VÍTIMA";"FINALIZADA";"CABANGA";"AV ENGENHEIRO JOSE ESTELITA";"";"";"E/F AO CATAMARAN";"CABANGA";NA;"";"COLISÃO";"COLISAO ENTRE A VT O FICIAL DO BOPE E CAMINHAO DE GAS";0;0;0;0;0;0;1;1;0;0;0;"Não informado";"Bom";"Não existe";"";"Outros";"Outros";"Outros";"Outras";"N/I";"Única";"Outros";"";""
"3771";2020-11-19;"17:30:00";"COM VÍTIMA";"FINALIZADA";"AFOGADOS";"RUA SAO MIGUEL";"1031";"";"EM FRENTE A EMPRESA SENO";"AFOGADOS";NA;"CIDADE";"ATROPELAMENTO";"ATROPELAMENTO COM VÍTIMA";0;1;0;0;1;0;0;0;0;1;0;"Longo da via";"Bom";"Não existe";"Incompleta";"Seca";"Mal conservada";"Não existe";"R-6a";"";"Dupla";"Faixa contínua";"";""
"3772";2020-11-19;"18:39:00";"COM VÍTIMA";"FINALIZADA";"CAMPO GRANDE";"EST DE BELEM";"1838";"";"E/F A IGREJA BATISTA. COM A RUA LUIS CORREA DE BRITO (OLINDA).";"CAMPO GRANDE";NA;"CIDADE";"COLISÃO COM CICLISTA";"ENTRE AUTO E CICILISTA. C/V (( SUSPEITA DE EMBRIAGUEZ O CONDUTOR DO CARRO)))";1;0;0;1;0;0;0;0;0;1;0;"Rotatória";"Bom";"Não existe";"Perfeito estado";"Seca";"Perfeito estado";"";"R-6a";"30 km/h";"Única";"Faixa contínua";"";""
"3773";2020-11-19;"21:08:00";"SEM VÍTIMA";"FINALIZADA";"VÁRZEA";"AV AFONSO OLINDENSE";"1764";"";"E/F A UPINHA";"VÁRZEA";NA;"";"COLISÃO";"AUTO X MOTO.. S/V";1;1;0;0;0;0;0;0;0;0;0;"Longo da via";"Bom";"Não existe";"Perfeito estado";"Seca";"Outros";"Não existe";"R-6c";"N/I";"Dupla";"Faixa contínua";"";""
"3774";2020-11-19;"23:20:00";"VÍTIMA FATAL";"FINALIZADA";"BEBERIBE";"AV BEBERIBE";"4231";"RUA SAPUCAIA DO SUL";"SEMÁFORO 314 / APÓS A PIZZARIA DO RUSH";"BEBERIBE";314;"";"COLISÃO FRONTAL";"ÕNIBUS X MOTO. C/V";0;1;0;0;0;1;0;0;0;1;1;"Longo da via";"Bom";"Sem defeito";"Perfeito estado";"Seca";"Mal conservada";"Não existe";"Não há placas";"";"Dupla";"Faixa contínua";"";""
"3775";2020-11-20;"01:01:00";"COM VÍTIMA";"FINALIZADA";"BOA VIAGEM";"RUA GENERAL EDSON AMANCIO RAMALHO";"940";"RUA FELIX DE BRITO E MELO";"EM FRENTE AO BIG BOMPREÇO. EDF. GOLDEN WAY.";"BOA VIAGEM";544;"CIDADE";"ABALROAMENTO TRANSVERSAL";"COLISÃO DOIS AUTOS";2;0;0;0;0;0;0;0;0;1;0;"Cruzamento";"Bom";"Sem defeito";"Perfeito estado";"Seca";"Perfeito estado";"Faixa de pedestre";"Outras";"";"Única";"Faixa contínua";"";""
"3776";2020-11-20;"07:28:00";"COM VÍTIMA";"FINALIZADA";"BOA VIAGEM";"AV ENGENHEIRO DOMINGOS FERREIRA";"3360";"RUA FAUSTINO PORTO";"EM FRENTE A LOJA FAVORITA";"BOA VIAGEM";NA;"";"ABALROAMENTO LONGITUDINAL";"COM UMA VITIMA -SAMU NO LOCAL";1;1;0;0;0;0;0;0;0;1;0;"Longo da via";"Bom";"Não existe";"Perfeito estado";"Seca";"Perfeito estado";"Não existe";"Não há placas";"";"Dupla";"Canteiro central";"";""
"3777";2020-11-20;"08:18:00";"VÍTIMA FATAL";"FINALIZADA";"DOIS IRMÃOS";"RUA MANUEL DE MEDEIROS";"";"";"PROX DA RURAL / AO LADO DO BAR DA CURVA.";"DOIS IRMÃOS";NA;"";"COLISÃO FRONTAL";"TRES AUTOS";3;0;0;0;0;0;0;0;0;0;1;"Longo da via";"Bom";"Não existe";"Perfeito estado";"Seca";"Perfeito estado";"Não existe";"Não há placas";"";"Dupla";"Não existe";"";""
"3778";2020-11-20;"10:23:00";"COM VÍTIMA";"FINALIZADA";"APIPUCOS";"RUA DE APIPUCOS";"430";"";"AO LADO DO ARCADIA DE APIPUCOS. CAMATEX.";"APIPUCOS";NA;"SUBURBIO";"COLISÃO TRASEIRA";"COM UMA VITIMA -SOCORRIDA PELO SAMU";1;1;0;0;0;0;0;0;0;1;0;"Longo da via";"Bom";"Não existe";"Perfeito estado";"Seca";"Perfeito estado";"Não existe";"Não há placas";"";"Dupla";"Faixa contínua";"";""
"3779";2020-11-20;"15:07:00";"COM VÍTIMA";"FINALIZADA";"BOA VIAGEM";"AV ENGENHEIRO DOMINGOS FERREIRA";"348";"";"PROX AO ARMAZEM BEIRA MAR. LADO OPOSTO AO NÚMERO INFORMADO.";"BOA VIAGEM";NA;"SUBURBIO";"ABALROAMENTO LONGITUDINAL";"MOTO X CARRO / VT 23 NO LOCAL SUB INSP LUCIANO";1;1;0;0;0;0;0;0;0;1;0;"Longo da via";"Bom";"Não existe";"Perfeito estado";"Seca";"Perfeito estado";"Não existe";"Não há placas";"";"Única";"Faixa contínua";"";""
"3780";2020-11-20;"17:04:00";"SEM VÍTIMA";"FINALIZADA";"ILHA DO LEITE";"PTE JOSE DE BARROS LIMA";"";"";"";"ILHA DO LEITE";NA;"BOA VIAGEM";"COLISÃO";"";0;0;0;0;0;0;0;0;0;0;0;"";"";"";"";"";"";"";"";"";"";"";"";""
"3781";2020-11-20;"17:16:00";"COM VÍTIMA";"FINALIZADA";"ILHA DO RETIRO";"RUA SPORT CLUBE DO RECIFE";"";"";"EM FRENTE AO CLUBE DO SPORT SENTIDO AGAMENOM";"ILHA DO RETIRO";NA;"CIDADE";"ABALROAMENTO LONGITUDINAL";"COLISAO ENVOLVENDO AUTO E MOTO COM VITIMA";1;1;0;0;0;0;0;0;0;2;0;"Longo da via";"Bom";"Não existe";"Perfeito estado";"Seca";"Perfeito estado";"Não existe";"R-6a";"";"Dupla";"Faixa seccionada";"";""
"3782";2020-11-20;"18:28:00";"COM VÍTIMA";"FINALIZADA";"CABANGA";"AV SUL";"";"";"SENTIDO CIDADE";"CABANGA";260;"CIDADE";"COLISÃO COM CICLISTA";"VEÍCULO NÃO IDENTIFICADO COLIDIU EM UM CICLISTA.";0;0;0;1;0;0;0;0;0;1;0;"Longo da via";"Bom";"Sem defeito";"Perfeito estado";"Seca";"Perfeito estado";"Faixa de pedestre";"Não há placas";"";"Dupla";"Canteiro central";"";""
"3783";2020-11-20;"19:09:00";"COM VÍTIMA";"FINALIZADA";"BONGI";"EST DO BONGI";"388";"";"PROXIMO DA DELEGACIA DO BONGI- PROXIMO DE GL REFRIGERAÇÃO AUTOMOTIVA";"BONGI";NA;"SUBURBIO";"ATROPELAMENTO";"ATROPELAMENTO ENVOLVENDO MOTO E PEDESTRE- C/V";0;1;0;0;1;0;0;0;0;2;0;"Longo da via";"Bom";"Não existe";"Perfeito estado";"Seca";"Perfeito estado";"Não existe";"Não há placas";"";"Única";"Faixa seccionada";"";""
"3784";2020-11-21;"13:17:00";"COM VÍTIMA";"FINALIZADA";"BOA VIAGEM";"AV ENGENHEIRO DOMINGOS FERREIRA";"";"RUA ALEXANDRINO MARTINS RODRIGUES";"E/F AO BOMPREÇO";"BOA VIAGEM";303;"SUBURBIO";"COLISÃO TRASEIRA";"COLISAO ENTRE AUTO E MOTO COM UMA VITIMA VT 03 BATEDORES DA 13 E 32 NO LOCAL";1;1;0;0;0;0;0;0;0;1;0;"Longo da via";"Bom";"Sem defeito";"";"Seca";"Perfeito estado";"Faixa de pedestre";"Outras";"";"Dupla";"Faixa contínua";"Canteiro central";""
"3785";2020-11-21;"16:36:00";"SEM VÍTIMA";"FINALIZADA";"BOA VIAGEM";"AV BOA VIAGEM";"6274";"";"";"BOA VIAGEM";NA;"CIDADE";"ABALROAMENTO LONGITUDINAL";"COLISÃO SEM VÍTIMA/ COM VEÍCULO OFICIAL";2;0;0;0;0;0;0;0;0;0;0;"Longo da via";"Bom";"Sem defeito";"Perfeito estado";"Seca";"Perfeito estado";"Não existe";"";"60 km/h";"Única";"Faixa contínua";"Faixa seccionada";""
"3786";2020-11-21;"16:47:00";"COM VÍTIMA";"FINALIZADA";"IMBIRIBEIRA";"AV MARECHAL MASCARENHAS DE MORAES";"";"";"EM FRENTE AO IBIS HOTEL/ SENTIDO CIDADE";"IMBIRIBEIRA";NA;"CIDADE";"ATROPELAMENTO";"ATROPELAMENTO COM VÍTIMA";1;0;0;0;1;0;0;0;0;1;0;"Longo da via";"Bom";"Não existe";"Perfeito estado";"Seca";"Perfeito estado";"Não existe";"Não há placas";"";"Única";"Faixa contínua";"";""
"3787";2020-11-21;"19:46:00";"SEM VÍTIMA";"CANCELADA";"ÁGUA FRIA";"RUA SAO SEBASTIAO";"1556";"";"PRÓX AO TERMINAL DE ÁGUA FRIA / E/F AO CANAL";"ÁGUA FRIA";NA;"";"COLISÃO";"ENTRE 2 AUTOS ( A OUTRA PARTE APRESENTA SINAIS FORTES DE EMBRIAGUEZ E ESTA BASTANTE VIOLENTO ) S/V";2;0;0;0;0;0;0;0;0;0;0;"";"";"";"";"";"";"";"";"";"";"";"";""
"3788";2020-11-21;"23:20:00";"SEM VÍTIMA";"FINALIZADA";"NOVA DESCOBERTA";"AV NORTE";"1049";"";"AO LADO DA PRAÇA DOS TAXISTAS";"NOVA DESCOBERTA";65;"";"COLISÃO TRASEIRA";"DOIS AUTO  OBS:: SUSPEITA DE EMBRIAGUES";2;0;0;0;0;0;0;0;0;0;0;"Longo da via";"Bom";"Sem defeito";"Perfeito estado";"Seca";"Perfeito estado";"Faixa de pedestre";"Outras";"";"Dupla";"Canteiro central";"";""
"3789";2020-11-21;"23:36:00";"COM VÍTIMA";"FINALIZADA";"IPSEP";"RUA JEAN EMILE FAVRE";"";"RUA PAMPULHA";"PROX A PRAÇA MAURICEIA SENTIDO BOA VIAGEM E FARMACIA DIARIAMENTE";"IPSEP";564;"BOA VIAGEM";"ABALROAMENTO TRANSVERSAL";"DOIS AUTOS";2;0;0;0;0;0;0;0;0;1;0;"Cruzamento";"Bom";"Sem defeito";"Não existente";"Seca";"Perfeito estado";"Não existe";"Não há placas";"";"Única";"Não existe";"";""
"3790";2020-11-22;"03:40:00";"SEM VÍTIMA";"CANCELADA";"MADALENA";"AV ENGENHEIRO ABDIAS DE CARVALHO";"";"EST DOS REMEDIOS";"DROGASIL- SENTIDO 232";"MADALENA";NA;"";"COLISÃO";"SEM VÍTIMAS- CONDUTOR COM SUSPEITA DE EMBRIAGUEZ";2;0;0;0;0;0;0;0;0;0;0;"";"";"";"";"";"";"";"";"";"";"";"";""
"3791";2020-11-22;"08:20:00";"COM VÍTIMA";"FINALIZADA";"CORDEIRO";"AV CAXANGA";"2811";"";"EM FRENTE A JBS VEÍCULOS. MASSARELLA GRILL";"CORDEIRO";NA;"CIDADE";"COLISÃO COM CICLISTA";"COM UMA VITIMA AGUARDANDO SOCORRO-VT 24 DA CTTU NO LOCAL-GM DIEGO MONTEIRO E GM LUANA";1;0;0;1;0;0;0;0;0;1;0;"Longo da via";"Bom";"Não existe";"Incompleta";"Seca";"Perfeito estado";"Não existe";"R-32";"";"Única";"Faixa contínua";"Faixa seccionada";""
"3792";2020-11-22;"08:28:00";"COM VÍTIMA";"FINALIZADA";"ALTO SANTA TERESINHA";"RUA TAMBOARA";"548";"";"HA 100 METROS DA ASSEMBLEIA DE DEUS";"ALTO SANTA TERESINHA";NA;"CIDADE";"ABALROAMENTO LONGITUDINAL";"COM VITIMAS AGUARDANDO SAMU";1;1;0;0;0;0;0;0;0;2;0;"Longo da via";"Bom";"Não existe";"Perfeito estado";"Seca";"Perfeito estado";"Não existe";"R-6a";"";"Dupla";"Faixa seccionada";"";""
"3793";2020-11-22;"11:47:00";"SEM VÍTIMA";"FINALIZADA";"IPUTINGA";"RUA DR JOSE ANASTACIO DA SILVA GUIMARAES";"630";"";"EM FRENTE AO SUPERMERCADO ECONOMICO";"IPUTINGA";NA;"";"COLISÃO";"COLISÃO COM SUSPEITA DE ALCOOLEMIA/ INFORMA QUE AO LONGO DA VIA O CONDUTOR COLIDIU COM 2 VEICULOS";3;0;0;0;0;0;0;0;0;0;0;"";"";"";"";"";"";"";"";"";"";"";"";""
"3794";2020-11-22;"23:26:00";"SEM VÍTIMA";"FINALIZADA";"BOA VIAGEM";"AV ENGENHEIRO DOMINGOS FERREIRA";"3436";"RUA PADRE CARAPUCEIRO";"FAIXA DA DIREITA DA DOMINGOS FERREIRA- EM FRENTE AO GOSTO DE BOLO- AO LADO DO BANCO DO BRASIL";"BOA VIAGEM";NA;"";"COLISÃO";"COLISÃO ENTRE VIATURA DA PM E AUTO- S/V";1;0;0;0;0;0;0;1;0;0;0;"Longo da via";"Bom";"Sem defeito";"Perfeito estado";"Seca";"Perfeito estado";"Faixa de pedestre";"Outras";"N/I";"Única";"Canteiro central";"";""
"3795";2020-11-23;"08:32:00";"COM VÍTIMA";"FINALIZADA";"BOA VIAGEM";"RUA GENERAL SALGADO";"820";"RUA COSMORAMA";"EM FRENTE AO  EDIFICIO CHATEAU  HERMITAGE. PRÓXIMO A SHARK ARENA.";"BOA VIAGEM";NA;"";"ABALROAMENTO TRANSVERSAL";"COLISÃO COM VITIMA";2;0;0;0;0;0;0;0;0;1;0;"Cruzamento";"Bom";"Não existe";"Perfeito estado";"Seca";"Perfeito estado";"Não existe";"Placas Pare";"";"Dupla";"Não existe";"";""
"3796";2020-11-23;"19:02:00";"COM VÍTIMA";"FINALIZADA";"IMBIRIBEIRA";"AV RECIFE";"";"";"DECIDA DO ACESSO SENTIDO AV MASCARENHAS DE MORAIS";"IMBIRIBEIRA";NA;"AFOGADOS";"CHOQUE OBJETO FIXO";"AUTO COLIDIU CO O GELO BAIANO";1;0;0;0;0;0;0;0;0;1;0;"";"";"";"";"";"";"";"";"";"";"";"";""
"3797";2020-11-23;"19:07:00";"SEM VÍTIMA";"FINALIZADA";"IPSEP";"RUA PINTOR ANTONIO ALBUQUERQUE";"16";"RUA ABDIAS CABRAL DE MOURA";"AO LADO DO POSTO SHELL";"IPSEP";NA;"";"CHOQUE OBJETO FIXO";"CAMINHÃO CHOCOU-SE CONTRA O POSTE- CAUSANDO A QUEDA DO MESMO";0;0;0;0;0;0;1;0;0;0;0;"Longo da via";"Bom";"Não existe";"Perfeito estado";"Seca";"Perfeito estado";"Outros";"R-6a";"30KM";"Única";"Outros";"";""
"3798";2020-11-23;"19:39:00";"COM VÍTIMA";"FINALIZADA";"BOA VIAGEM";"AV ENGENHEIRO DOMINGOS FERREIRA";"4036";"RUA RIBEIRO DE BRITO";"E/F A MORADA DO SOL E AO PET SHOP AMIGO DO BIXO";"BOA VIAGEM";NA;"";"COLISÃO";"ENTRE MOTO E AUTO PASSEIO. C/V";1;1;0;0;0;0;0;0;0;1;0;"";"";"";"";"";"";"";"";"";"";"";"";""
"3799";2020-11-23;"19:47:00";"COM VÍTIMA";"FINALIZADA";"IMBIRIBEIRA";"AV PINHEIROS";"473";"RUA ARQUITETO LUIZ NUNES";"NO CRUZAMENTO COM A ARQUITETO LUIZ NUNES.";"IMBIRIBEIRA";537;"CIDADE";"COLISÃO FRONTAL";"COLISAO ENTRE AUTO E MOTO COM VITIMA";1;1;0;0;0;0;0;0;0;1;0;"Cruzamento";"Bom";"Sem defeito";"Perfeito estado";"Seca";"Perfeito estado";"Não existe";"Não há placas";"";"Dupla";"Faixa contínua";"";""
"3800";2020-11-24;"09:54:00";"COM VÍTIMA";"FINALIZADA";"APIPUCOS";"RUA DE APIPUCOS";"600";"";"EM FRENTE AO MOTEL SENZALA";"APIPUCOS";NA;"DOIS IRMÃOS";"COLISÃO FRONTAL";"2 AUTOS.";2;0;0;0;0;0;0;0;0;2;0;"Longo da via";"Bom";"Sem defeito";"Perfeito estado";"Seca";"Perfeito estado";"";"R-6a";"";"Dupla";"Faixa contínua";"";""
"3801";2020-11-24;"10:13:00";"COM VÍTIMA";"FINALIZADA";"PAISSANDU";"AV GOVERNADOR AGAMENON MAGALHAES";"4318";"";"EM FRENTE AO EMPRESARIAL RENATO DIAS";"PAISSANDU";NA;"SUBURBIO";"ATROPELAMENTO";"COM VITIMA";1;1;0;0;1;0;0;0;0;1;0;"Longo da via";"Bom";"Não existe";"Perfeito estado";"Seca";"Perfeito estado";"Não existe";"Outras";"";"Dupla";"Faixa seccionada";"";""
"3802";2020-11-24;"12:39:00";"COM VÍTIMA";"FINALIZADA";"VÁRZEA";"RUA PROFESSOR ANTONIO COELHO";"455";"RUA ODON RODRIGUES DE MORAIS REGO";"RUA DO COLÉGIO PONTUAL / PRÓX AO HAPVIDA DA CAXANGÁ";"VÁRZEA";NA;"SUBURBIO";"COLISÃO COM CICLISTA";"COLISÃO COM CICLISTA. SAMU NO LOCAL.";1;0;0;1;0;0;0;0;0;1;0;"Cruzamento";"Bom";"Não existe";"Perfeito estado";"Seca";"Perfeito estado";"Não existe";"Placas Pare";"30 km/h";"Dupla";"Não existe";"";""
"3803";2020-11-24;"12:50:00";"SEM VÍTIMA";"FINALIZADA";"JARDIM SÃO PAULO";"RUA LEANDRO BARRETO";"159";"";"PRÓXIMO À IGREJA DE JESUS CRISTO DOS SANTOS DOS ÚLTIMOS DIAS";"JARDIM SÃO PAULO";NA;"SUBURBIO";"COLISÃO TRASEIRA";"COLISÃO COM VEÍCULO OFICIAL";2;0;0;0;0;0;0;0;0;0;0;"Longo da via";"Bom";"Não existe";"Não existente";"Seca";"Perfeito estado";"Faixa de pedestre";"Não há placas";"";"Dupla";"Faixa contínua";"";""
"3804";2020-11-24;"13:45:00";"COM VÍTIMA";"FINALIZADA";"BOA VISTA";"RUA DA AURORA";"";"RUA MAMEDE SIMOES";"EM FRENTE AO GINÁSIO PERNAMBUCANO";"BOA VISTA";NA;"SUBURBIO";"COLISÃO TRASEIRA";"COLISÃO COM VÍTIMA";1;1;0;0;0;0;0;0;0;1;0;"Longo da via";"Bom";"Sem defeito";"Perfeito estado";"Seca";"Perfeito estado";"Faixa de pedestre";"Não há placas";"";"Única";"Faixa seccionada";"";""
"3805";2020-11-24;"17:14:00";"COM VÍTIMA";"FINALIZADA";"VÁRZEA";"AV AFONSO OLINDENSE";"366";"";"PLANETA MAR PESCADO";"VÁRZEA";NA;"";"ABALROAMENTO LONGITUDINAL";"COLISÃO AUTO E MOTO";1;1;0;0;0;0;0;0;0;2;0;"Longo da via";"Bom";"Não existe";"Perfeito estado";"Seca";"Perfeito estado";"Não existe";"Não há placas";"";"Dupla";"Faixa contínua";"";""
"3806";2020-11-24;"18:44:00";"COM VÍTIMA";"FINALIZADA";"ENCRUZILHADA";"EST DE BELEM";"190";"RUA DONA JULIETA";"EM FRENTE A PAROQUI NOSSA SENHORA DE BELEM- AO LADO DO VAN LONG ENCRUZILHADA. EDF. JÚLIO II";"ENCRUZILHADA";NA;"SUBURBIO";"ABALROAMENTO TRANSVERSAL";"COLISÃO AUTO E MOTO- C/V";1;1;0;0;0;0;0;0;0;1;0;"Cruzamento";"Bom";"Não existe";"Perfeito estado";"Seca";"Perfeito estado";"";"Não há placas";"";"Dupla";"Faixa contínua";"";""
"3807";2020-11-24;"21:14:00";"COM VÍTIMA";"FINALIZADA";"SANTO AMARO";"AV CRUZ CABUGA";"644";"RUA DOIS DE JULHO";"EM FRENTE A IGREJA MISSIONARIA";"SANTO AMARO";NA;"SUBURBIO";"ABALROAMENTO TRANSVERSAL";"COLISÃO ENTRE AUTO E MOTO COM VITIMA- VT-26 NO LOCAL";1;1;0;0;0;0;0;0;0;1;0;"Esquina";"Bom";"Sem defeito";"Perfeito estado";"Seca";"Perfeito estado";"Faixa de pedestre";"Outras";"";"Dupla";"Faixa seccionada";"";""
"3808";2020-11-25;"09:04:00";"COM VÍTIMA";"FINALIZADA";"CABANGA";"RUA DILERMANO REIS";"25";"RUA COMANDANTE ANTONIO MANHAES DE MATTOS";"AO LADO DA COMPESA.";"CABANGA";NA;"SUBURBIO";"COLISÃO COM CICLISTA";"ONIBUS E CICLISTA C/V";0;0;0;1;0;1;0;0;0;1;0;"Longo da via";"Bom";"Não existe";"Perfeito estado";"Seca";"Perfeito estado";"Não existe";"Não há placas";"30 km/h";"Dupla";"Faixa contínua";"";""
"3809";2020-11-25;"14:09:00";"COM VÍTIMA";"FINALIZADA";"ROSARINHO";"EST VELHA DE AGUA FRIA";"978";"";"E/F A FUNDAÇAO DA IBGE E ANTIGO DNOCS";"ROSARINHO";NA;"CIDADE";"ABALROAMENTO LONGITUDINAL";"COLISAO ENTRE AUTO E MOTO COM UMA VITIMA";1;1;0;0;0;0;0;0;0;1;0;"Longo da via";"Bom";"Sem defeito";"Perfeito estado";"Seca";"Perfeito estado";"Não existe";"Não há placas";"";"Dupla";"Faixa contínua";"";""
"3810";2020-11-25;"15:43:00";"COM VÍTIMA";"FINALIZADA";"TEJIPIÓ";"RUA FALCAO DE LACERDA";"354";"";"EM FRENTE A CLINICA AQUI DOUTOR E PROXIMO AO SEMÁFORO 285";"TEJIPIÓ";NA;"SUBURBIO";"ABALROAMENTO TRANSVERSAL";"COLISÃO COM VÍTIMA";1;1;0;0;0;0;0;0;0;1;0;"Longo da via";"Bom";"";"Incompleta";"Seca";"Mal conservada";"Não existe";"R-6a";"";"Dupla";"Não existe";"";""
"3811";2020-11-25;"17:04:00";"COM VÍTIMA";"CANCELADA";"SAN MARTIN";"AV GENERAL SAN MARTIN";"2774";"";"PROX AO COLEGIO ADVENTISTA";"SAN MARTIN";NA;"";"COLISÃO";"COLISAO ENTRE AUTO E MOTO COM UMA VITIMA";1;1;0;0;0;0;0;0;0;1;0;"";"";"";"";"";"";"";"";"";"";"";"";""
"3812";2020-11-25;"19:05:00";"COM VÍTIMA";"FINALIZADA";"SÃO JOSÉ";"RUA IMPERIAL";"981";"TRV DO RAPOSO";"E/F A FERRO E AÇO";"SÃO JOSÉ";510;"SUBURBIO";"ABALROAMENTO TRANSVERSAL";"COLISAO ENTRE DOIS AUTOS COM VITIMAS";2;0;0;0;0;0;0;0;0;1;0;"Cruzamento";"Bom";"Sem defeito";"Perfeito estado";"Seca";"Perfeito estado";"Faixa de pedestre";"";"";"Única";"Faixa contínua";"";""
"3813";2020-11-26;"06:25:00";"COM VÍTIMA";"CANCELADA";"ESTÂNCIA";"AV DR JOSE RUFINO";"";"";"EM FRENTE A IGREJA DE SANTA LUZIA";"ESTÂNCIA";NA;"";"COLISÃO";"COLISÃO COM VÍTIMA";1;1;0;0;0;0;0;0;0;2;0;"";"";"";"";"";"";"";"";"";"";"";"";""
"3814";2020-11-26;"11:03:00";"SEM VÍTIMA";"FINALIZADA";"IMBIRIBEIRA";"AV MARECHAL MASCARENHAS DE MORAES";"";"";"AO LADO DIREITO DA LINHA DO TREM";"IMBIRIBEIRA";NA;"";"CHOQUE OBJETO FIXO";"NA ENTRADA DO AEROPORTO CARRETA DERRUBOU UM POSTE.";0;0;0;0;0;0;1;0;0;0;0;"";"";"";"";"";"";"";"";"";"";"";"";""
"3815";2020-11-26;"11:30:00";"COM VÍTIMA";"CANCELADA";"TAMARINEIRA";"AV CONS ROSA E SILVA";"2342";"";"EM FRENTE AO POSTO IPIRANGA";"TAMARINEIRA";NA;"";"COLISÃO";"COLISÃO COM UMA VITIMA AGUARDANDO SOCORRO-VT 12 DA CTTU NO LOCAL";1;1;0;0;0;0;0;0;0;1;0;"";"";"";"";"";"";"";"";"";"";"";"";""
"3816";2020-11-26;"11:39:00";"COM VÍTIMA";"FINALIZADA";"JIQUIÁ";"AV DR JOSE RUFINO";"36";"RUA PASSO DA SANTA CRUZ";"APÓS A RUA ANTÔNIO CARNEIRO- EM FRENTE A FÁBRICA DE YOLANDA.";"JIQUIÁ";82;"SUBURBIO";"COLISÃO FRONTAL";"COM UMA VITIMA -SAMU NO LOCAL";0;1;0;0;0;0;1;0;0;1;0;"Longo da via";"Bom";"Não existe";"Perfeito estado";"Seca";"Perfeito estado";"Não existe";"Não há placas";"60 km/h";"Dupla";"Faixa contínua";"";""
"3817";2020-11-26;"12:15:00";"COM VÍTIMA";"FINALIZADA";"BEBERIBE";"AV BEBERIBE";"";"";"PRÓX AO BOMPREÇO E AO CAMPO DO ARRUDA";"BEBERIBE";NA;"";"COLISÃO";"COLISÃO COM VÍTIMA. VT 25 NO LOCAL.";1;1;0;0;0;0;0;0;0;1;0;"";"";"";"";"";"";"";"";"";"";"";"";""
"3818";2020-11-26;"12:51:00";"COM VÍTIMA";"FINALIZADA";"JOANA BEZERRA";"VDO PAPA JOAO PAULO II";"";"";"DESCIDA DO VIADUTO PAPA JOAO PAULO II - SENTIDO DERBY ANTES DA PASSARELA. AO LADO DO FORUM RODOLFO AURELIANO.";"JOANA BEZERRA";NA;"CIDADE";"ATROPELAMENTO";"ÔNIBUS BRT E PEDESTRE.";0;0;0;0;1;1;0;0;0;1;0;"Longo da via";"Bom";"Não existe";"Perfeito estado";"Seca";"Perfeito estado";"Não existe";"Não há placas";"";"Dupla";"Faixa seccionada";"Canteiro central";""
"3819";2020-11-26;"15:39:00";"COM VÍTIMA";"FINALIZADA";"DERBY";"AV GOVERNADOR AGAMENON MAGALHAES";"";"";"EM FRENTE À FARMÁCIA PAGUE MENOS / PRÓX À AGÊNCIA ITAÚ PERSONNALITÉ";"DERBY";NA;"SUBURBIO";"ABALROAMENTO LONGITUDINAL";"COLISÃO COM VÍTIMA";1;1;0;0;0;0;1;0;0;1;0;"Longo da via";"Bom";"Não existe";"Perfeito estado";"Seca";"Perfeito estado";"Outros";"Não há placas";"60 km/h";"Dupla";"Canal";"";""
"3820";2020-11-26;"16:04:00";"SEM VÍTIMA";"FINALIZADA";"PAISSANDU";"AV GOVERNADOR AGAMENON MAGALHAES";"";"";"EM FRENTE AO BRADESCO Nº 4481";"PAISSANDU";NA;"CIDADE";"COLISÃO TRASEIRA";"COLISÃO COM VEICULO OFICIAL- DA SECRETARIA DE MEIO AMBIENTE E SUSTETABILIDADE DE PERNAMBUCO";2;0;0;0;0;0;0;0;0;0;0;"";"Bom";"Sem defeito";"Perfeito estado";"Seca";"Perfeito estado";"Não existe";"Não há placas";"";"Única";"Canteiro central";"";""