"";"data";"hora";"natureza_acidente";"situacao";"bairro";"endereco";"numero";"detalhe_endereco_acidente";"complemento";"bairro_cruzamento";"num_semaforo";"sentido_via";"tipo";"descricao";"auto";"moto";"ciclom";"ciclista";"pedestre";"onibus";"caminhao";"viatura";"outros";"vitimas";"vitimasfatais";"acidente_verificado";"tempo_clima";"situacao_semaforo";"sinalizacao";"condicao_via";"conservacao_via";"ponto_controle";"situacao_placa";"velocidade_max_via";"mao_direcao";"divisao_via1";"divisao_via2";"divisao_via3"
"3983";2020-12-15;"19:14:00";"SEM VÍTIMA";"FINALIZADA";"CAMPO GRANDE";"EST DE BELEM";"1555";"";"E/F A PRAÇA DO TERMINAL DE ONIBUS DE CAMPO GRANDRE";"CAMPO GRANDE";NA;"";"COLISÃO";"COLISAO SEM VITIMAS ENTRE TRES VEICULOS";3;0;0;0;0;0;0;0;0;0;0;"";"";"";"";"";"";"";"";"";"";"";"";""
"3984";2020-12-15;"21:23:00";"COM VÍTIMA";"FINALIZADA";"VÁRZEA";"AV AFONSO OLINDENSE";"420";"";"E/F AO ANTIGO COLISEU- EMPRESA COOPERNORTE. SINPETRACOPE.";"VÁRZEA";NA;"PRAÇA DA VÁRZEA";"ABALROAMENTO TRANSVERSAL";"MOTO X ÕNIBUS. C/V";0;1;0;0;0;1;0;0;0;2;0;"Longo da via";"Bom";"Não existe";"Perfeito estado";"Seca";"Perfeito estado";"Não existe";"Não há placas";"";"Dupla";"Faixa seccionada";"";""
"3985";2020-12-16;"01:23:00";"COM VÍTIMA";"CANCELADA";"AFOGADOS";"RUA SAO MIGUEL";"116";"";"E/F AO CARTÓRIO DE AFOGADOS E DEPATRI";"AFOGADOS";NA;"CIDADE";"COLISÃO";"COLISÃO 2 AUTOS C/VITIMA (FIAT/UNO SE ENCONTRA CAPOTADO)";2;0;0;0;0;0;0;0;0;1;0;"";"";"";"";"";"";"";"";"";"";"";"";""
"3986";2020-12-16;"09:20:00";"COM VÍTIMA";"FINALIZADA";"VÁRZEA";"RUA CONEGO JOSE FERNANDES MACHADO";"41A";"";"RUA DA ANTENA DO UR7 VÁRZEA";"VÁRZEA";NA;"";"COLISÃO FRONTAL";"COM UMA VITIMA -AGUARDANDO SOCORRO";1;1;0;0;0;0;0;0;0;1;0;"Longo da via";"Bom";"Não existe";"Não existente";"Seca";"Perfeito estado";"Não existe";"Não há placas";"";"Dupla";"Não existe";"";""
"3987";2020-12-16;"09:48:00";"COM VÍTIMA";"FINALIZADA";"CORDEIRO";"EST DO FORTE DO ARRAIAL N. DO B. JESUS";"1291";"RUA TAMBORIL";"AO LADO DA PRAÇA AMPO DO 15. SELF SERVICE DA BENE.";"CORDEIRO";482;"SUBURBIO";"ABALROAMENTO LONGITUDINAL";"COM UMA VITIMA-SAMU ACIONADO";1;1;0;0;0;0;0;0;0;1;0;"Longo da via";"Bom";"Sem defeito";"Perfeito estado";"Seca";"Perfeito estado";"Não existe";"Não há placas";"30 km/h";"Dupla";"Faixa seccionada";"";""
"3988";2020-12-16;"10:49:00";"SEM VÍTIMA";"FINALIZADA";"MADALENA";"AV VISCONDE DE ALBUQUERQUE";"185";"RUA ARNALDO BASTOS";"PRÓXIMO AO BANCO ITAÚ";"MADALENA";NA;"CIDADE";"ABALROAMENTO LONGITUDINAL";"SEM VITIMAS/VIATURA DA PM";1;0;0;0;0;0;0;1;0;0;0;"Longo da via";"Bom";"Não existe";"Perfeito estado";"Seca";"Perfeito estado";"Faixa de pedestre";"";"";"Única";"Faixa seccionada";"";""
"3989";2020-12-16;"14:16:00";"SEM VÍTIMA";"FINALIZADA";"IPUTINGA";"RUA EMILIANO BRAGA";"97";"RUA MANOEL JOAQUIM DE ALMEIDA";"PB HOSPITALAR MATERIAIS HOSPITALARES ( EM FRENTE)";"IPUTINGA";NA;"SUBURBIO";"ABALROAMENTO TRANSVERSAL";"COLISÃO NO LOCAL E NÃO TEM VÍTIMAS - VEÍCULOS ATRAPALJHANDO A FLUIDEZ DE VEÍCULOS";2;0;0;0;0;0;0;0;0;0;0;"Cruzamento";"Bom";"Não existe";"Não existente";"Seca";"Perfeito estado";"Não existe";"Não há placas";"";"Dupla";"Não existe";"";""
"3990";2020-12-16;"14:42:00";"SEM VÍTIMA";"FINALIZADA";"BOA VIAGEM";"RUA PADRE GIORDANO";"57";"RUA PINHAL";"";"BOA VIAGEM";NA;"SUBURBIO";"ABALROAMENTO TRANSVERSAL";"COLISÃO COM VEÍCULO OFICIAL.";2;0;0;0;0;0;0;0;0;0;0;"Longo da via";"Bom";"Não existe";"Não existente";"Seca";"Perfeito estado";"Não existe";"Não há placas";"";"Dupla";"Não existe";"";""
"3991";2020-12-16;"17:33:00";"COM VÍTIMA";"FINALIZADA";"TORRE";"RUA CONDE DE IRAJA";"";"RUA REAL DA TORRE";"ESQUINA COM O EXTRA BOM";"TORRE";106;"AFOGADOS";"COLISÃO TRASEIRA";"COLISAO ENVOLVENDO AUTO E MOTO COM VITIMA";1;1;0;0;0;0;0;0;0;1;0;"Longo da via";"Bom";"Sem defeito";"Perfeito estado";"Seca";"Perfeito estado";"Faixa de pedestre";"R-6a";"50 km/h";"Única";"Faixa seccionada";"";""
"3992";2020-12-16;"17:35:00";"COM VÍTIMA";"FINALIZADA";"BOA VIAGEM";"RUA DOS NAVEGANTES";"2313";"RUA PROFESSOR JOSE BRANDAO";"";"BOA VIAGEM";NA;"SUBURBIO";"ABALROAMENTO TRANSVERSAL";"VÍTIMA SOCORRIDA PELO SAMU - MOTO NO LOCAL FICARÁ COM A RESPONSÁVEL XXX";1;1;0;0;0;0;0;0;0;1;0;"Longo da via";"Bom";"Não existe";"Perfeito estado";"Seca";"Perfeito estado";"Não existe";"Não há placas";"";"Dupla";"Não existe";"";""
"3993";2020-12-16;"18:22:00";"COM VÍTIMA";"FINALIZADA";"MADALENA";"EST DOS REMEDIOS";"";"RUA PADRE GABRIEL MOUSINHO";"";"MADALENA";NA;"CIDADE";"ABALROAMENTO LONGITUDINAL";"SITUAÇÃO REPASSADA PELO GTM JORGE";1;1;0;0;0;0;0;0;0;1;0;"Cruzamento";"Bom";"Não existe";"Perfeito estado";"Seca";"Perfeito estado";"Não existe";"Placas Pare";"";"Única";"Não existe";"";""
"3994";2020-12-16;"20:19:00";"COM VÍTIMA";"FINALIZADA";"BONGI";"EST DO BONGI";"919";"";"PRÓXIMO À DELEGACIA DA POLÍCIA CIVIL";"BONGI";NA;"SUBURBIO";"ABALROAMENTO TRANSVERSAL";"AUTO E MOTO";1;1;0;0;0;0;0;0;0;1;0;"Longo da via";"Bom";"Não existe";"Perfeito estado";"Seca";"Perfeito estado";"Não existe";"Outras";"";"Dupla";"Faixa contínua";"";""
"3995";2020-12-17;"08:29:00";"SEM VÍTIMA";"FINALIZADA";"";"RUA N S DO CARMO";"";"AV DANTAS BARRETO";"";"";NA;"";"COLISÃO";"COLISÃO ENTRE DOIS AUTOS SENDO UMA VT CORREGEDORIA";2;0;0;0;0;0;0;0;0;0;0;"Longo da via";"Bom";"";"Perfeito estado";"Seca";"Perfeito estado";"";"Não há placas";"40 km/h";"Dupla";"Faixa contínua";"";""
"3996";2020-12-17;"11:16:00";"COM VÍTIMA";"FINALIZADA";"SAN MARTIN";"RUA GOMES TABORDA";"";"AV GENERAL SAN MARTIN";"";"SAN MARTIN";67;"CIDADE";"TOMBAMENTO";"TOMBAMENTO DE MOTO";0;1;0;0;0;0;0;0;0;1;0;"Cruzamento";"Bom";"Sem defeito";"Perfeito estado";"Seca";"Perfeito estado";"Faixa de pedestre";"R-6a";"";"Dupla";"Faixa contínua";"";""
"3997";2020-12-17;"17:43:00";"COM VÍTIMA";"FINALIZADA";"BOA VISTA";"AV CONDE DA BOA VISTA";"";"RUA DOM BOSCO";"";"BOA VISTA";27;"SUBURBIO";"ABALROAMENTO LONGITUDINAL";"DUAS MOTOS COM VITIMA";0;2;0;0;0;0;0;0;0;1;0;"Cruzamento";"Bom";"Sem defeito";"Perfeito estado";"Seca";"Perfeito estado";"Faixa de pedestre";"Não há placas";"60 km/h";"Única";"Faixa contínua";"";""
"3998";2020-12-17;"19:40:00";"SEM VÍTIMA";"FINALIZADA";"IMBIRIBEIRA";"AV MARECHAL MASCARENHAS DE MORAES";"7935";"";"SEMAFORO Nº626";"IMBIRIBEIRA";NA;"CIDADE";"COLISÃO";"COLISAO DOIS AUTOS SEM VITIMAS";0;0;0;0;0;0;0;0;0;0;0;"Longo da via";"Bom";"Sem defeito";"Perfeito estado";"Seca";"Perfeito estado";"";"Não há placas";"60km/h";"Dupla";"Canteiro central";"";""
"3999";2020-12-17;"20:00:00";"COM VÍTIMA";"FINALIZADA";"PRADO";"EST DOS REMEDIOS";"";"AV ENGENHEIRO ABDIAS DE CARVALHO";"E/F À FARMACIA DROGASIL";"PRADO";52;"SUBURBIO";"ABALROAMENTO LONGITUDINAL";"COLISÃO AUTO X MOTO";1;1;0;0;0;0;0;0;0;2;0;"Cruzamento";"Bom";"Sem defeito";"Perfeito estado";"Seca";"Mal conservada";"Faixa de pedestre";"R-6a";"60 km/h";"Dupla";"Faixa contínua";"";""
"4000";2020-12-18;"07:32:00";"COM VÍTIMA";"FINALIZADA";"GRAÇAS";"AV GOVERNADOR AGAMENON MAGALHAES";"3158";"";"EM FRENTE AO MEDICAL CENTES- PISTA CENTRAL.";"GRAÇAS";NA;"SUBURBIO";"ABALROAMENTO LONGITUDINAL";"COLISÃO ENTRE AUTO E MOTOCICLETA";1;1;0;0;0;0;0;0;0;1;0;"Longo da via";"Bom";"Não existe";"Perfeito estado";"Seca";"Perfeito estado";"Não existe";"Não há placas";"60 km/h";"Dupla";"Canal";"";""
"4001";2020-12-18;"08:30:00";"COM VÍTIMA";"FINALIZADA";"ESPINHEIRO";"RUA GOMES PACHECO";"245";"RUA AFONSO BATISTA";"EM FRENTE AO POSTO SHELL";"ESPINHEIRO";NA;"SUBURBIO";"COLISÃO FRONTAL";"COLISÃO ENTRE AUTO E MOTOCICLETA";1;1;0;0;0;0;0;0;0;1;0;"Cruzamento";"Bom";"Não existe";"Incompleta";"Seca";"Perfeito estado";"Não existe";"R-4a";"";"Dupla";"";"";""
"4002";2020-12-18;"09:30:00";"COM VÍTIMA";"FINALIZADA";"APIPUCOS";"RUA DE APIPUCOS";"685";"";"AÇUDE DE APIPUCOS";"APIPUCOS";NA;"CIDADE";"COLISÃO FRONTAL";"COLISÃO COM UMA VÍTIMA";1;1;0;0;0;0;0;0;0;1;0;"Cruzamento";"Bom";"Sem defeito";"Perfeito estado";"Seca";"Perfeito estado";"Faixa de retenção";"R-6a";"60 km/h";"Dupla";"Faixa contínua";"";""
"4003";2020-12-18;"13:35:00";"COM VÍTIMA";"FINALIZADA";"SANTO AMARO";"AV GOVERNADOR AGAMENON MAGALHAES";"";"";"EM FRENTE A UPE.";"SANTO AMARO";465;"SUBURBIO";"ABALROAMENTO LONGITUDINAL";"AUTO E MOTO.";1;1;0;0;0;0;0;0;0;2;0;"Longo da via";"Bom";"Sem defeito";"Perfeito estado";"Seca";"Perfeito estado";"Faixa de pedestre";"R-19";"60 km/h";"Única";"Faixa seccionada";"";""
"4004";2020-12-18;"14:26:00";"COM VÍTIMA";"FINALIZADA";"BOA VISTA";"AV CONDE DA BOA VISTA";"785";"";"EM FRENTE AO SANTANDER";"BOA VISTA";NA;"CIDADE";"ABALROAMENTO LONGITUDINAL";"COLISÃO ENTRE AUTO E MOTOCICLETA";1;1;0;0;0;0;0;0;0;1;0;"Longo da via";"Bom";"Não existe";"Perfeito estado";"Seca";"Perfeito estado";"Não existe";"Outras";"40 km/h";"Dupla";"Canteiro central";"";""
"4005";2020-12-19;"01:12:00";"VÍTIMA FATAL";"FINALIZADA";"SANTO AMARO";"AV NORTE";"";"RUA TREZE DE MAIO";"COM RUA 13 DE MAIO";"SANTO AMARO";36;"CIDADE";"CHOQUE OBJETO FIXO";"VEÍCULO CHOCOU-SE CONTRA UM POSTE E UMA ÁRVORE ALÉM DO POSTE DA SEMAFORICA";1;0;0;0;0;0;0;0;0;1;1;"Cruzamento";"Bom";"Sem defeito";"Perfeito estado";"Seca";"Perfeito estado";"Faixa de pedestre";"Não há placas";"";"Dupla";"Canteiro central";"";""
"4006";2020-12-19;"20:45:00";"COM VÍTIMA";"FINALIZADA";"CORDEIRO";"AV GENERAL SAN MARTIN";"";"AV CAXANGA";"TERMINAL INTEGRADO CAXANGÁ III PERIMETRAL.";"CORDEIRO";NA;"CIDADE";"ABALROAMENTO LONGITUDINAL";"GOL VERMELHO X MOTO";1;1;0;0;0;0;0;0;0;1;0;"Longo da via";"Bom";"Sem defeito";"Ilegível";"Seca";"Perfeito estado";"Faixa de retenção";"R-6a";"60 km/h";"Única";"Faixa contínua";"";""
"4007";2020-12-20;"13:08:00";"COM VÍTIMA";"FINALIZADA";"AFOGADOS";"RUA SAO MIGUEL";"630";"";"LADO OPOSTO A CLAYTON AUTO PEÇAS E SERVIÇOS.";"AFOGADOS";NA;"SUBURBIO";"ABALROAMENTO LONGITUDINAL";"MOTO X GM SPIN";1;1;0;0;0;0;0;0;0;1;0;"Longo da via";"Bom";"Não existe";"Perfeito estado";"Seca";"Perfeito estado";"Não existe";"Não há placas";"";"Dupla";"Faixa contínua";"";""
"4008";2020-12-20;"13:07:00";"COM VÍTIMA";"FINALIZADA";"SÃO JOSÉ";"RUA DA CONCORDIA";"854";"RUA DO PEIXOTO";"";"SÃO JOSÉ";182;"CIDADE";"COLISÃO FRONTAL";"FIAT UNO X MOTO YAMAHA";1;1;0;0;0;0;0;0;0;1;0;"Cruzamento";"Bom";"Sem defeito";"Perfeito estado";"Seca";"Perfeito estado";"Outros";"Não há placas";"40 km/h";"Única";"Não existe";"";""
"4009";2020-12-20;"16:53:00";"COM VÍTIMA";"FINALIZADA";"IPSEP";"RUA JEAN EMILE FAVRE";"";"RUA RIO AMAZONAS";"SOB SEMÁFORO 527. PANIFICADORA PÃO NORTE.";"IPSEP";527;"";"ABALROAMENTO LONGITUDINAL";"AUTO E MOTO";1;0;1;0;0;0;0;0;0;1;0;"Cruzamento";"Bom";"Sem defeito";"Incompleta";"Seca";"Perfeito estado";"Outros";"Outras";"";"Dupla";"Faixa contínua";"";""
"4010";2020-12-20;"21:09:00";"SEM VÍTIMA";"FINALIZADA";"CABANGA";"PTE GOVERNADOR PAULO GUERRA";"";"";"COLISÃO ENVOLVENDO HB 20 E FIAT PUNTO ENVOLVENDO CONDUTOR COM SINTOMAS DE EMBRIAGUEZ";"CABANGA";NA;"";"COLISÃO";"";2;0;0;0;0;0;0;0;0;0;0;"Ponte";"Bom";"Não existe";"Perfeito estado";"Seca";"Perfeito estado";"Outros";"Não há placas";"";"Única";"Faixa contínua";"";""
"4011";2020-12-21;"07:19:00";"COM VÍTIMA";"FINALIZADA";"GRAÇAS";"AV GOVERNADOR AGAMENON MAGALHAES";"";"";"PRÓXIMO AO SEMÁFORO 174. EM FRENTE À ESCOLA ESTADUAL GOV. BARBOSA LIMA.";"GRAÇAS";174;"BOA VIAGEM";"COLISÃO COM CICLISTA";"AUTO E CICLISTA";1;0;0;1;0;0;0;0;0;1;0;"Longo da via";"Bom";"Sem defeito";"Perfeito estado";"Seca";"Perfeito estado";"Outros";"Outras";"60 km/h";"Dupla";"Canteiro central";"";""
"4012";2020-12-21;"11:31:00";"COM VÍTIMA";"FINALIZADA";"SANTO AMARO";"RUA DO POMBAL";"";"RUA DOS PALMARES";"CENTRO DE SAUDE PROF. VALDEMAR DE OLIVEIRA";"SANTO AMARO";NA;"";"ABALROAMENTO TRANSVERSAL";"COM VITIMA";1;1;0;0;0;0;0;0;0;1;0;"Cruzamento";"Bom";"Não existe";"Perfeito estado";"Seca";"Perfeito estado";"Faixa de pedestre";"R-34";"40 km/h";"Dupla";"Canteiro central";"";""
"4013";2020-12-21;"13:48:00";"COM VÍTIMA";"FINALIZADA";"SANTO AMARO";"AV NORTE";"";"PRC GENERAL ABREU E LIMA";"POR TRAS DO CEMITERIO DOS INGLESES";"SANTO AMARO";587;"CIDADE";"ABALROAMENTO LONGITUDINAL";"COLISAO ENTRE AUTO E MOTO COM VITIMA";1;1;0;0;0;0;0;0;0;1;0;"Cruzamento";"Bom";"Sem defeito";"Perfeito estado";"Seca";"Perfeito estado";"Outros";"Outras";"";"Dupla";"Faixa contínua";"";""
"4014";2020-12-21;"16:05:00";"COM VÍTIMA";"FINALIZADA";"ESPINHEIRO";"AV GOVERNADOR AGAMENON MAGALHAES";"2125";"";"EM FRENTE AO SANTANDER SELECT";"ESPINHEIRO";NA;"BOA VIAGEM";"ABALROAMENTO LONGITUDINAL";"COLISAO ENVOLVENDO AUTO E MOTO COM VITIMA";1;1;0;0;0;0;0;0;0;1;0;"Longo da via";"Bom";"Sem defeito";"Perfeito estado";"Seca";"Perfeito estado";"Não existe";"Outras";"";"Dupla";"Canal";"";""
"4015";2020-12-21;"16:24:00";"COM VÍTIMA";"FINALIZADA";"BOA VIAGEM";"AVENIDA CELSO FURTADO (VIA MANGUE)";"";"";"PROX A LOMBADA ELETRONICA. POSTE J013384.";"BOA VIAGEM";NA;"CIDADE";"COLISÃO TRASEIRA";"COLISAO ENTRE AUTO E MOTO COM VITIMA";1;1;0;0;0;0;0;0;0;1;0;"Longo da via";"Bom";"Não existe";"Perfeito estado";"Seca";"Perfeito estado";"Não existe";"Não há placas";"60 km/h";"Dupla";"Canteiro central";"";""
"4016";2020-12-21;"17:46:00";"COM VÍTIMA";"CANCELADA";"IBURA";"RUA DOIS";"149";"";"NA PRAÇA DA UR6";"IBURA";NA;"";"COLISÃO";"COLISAO ENTRE UM MICRO ONIBUS E MOTO COM UMA VITIMA";0;1;0;0;0;1;0;0;0;1;0;"";"";"";"";"";"";"";"";"";"";"";"";""
"4017";2020-12-21;"19:18:00";"SEM VÍTIMA";"FINALIZADA";"TORRE";"RUA PROFESSOR TRAJANO DE MENDONCA";"";"";"E/F AO POSTO SHELL / APÓS O ATACADO DOS PRESENTES";"TORRE";NA;"";"CHOQUE OBJETO FIXO";"CAMINHÃO CHOCOU-SE CONTRA O POSTE E EM SEGUIDA ARRASTOU OS FIOS DO MESMO. A FIAÇÃO ESTA CAIDA PELA VIA. S/V";0;0;0;0;0;0;1;0;0;0;0;"";"";"";"";"";"";"";"";"";"";"";"";""
"4018";2020-12-21;"19:26:00";"COM VÍTIMA";"FINALIZADA";"TORRE";"RUA REAL DA TORRE";"";"";"AO LADO DO ATACADO DOS PRESENTES";"TORRE";NA;"SUBURBIO";"ABALROAMENTO LONGITUDINAL";"COLISAO ENTRE AUTO E MOTO COM VITIMA";1;1;0;0;0;0;0;0;0;1;0;"Longo da via";"Bom";"Não existe";"Perfeito estado";"Seca";"Perfeito estado";"";"Não há placas";"40 km/h";"Única";"";"";""
"4019";2020-12-21;"20:28:00";"COM VÍTIMA";"FINALIZADA";"BAIRRO DO RECIFE";"CAIS DO APOLO";"222";"";"E/F AO PORTO DIGITAL";"BAIRRO DO RECIFE";NA;"CIDADE";"COLISÃO COM CICLISTA";"COLISAO ENTRE ONIBUS E CICLISTA";0;0;0;1;0;1;0;0;0;1;0;"Longo da via";"Bom";"Não existe";"Perfeito estado";"Seca";"Perfeito estado";"Não existe";"Outras";"";"Única";"Faixa seccionada";"";""
"4020";2020-12-21;"21:49:00";"COM VÍTIMA";"FINALIZADA";"TORRE";"RUA DIANOPOLIS";"";"RUA SOUZA BANDEIRA";"E/F AO EDFC VIVENDA DOS GIRASSOIS";"TORRE";317;"SUBURBIO";"COLISÃO FRONTAL";"COLISAO ENTRE AUTO E MOTO COM VITIMA";1;1;0;0;0;0;0;0;0;1;0;"Cruzamento";"Bom";"Intermitente";"Perfeito estado";"Seca";"Perfeito estado";"Faixa de pedestre";"R-6a";"30 km/h";"Dupla";"Faixa contínua";"";""
"4021";2020-12-22;"07:24:00";"COM VÍTIMA";"FINALIZADA";"MANGUEIRA";"RUA ALEXANDRE RODRIGUES FERREIRA";"563";"RUA MEDINA";"EM FRENTE AO ARMAZEM REDE CONSTRUIR";"MANGUEIRA";NA;"CIDADE";"COLISÃO COM CICLISTA";"COM DUA VITIMAS AGUARDANDO SAMU";1;0;0;1;0;0;0;0;0;2;0;"Cruzamento";"Bom";"Não existe";"Incompleta";"Seca";"Perfeito estado";"Não existe";"Não há placas";"";"Única";"Não existe";"";""
"4022";2020-12-22;"10:19:00";"COM VÍTIMA";"FINALIZADA";"SANTO AMARO";"AV CRUZ CABUGA";"";"";"EM FRENTE A ESCOLA DE APRENDIZES DE MARINHEIROS";"SANTO AMARO";NA;"";"COLISÃO";"MOTO 01 X MOTO 02";0;2;0;0;0;0;0;0;0;2;0;"";"";"";"";"";"";"";"";"";"";"";"";""
"4023";2020-12-22;"10:52:00";"SEM VÍTIMA";"FINALIZADA";"BOA VISTA";"RUA JOAO FERNANDES VIEIRA";"";"RUA OSVALDO CRUZ";"TEATRO WALDEMAR DE OLIVEIRA";"BOA VISTA";NA;"";"COLISÃO";"";2;0;0;0;0;0;0;0;0;0;0;"Longo da via";"Bom";"Não existe";"Perfeito estado";"Seca";"Perfeito estado";"Não existe";"Não há placas";"";"Única";"Faixa seccionada";"";""
"4024";2020-12-22;"11:44:00";"COM VÍTIMA";"FINALIZADA";"IMBIRIBEIRA";"AV MARECHAL MASCARENHAS DE MORAES";"1919";"";"EM FRENTE AO JUIZADO ESPECIAL DO RECIFE";"IMBIRIBEIRA";NA;"CIDADE";"COLISÃO TRASEIRA";"COM DUAS VITIMAS AGUARDANDO SAMU";1;1;0;0;0;0;0;0;0;2;0;"Longo da via";"Bom";"Não existe";"Perfeito estado";"Seca";"Perfeito estado";"Não existe";"Não há placas";"60 km/h";"Única";"Faixa seccionada";"";""
"4025";2020-12-22;"11:50:00";"COM VÍTIMA";"FINALIZADA";"CASA AMARELA";"AV NORTE";"3799";"RUA OSCAR DE BARROS";"";"CASA AMARELA";676;"SUBURBIO";"COLISÃO COM CICLISTA";"MOTOCICLETA X BICICLETA";0;1;0;1;0;0;0;0;0;1;0;"Cruzamento";"Bom";"Sem defeito";"Perfeito estado";"Seca";"Perfeito estado";"Faixa de pedestre";"R-6a";"";"Dupla";"Faixa contínua";"";""
"4026";2020-12-22;"14:58:00";"COM VÍTIMA";"FINALIZADA";"TORRE";"RUA JOSE BONIFACIO";"";"RUA JOSE DE HOLANDA";"EM FRENTE AO MERCADO TORRE";"TORRE";601;"";"COLISÃO";"COLISÃO MOTO X CARRO";1;1;0;0;0;0;0;0;0;1;0;"";"";"";"";"";"";"";"";"";"";"";"";""
"4027";2020-12-22;"16:08:00";"COM VÍTIMA";"FINALIZADA";"BOA VIAGEM";"AV CONSELHEIRO AGUIAR";"3384";"";"EM FRENTE AO ED. TROPICAL / APOS A CAIXA ECONIMICA";"BOA VIAGEM";NA;"SUBURBIO";"ATROPELAMENTO";"ONIBUS ATROPELOU PEDESTRE";0;0;0;0;1;1;0;0;0;1;0;"Longo da via";"Bom";"Sem defeito";"Perfeito estado";"Seca";"Perfeito estado";"Não existe";"Não há placas";"";"Única";"Não existe";"";""
"4028";2020-12-22;"17:22:00";"SEM VÍTIMA";"FINALIZADA";"PINA";"";"";"";"NA SAIDA DO TUNEL ANTONIO DE GOES";"PINA";NA;"";"COLISÃO";"COLISÃO - NÃO HOUVE VÍTIMA E OS ORIENTADORES E GMS SOLICITARAM REALIZAR O BATE PRONTO";0;0;0;0;0;0;0;0;0;0;0;"";"";"";"";"";"";"";"";"";"";"";"";""
"4029";2020-12-22;"17:41:00";"COM VÍTIMA";"FINALIZADA";"SÃO JOSÉ";"RUA SAO JOAO";"209";"RUA PASSO DA PATRIA";"";"SÃO JOSÉ";NA;"SUBURBIO";"ABALROAMENTO TRANSVERSAL";"V1 placa (motocicleta) X V2- PLACA";1;1;0;0;0;0;0;0;0;2;0;"Cruzamento";"Bom";"Não existe";"";"Seca";"Perfeito estado";"Não existe";"R-4b";"40 km/h";"Única";"Não existe";"";""
"4030";2020-12-22;"18:11:00";"COM VÍTIMA";"FINALIZADA";"BEBERIBE";"AV BEBERIBE";"2329";"";"LADO OPOSTO AO SUPERMERCADO SOBERANO";"BEBERIBE";NA;"CIDADE";"COLISÃO TRASEIRA";"AUTO E MOTO";1;1;0;0;0;0;0;0;0;1;0;"Longo da via";"Bom";"Não existe";"Não existente";"Seca";"Perfeito estado";"Não existe";"R-6a";"";"Dupla";"Faixa contínua";"";""
"4031";2020-12-23;"05:46:00";"SEM VÍTIMA";"CANCELADA";"ESPINHEIRO";"RUA JOSE LUIZ DA SILVEIRA BARROS";"63";"";"DEPOIS DO CRUZAMENTO DA RUA AMELIA";"ESPINHEIRO";NA;"";"CHOQUE";"";0;0;0;0;0;0;0;0;0;0;0;"";"";"";"";"";"";"";"";"";"";"";"";""
"4032";2020-12-23;"07:15:00";"COM VÍTIMA";"FINALIZADA";"MADALENA";"RUA JOAO IVO DA SILVA";"205";"";"SENTIDO AFOGADOS  NA SAÍDA DO TÚNEL DA ABOLIÇÃO.";"MADALENA";NA;"CIDADE";"ABALROAMENTO LONGITUDINAL";"COLISÃO COM VITIMAS A ESPERA DO SAMU";0;2;0;0;0;0;0;0;0;1;0;"Longo da via";"Bom";"Não existe";"Perfeito estado";"Seca";"Perfeito estado";"Não existe";"Não há placas";"";"Única";"Faixa contínua";"";""
"4033";2020-12-23;"08:30:00";"COM VÍTIMA";"FINALIZADA";"MANGUEIRA";"RUA VINTE E UM DE ABRIL";"2058";"RUA ALEXANDRE RODRIGUES FERREIRA";"EM FRENTE  A LOJA J.A PAPEIS";"MANGUEIRA";NA;"";"COLISÃO FRONTAL";"COLISÃO COM VITIMAS";1;1;0;0;0;0;0;0;0;2;0;"Cruzamento";"Bom";"Não existe";"Incompleta";"Seca";"Perfeito estado";"Não existe";"Placas Pare";"";"Dupla";"Não existe";"";""
"4034";2020-12-23;"08:38:00";"COM VÍTIMA";"FINALIZADA";"CORDEIRO";"RUA TIJUCA";"2";"AV ENGENHEIRO ABDIAS DE CARVALHO";"DROGAMAIA-AQUITEM";"CORDEIRO";422;"SUBURBIO";"ABALROAMENTO TRANSVERSAL";"COLISÃO COM VITIMAS";2;0;0;0;0;0;0;0;0;1;0;"Cruzamento";"Bom";"Sem defeito";"Perfeito estado";"Seca";"Perfeito estado";"Outros";"R-4a";"60 km/h";"Única";"Canteiro central";"";""
"4035";2020-12-23;"15:16:00";"COM VÍTIMA";"FINALIZADA";"AFOGADOS";"RUA SAO MIGUEL";"1166";"";"PROXIMO AO CHINA BOX";"AFOGADOS";NA;"AFOGADOS";"COLISÃO FRONTAL";"COLISÃO COM VÍTIMA";2;1;0;0;0;0;0;0;0;1;0;"Longo da via";"Bom";"Não existe";"Perfeito estado";"Seca";"Perfeito estado";"Não existe";"Não há placas";"50 km/h";"Dupla";"Faixa contínua";"";""
"4036";2020-12-23;"18:55:00";"COM VÍTIMA";"FINALIZADA";"MADALENA";"EST DOS REMEDIOS";"400";"";"PRÓX A GALERIA MADALENA CENTER 401";"MADALENA";NA;"SUBURBIO";"ABALROAMENTO TRANSVERSAL";"MOTO X AUTO. C/V";1;1;0;0;0;0;0;0;0;1;0;"Cruzamento";"Bom";"Não existe";"Não existente";"Seca";"Perfeito estado";"Não existe";"Placas Pare";"";"Única";"Faixa seccionada";"";""