"";"data";"hora";"natureza_acidente";"situacao";"bairro";"endereco";"numero";"detalhe_endereco_acidente";"complemento";"bairro_cruzamento";"num_semaforo";"sentido_via";"tipo";"descricao";"auto";"moto";"ciclom";"ciclista";"pedestre";"onibus";"caminhao";"viatura";"outros";"vitimas";"vitimasfatais";"acidente_verificado";"tempo_clima";"situacao_semaforo";"sinalizacao";"condicao_via";"conservacao_via";"ponto_controle";"situacao_placa";"velocidade_max_via";"mao_direcao";"divisao_via1";"divisao_via2";"divisao_via3"
"4037";2020-12-24;"06:24:00";"COM VÍTIMA";"FINALIZADA";"MORRO DA CONCEIÇÃO";"RUA DOIS DE FEVEREIRO";"137";"";"CASA / CENTRO ESPIRITA PEDRO CARNEIRO";"MORRO DA CONCEIÇÃO";NA;"";"ABALROAMENTO LONGITUDINAL";"COM VITIMA- AGUARDANDO SAMU NO LOCAL";0;1;0;0;0;1;0;0;0;1;0;"Longo da via";"Chuvoso";"Não existe";"Não existente";"";"Mal conservada";"Não existe";"Não há placas";"30 km/h";"Dupla";"Não existe";"";""
"4038";2020-12-24;"07:23:00";"COM VÍTIMA";"FINALIZADA";"CASA AMARELA";"AV NORTE";"5237";"RUA DA HARMONIA";"EM FRENTE A FARMACIA PAGUE MENOS";"CASA AMARELA";312;"";"COLISÃO";"COM DUAS VITIMAS- AGUARDANDO SAMU";1;1;0;0;0;0;0;0;0;2;0;"";"";"";"";"";"";"";"";"";"";"";"";""
"4039";2020-12-24;"07:59:00";"COM VÍTIMA";"FINALIZADA";"CAXANGÁ";"AV CAXANGA";"5532";"";"LADO OPOSTO AO RESIDENCIAL CAXANGÁ.";"CAXANGÁ";NA;"SUBURBIO";"COLISÃO COM CICLISTA";"AUTO E BICICLETA.";1;0;0;1;0;0;0;0;0;1;0;"Longo da via";"Bom";"Sem defeito";"Perfeito estado";"Seca";"Perfeito estado";"Faixa de pedestre";"Não há placas";"60 km/h";"Dupla";"Faixa seccionada";"";""
"4040";2020-12-24;"08:38:00";"COM VÍTIMA";"FINALIZADA";"NOVA DESCOBERTA";"RUA NOVA DESCOBERTA";"2061";"";"";"NOVA DESCOBERTA";NA;"VASCO DA GAMA";"COLISÃO";"COLISÃO ENTRE AUTOMÓVEL E MOTOCICLETA - A VT-25 SE DEPAROU COM A SITUAÇÃO E TINHA APENAS A VÍTIMA E O SAMU NO LOCAL - O VEÍCULO SE EVADIU E A MOTOCICLETA RETIRARAM DO LOCAL - EQUIPE DA VT 25 TOMARÁ TODAS AS PROVIDÊNCIAS PERANTE AS AUTORIDADES COMPETENTES.";1;1;0;0;0;0;0;0;0;1;0;"Longo da via";"Bom";"Não existe";"Perfeito estado";"Seca";"Perfeito estado";"Não existe";"R-6a";"";"Dupla";"Faixa seccionada";"";""
"4041";2020-12-24;"09:28:00";"SEM VÍTIMA";"FINALIZADA";"JORDÃO";"AV DONA CARENTINA";"20";"";"NA SUBIDA DA LADEIRA";"JORDÃO";NA;"";"CHOQUE OBJETO FIXO";"UM VEICULO SE CHOCOU COM UM POSTE- ONDE OS FIOS FICARAM SOLTOS NO MEIO DA VIA/ SOLICITANTE DIZ TER ENTRADO EM CONTATO COM A CELPE- PORÉM ESTÁ AGUARDANDO O ATENDIMENTO.";1;0;0;0;0;0;0;0;1;0;0;"Longo da via";"Chuvoso";"Não existe";"Perfeito estado";"Molhada";"Perfeito estado";"Não existe";"Não há placas";"";"Dupla";"Faixa contínua";"";""
"4042";2020-12-24;"09:35:00";"COM VÍTIMA";"FINALIZADA";"AFOGADOS";"RUA VINTE E UM DE ABRIL";"411";"";"EM FRENTE AO AFOGADOS CENTER";"AFOGADOS";NA;"";"COLISÃO";"COLISÃO COM UMA VITIMA -SAMU ACIONADO";0;1;1;0;0;0;0;0;0;1;0;"";"";"";"";"";"";"";"";"";"";"";"";""
"4043";2020-12-24;"11:47:00";"COM VÍTIMA";"FINALIZADA";"ALTO JOSÉ DO PINHO";"COR DO BARTOLOMEU";"";"RUA PADRE OLIVEIRA";"FEIRA DA RODINHA - PANIFICADORA SENHOR DO BOMFIM.";"ALTO JOSÉ DO PINHO";NA;"SUBURBIO";"ATROPELAMENTO";"ATROPELAMENTO";1;0;0;0;1;0;0;0;0;1;0;"Longo da via";"Bom";"Não existe";"Perfeito estado";"Seca";"Perfeito estado";"Não existe";"Outras";"";"Dupla";"Faixa contínua";"";""
"4044";2020-12-24;"13:21:00";"COM VÍTIMA";"FINALIZADA";"IMBIRIBEIRA";"AV MARECHAL MASCARENHAS DE MORAES";"";"";"EM FRENTE À UNIVERSIDADE UNIVERSO";"IMBIRIBEIRA";501;"CIDADE";"COLISÃO TRASEIRA";"AGUARDANDO ATENDIMENTO DO SAMU.";1;1;0;0;0;0;0;0;0;1;0;"Longo da via";"Bom";"Sem defeito";"Perfeito estado";"Seca";"Perfeito estado";"Faixa de pedestre";"R-6a";"60 km/h";"Dupla";"Canteiro central";"";""
"4045";2020-12-22;"09:16:00";"SEM VÍTIMA";"FINALIZADA";"GRAÇAS";"AV GOVERNADOR AGAMENON MAGALHAES";"";"";"";"GRAÇAS";37;"PARNAMIRIM-DERBY";"COLISÃO";"AUTOMÓVEL PRETO PEV8799 X MOTOCICLETA";1;1;0;0;0;0;0;0;0;0;0;"";"";"";"";"";"";"";"";"";"";"";"";""
"4046";2020-12-24;"15:16:00";"SEM VÍTIMA";"FINALIZADA";"ENCRUZILHADA";"AV JOAO DE BARROS";"";"AV NORTE";"";"ENCRUZILHADA";43;"CIDADE";"COLISÃO";"ACIDENTE NO CRUZAMENTO- COLISÃO TRANSVERSAL ENTRE DOIS AUTO PASSEIO- FECHANDO O CRUZAMENTO. AGENTE IRÁ AO LOCAL PARA DESOBSTRUIR A VIA- VERIFICAR A DOCUMENTAÇÃO SE TUDO CERTO ORIENTAR REALIZAR O BAT PRONTO.";2;0;0;0;0;0;0;0;0;0;0;"";"";"";"";"";"";"";"";"";"";"";"";""
"4047";2020-12-24;"15:27:00";"COM VÍTIMA";"FINALIZADA";"VÁRZEA";"AV CAXANGA";"5759";"";"LADO OPOSTO AO TERMINAL INTEGRADO DA CAXANGÁ";"VÁRZEA";262;"CIDADE";"COLISÃO TRASEIRA";"COLISÃO ENTRE AUTO E MOTO";1;1;0;0;0;0;0;0;0;1;0;"Longo da via";"Bom";"Sem defeito";"Perfeito estado";"Seca";"Perfeito estado";"Faixa de pedestre";"Não há placas";"60 km/h";"Única";"Faixa contínua";"";""
"4048";2020-12-24;"17:37:00";"COM VÍTIMA";"FINALIZADA";"BOA VIAGEM";"AV ENGENHEIRO DOMINGOS FERREIRA";"3340";"RUA FAUSTINO PORTO";"EM FRENTE AO ED. ERICA";"BOA VIAGEM";NA;"PIEDADE";"COLISÃO TRASEIRA";"COLISÃO COM 2 CARRO X MOTO/ UM DOS VEICULOS DE PLACA xxx SE EVADIU DO LOCAL";2;1;0;0;0;0;0;0;0;1;0;"Longo da via";"Bom";"Sem defeito";"Perfeito estado";"Seca";"Perfeito estado";"Não existe";"R-6a";"";"Dupla";"Faixa contínua";"Faixa seccionada";""
"4049";2020-12-24;"18:24:00";"COM VÍTIMA";"FINALIZADA";"ALTO JOSÉ DO PINHO";"AV NORTE";"12";"";"APÓS A ENTRADA DA MANGABEIRA / EM FRENTE AO ARMAZÉM CORAL.";"ALTO JOSÉ DO PINHO";NA;"SUBURBIO";"COLISÃO COM CICLISTA";"COLISÃO ENTRE MOTO E CICLISTA";0;1;0;1;0;0;0;0;0;2;0;"Longo da via";"Bom";"Não existe";"Perfeito estado";"Seca";"Perfeito estado";"Não existe";"Não há placas";"60 km/h";"Única";"Canteiro central";"";""
"4050";2020-12-25;"07:24:00";"SEM VÍTIMA";"CANCELADA";"TORRE";"RUA MARCOS ANDRE";"280";"";"EM FRENTE AO CONDOMINIO PRIVE BOSQUE DA TORRE";"TORRE";NA;"";"CHOQUE";"VEICULO  CHOCOU SE  CONTRA MURO";0;0;0;0;0;0;0;0;0;0;0;"";"";"";"";"";"";"";"";"";"";"";"";""
"4051";2020-12-25;"16:07:00";"COM VÍTIMA";"FINALIZADA";"IMBIRIBEIRA";"RUA ITAJAI";"160";"RUA PAMPULHA";"E/F PORTO DELICATESSEN. CASA BRANCA BUFFET.";"IMBIRIBEIRA";NA;"CIDADE";"ABALROAMENTO TRANSVERSAL";"AUTO E MOTO.";1;1;0;0;0;0;0;0;0;1;0;"Cruzamento";"Bom";"Não existe";"Perfeito estado";"Seca";"Perfeito estado";"Faixa de retenção";"Placas Pare";"";"Dupla";"Faixa contínua";"";""
"4052";2020-12-25;"22:53:00";"COM VÍTIMA";"FINALIZADA";"ENGENHO DO MEIO";"RUA ANTONIO CURADO";"427";"RUA MANUEL ALVES DEUSDARA";"AO LADO DA COMPESA / PRÓX A PRC DO ENGENHO DO MEIO. IGREJA PENTECOSTAL JESUS É A ESPERANÇA.";"ENGENHO DO MEIO";NA;"CIDADE";"COLISÃO COM CICLISTA";"AUTO X BICICLETA. C/V";1;0;0;1;0;0;0;0;0;2;0;"Longo da via";"Bom";"Não existe";"Perfeito estado";"Seca";"Perfeito estado";"Não existe";"Outras";"";"Dupla";"Faixa seccionada";"";""
"4053";2020-12-26;"05:22:00";"SEM VÍTIMA";"FINALIZADA";"SOLEDADE";"RUA JOAO FERNANDES VIEIRA";"11";"";"PRÓXIMO AO CRUZAMENTO C/A RUA DA SOLEDADE";"SOLEDADE";NA;"";"CHOQUE OBJETO FIXO";"CONDUTOR ABANDONOU O VEICULO- APÓS CHOCAR-SE CONTRA UM POSTE PÚBLICO";1;0;0;0;0;0;0;0;0;0;0;"";"";"";"";"";"";"";"";"";"";"";"";""
"4054";2020-12-26;"09:59:00";"SEM VÍTIMA";"FINALIZADA";"CORDEIRO";"AV CAXANGA";"";"RUA SAO MATEUS";"FATO OCORRIDO NO ELEVADO DA AV CASXANGA- NO SENTIDO CIDADE / SUBURBIO.";"CORDEIRO";NA;"SUBURBIO";"COLISÃO COM CICLISTA";"TRÊS CICLISTA UTILIZANDO INDEVIDAMENTE A FAIXA EXCLUSSIVA DO BRT ( ELEVADO DA CAXANGA ) NO SENTIDO CIDADE / SUBURBIO- QUANDO UM CICLISTA PAROU E FOI COLIDIDO LATERALMENTE POR UMA CICLISTA QUE TEVE POSSIVEIS- LEVES ESCORRIAÇÕES. ACIDENTE FLAGRADO PELA CÂMARAS DA CTTU.";0;0;0;2;0;0;0;0;0;0;0;"";"";"";"";"";"";"";"";"";"";"";"";""
"4055";2020-12-26;"10:34:00";"COM VÍTIMA";"FINALIZADA";"CORDEIRO";"RUA MAURICIO DE NASSAU";"";"";"POR TRAS DO PARQUE DE EXPOSIÇÕES.";"CORDEIRO";NA;"SUBURBIO";"COLISÃO COM CICLISTA";"VITIMA SOCORRIDA PELO SAMU";0;1;0;1;0;0;0;0;0;1;0;"Longo da via";"Bom";"Não existe";"Perfeito estado";"Seca";"Perfeito estado";"Não existe";"Não há placas";"";"Dupla";"Faixa contínua";"Faixa seccionada";""
"4056";2020-12-26;"17:39:00";"SEM VÍTIMA";"FINALIZADA";"IMBIRIBEIRA";"RUA JORGE DE LIMA";"2245";"";"EM FRENTE A GEOVANE SONDA / EM FRENTE AO ED- VITA CLUBE";"IMBIRIBEIRA";402;"";"COLISÃO";"COLISÃO CARRO X CARRO COM SUSPEITA DE ALCOOLEMIA";2;0;0;0;0;0;0;0;0;0;0;"";"";"";"";"";"";"";"";"";"";"";"";""
"4057";2020-12-26;"17:47:00";"COM VÍTIMA";"FINALIZADA";"TORRE";"VDO GOVERNADOR CORDEIRO DE FARIAS";"";"";"PONTE DA TORRE AO LADO DO CARREFOUR";"TORRE";NA;"SUBURBIO";"TOMBAMENTO";"QUEDA DE MOTOCICLISTA";0;1;0;0;0;0;0;0;0;1;0;"Viaduto";"Bom";"Não existe";"Perfeito estado";"Seca";"Perfeito estado";"Não existe";"Não há placas";"";"Única";"Faixa seccionada";"";""
"4058";2020-12-26;"19:44:00";"SEM VÍTIMA";"FINALIZADA";"IMBIRIBEIRA";"AV MARECHAL MASCARENHAS DE MORAES";"";"";"EM FRENTE A CHEVROLET TAMBAI";"IMBIRIBEIRA";161;"SUBURBIO";"COLISÃO";"COLISÃO SEM VITIMA ENVOLVENDO VEÍCULO OFICIAL (SAMU)";1;0;0;0;0;0;0;1;0;0;0;"Longo da via";"Bom";"Sem defeito";"Perfeito estado";"Seca";"Perfeito estado";"Faixa de pedestre";"Não há placas";"60 KM/H";"Única";"Canteiro central";"";""
"4059";2020-12-27;"00:53:00";"SEM VÍTIMA";"FINALIZADA";"BOA VIAGEM";"AV CONSELHEIRO AGUIAR";"635";"";"";"BOA VIAGEM";NA;"";"COLISÃO";"USUARIO INFORMA QUE A OCORRENCIA FOI SEM VÍTIMA E QUE O CONDUTOR DE UM DOS VEÍCULOS SE EVADIU ABANDONANDO O VEÍCULO NA VIA . POR ESSE MOTIVO ENVIAMOS UMA VT PRA VERIFICAR ESSA SITUAÇÃO . O CONDUTOR QUE FICOU NO LOCAL FOI ORIENTADO A PRESTAR UMA QUEIXA E GERAR ESSA OCORRENCIA PELO BATE-PRONTO.";2;0;0;0;0;0;0;1;0;0;0;"";"";"";"";"";"";"";"";"";"";"";"";""
"4060";2020-12-27;"08:44:00";"COM VÍTIMA";"FINALIZADA";"IMBIRIBEIRA";"RUA ITAJAI";"159";"RUA PAMPULHA";"EM FRENTE A PADARIA PORTO DELICATESSEN";"IMBIRIBEIRA";NA;"SUBURBIO";"ABALROAMENTO TRANSVERSAL";"DOIS AUTOS C/V";2;0;0;0;0;0;0;0;0;1;0;"Cruzamento";"Bom";"Não existe";"Perfeito estado";"Seca";"Perfeito estado";"Faixa de retenção";"Placas Pare";"";"Dupla";"Faixa contínua";"";""
"4061";2020-12-27;"11:57:00";"COM VÍTIMA";"CANCELADA";"JORDÃO";"AV MARIA IRENE";"1252";"";"E/F A DINO SORVETES E PROX A DELEGACIA DO JORDAO";"JORDÃO";NA;"";"COLISÃO";"COLISAO ENTRE AUTO E MOTO COM UMA VITIMA";1;1;0;0;0;0;0;0;0;1;0;"";"";"";"";"";"";"";"";"";"";"";"";""
"4062";2020-12-27;"12:06:00";"COM VÍTIMA";"FINALIZADA";"IPSEP";"RUA SAO NICOLAU";"231";"RUA PROFESSOR JOSE VICENTE";"PROX A NUCLEO DA POLICIA E FARMÁCIA BOM CONSELHO.";"IPSEP";NA;"SUBURBIO";"ABALROAMENTO TRANSVERSAL";"COLISAO ENTRE AUTO E MOTO COM UMA VITIMA";1;1;0;0;0;0;0;0;0;1;0;"Longo da via";"Bom";"Não existe";"Perfeito estado";"Seca";"Perfeito estado";"Faixa de pedestre";"Placas Pare";"";"Única";"Não existe";"";""
"4063";2020-12-27;"15:44:00";"SEM VÍTIMA";"CANCELADA";"PINA";"RUA CARNEIRO PESSOA";"";"";"PROXIMO A IGREJA CATOLICA DO PINA";"PINA";NA;"";"CHOQUE";"CHOQUE SEM VÍTIMA/ VIATURA POLICIA";0;0;0;0;0;0;0;1;0;0;0;"";"";"";"";"";"";"";"";"";"";"";"";""
"4064";2020-12-27;"23:09:00";"SEM VÍTIMA";"CANCELADA";"SAN MARTIN";"RUA DELMIRO GOUVEIA";"";"";"EM FRENTE A TORRE DA CHESF";"SAN MARTIN";NA;"";"COLISÃO";"COLISÃO DOIS AUTOS - CONDUTOR DO AUTO PASSEIO COM SINTOMAS DE EMBRIAGUES";1;0;0;0;0;0;1;0;0;0;0;"";"";"";"";"";"";"";"";"";"";"";"";""
"4065";2020-12-28;"06:22:00";"COM VÍTIMA";"FINALIZADA";"CABANGA";"AV SUL";"1180";"";"APÓS O VIADUTO - SENTIDO SUB/CID";"CABANGA";NA;"CIDADE";"CHOQUE OBJETO FIXO";"CONDUTOR DA MOTOCICLETA PERDEU O CONTROLE DO VEICULO E CHOCOU-SE CONTRA UMA ÁRVORE";0;1;0;0;0;0;0;0;0;1;0;"Longo da via";"Bom";"Não existe";"Não existente";"Molhada";"Outros";"Não existe";"Não há placas";"";"Dupla";"Faixa seccionada";"Canteiro central";""
"4066";2020-12-28;"07:28:00";"COM VÍTIMA";"FINALIZADA";"BOA VIAGEM";"AVENIDA CELSO FURTADO (VIA MANGUE)";"";"";"NO FINAL DA VIA MANGUE- NA ALÇA DA ANTÔNIO FALCÃO.";"BOA VIAGEM";NA;"SUBURBIO";"ABALROAMENTO LONGITUDINAL";"COLISÃO COM EVASÃO- CONDUTOR DO CARRO FOI EMBORA SEM PRESTAR SOCORRO... AS VITIMAS AGUARDAM ATENDIMENTO DO SAMU.";1;1;0;0;0;0;0;0;0;2;0;"Longo da via";"Bom";"Não existe";"Incompleta";"Seca";"Perfeito estado";"Não existe";"Não há placas";"";"Única";"Não existe";"";""
"4067";2020-12-28;"12:03:00";"COM VÍTIMA";"FINALIZADA";"BOA VIAGEM";"RUA ERNESTO DE PAULA SANTOS";"";"AV ENGENHEIRO DOMINGOS FERREIRA";"PROX A RESTAURANTE DOMINGOS FERREIRA";"BOA VIAGEM";217;"SUBURBIO";"ABALROAMENTO TRANSVERSAL";"COLISÃO CARRO X DUAS MOTOS";1;2;0;0;0;0;0;0;0;1;0;"Cruzamento";"Bom";"Sem defeito";"Perfeito estado";"Seca";"Perfeito estado";"Faixa de retenção";"Não há placas";"60 km/h";"Única";"Faixa contínua";"";""
"4068";2020-12-28;"12:22:00";"SEM VÍTIMA";"FINALIZADA";"IMBIRIBEIRA";"AV MARECHAL MASCARENHAS DE MORAES";"";"RUA MIS JOEL CARLSON";"PRÓX AO DEPÓSITO DA LASER ELETRO";"IMBIRIBEIRA";287;"";"COLISÃO";"CONDUTOR INFORMA QUE A OUTRA PARTE ENVOLVIDA NA COLISÃO NÃO ESTÁ DE POSSE DA HABILITAÇÃO E DOCUMENTO DO VEÍCULO.";2;0;0;0;0;0;0;0;0;0;0;"Longo da via";"Bom";"Sem defeito";"Perfeito estado";"Seca";"Perfeito estado";"Não existe";"Não há placas";"60 KM/H";"Dupla";"Canteiro central";"";""
"4069";2020-12-28;"14:55:00";"SEM VÍTIMA";"FINALIZADA";"ARRUDA";"AV BEBERIBE";"";"";"EM FRENTE AO MERCADAO OLEO / PROX AO CAMPO DO ARRUDA";"ARRUDA";NA;"";"COLISÃO";"COLISÃO CAMINHÃO X CARRO / INFORMA QUE TA TENDO DERRAMAMENTO DE OLEO NA VIA";0;0;0;0;0;1;1;0;0;0;0;"Longo da via";"Bom";"Sem defeito";"Perfeito estado";"Seca";"Perfeito estado";"";"";"";"Dupla";"Faixa contínua";"";""
"4070";2020-12-28;"15:23:00";"COM VÍTIMA";"FINALIZADA";"BOA VIAGEM";"AV DOM JOAO VI";"";"";"AO LADO DO BIG BOMPREÇO.";"BOA VIAGEM";NA;"SUBURBIO";"ABALROAMENTO TRANSVERSAL";"A EQUIPE SE DEPAROU COM O ACIDENTE";0;1;0;0;0;1;0;0;0;1;0;"Longo da via";"Bom";"Sem defeito";"Perfeito estado";"Seca";"Perfeito estado";"Não existe";"Não há placas";"";"Única";"Não existe";"";""
"4071";2020-12-28;"16:26:00";"COM VÍTIMA";"FINALIZADA";"BOA VIAGEM";"RUA JOAO CARDOSO AIRES";"647";"RUA ALMIRANTE BATISTA LEAO";"PROX AO COLEGIO MADRE DE DEUS / PROX AO HAPVIDA DIAGNÓSTICOS.";"BOA VIAGEM";NA;"SUBURBIO";"ABALROAMENTO TRANSVERSAL";"COLISÃO MOTO X CARRO";1;1;0;0;0;0;0;0;0;1;0;"Cruzamento";"Chuvoso";"Não existe";"Perfeito estado";"Seca";"Perfeito estado";"Não existe";"Placas Pare";"";"Única";"Não existe";"";""
"4072";2020-12-28;"16:42:00";"COM VÍTIMA";"FINALIZADA";"SANTO AMARO";"AV NORTE";"866";"";"EM FRENTE AO CENTRO DE JUVENTUDE E O CRAS";"SANTO AMARO";397;"SUBURBIO";"ATROPELAMENTO";"ATROPELAMENTO ENVOLVENDO MOTO E PEDESTRE";0;1;0;0;1;0;0;0;0;1;0;"Longo da via";"Bom";"Sem defeito";"Perfeito estado";"Seca";"Perfeito estado";"Não existe";"Outras";"60 km/h";"Dupla";"Canteiro central";"";""
"4073";2020-12-28;"20:23:00";"COM VÍTIMA";"FINALIZADA";"IMBIRIBEIRA";"RUA JAMAICA";"71";"RUA IZABEL DE SOUZA";"EM FRENTE A BSS BLINDAGEM";"IMBIRIBEIRA";NA;"";"COLISÃO";"COLISÃO ENTRE AUTO E MOTO- COM VITIMA";1;1;0;0;0;0;0;0;0;2;0;"Cruzamento";"Bom";"Não existe";"Perfeito estado";"Seca";"Perfeito estado";"Não existe";"Placas Pare";"";"Única";"Faixa seccionada";"";""
"4074";2020-12-29;"07:20:00";"SEM VÍTIMA";"FINALIZADA";"BOA VISTA";"RUA JOSE DE ALENCAR";"";"RUA BARAO DE SAO BORJA";"POR TRAS DO SHOPPING BOA VISTA";"BOA VISTA";NA;"";"CAPOTAMENTO";"COLISÃO EM SEGUIDA DE CAPOTAMENTO SEM VITIMAS";2;0;0;0;0;0;0;0;0;0;0;"";"";"";"";"";"";"";"";"";"";"";"";""
"4075";2020-12-29;"10:22:00";"COM VÍTIMA";"FINALIZADA";"AREIAS";"RUA CAPITAO DOMINGOS DA COSTA";"555";"RUA AURORA CACOTE";"EM FRENTE AO SUPERMERCADO COBAL";"AREIAS";569;"";"ATROPELAMENTO";"AUTO E PEDESTRE";1;0;0;0;1;0;0;0;0;1;0;"Cruzamento";"Bom";"Sem defeito";"";"Seca";"Perfeito estado";"Não existe";"R-19";"30 km/h";"Dupla";"Não existe";"";""
"4076";2020-12-29;"10:55:00";"COM VÍTIMA";"FINALIZADA";"ARRUDA";"RUA SAO BENTO";"195";"";"NA ENTRADA DA BOMBA DO HEMETERIO PROX AO POSTO DE GASOLINA DESATIVADO BR";"ARRUDA";NA;"SUBURBIO";"COLISÃO TRASEIRA";"COLISÃO COM VITIMA A ESPERA DO SAMU";1;1;0;0;0;0;0;0;0;1;0;"Longo da via";"Bom";"Sem defeito";"Perfeito estado";"Seca";"Perfeito estado";"Outros";"Placas Pare";"";"Única";"Faixa seccionada";"";""
"4077";2020-12-29;"15:12:00";"COM VÍTIMA";"FINALIZADA";"ESPINHEIRO";"RUA QUARENTA E OITO";"347";"RUA DO ESPINHEIRO";"EM FRENTE A DELICATENSSEN ESPINHEIRO";"ESPINHEIRO";166;"CIDADE";"ABALROAMENTO LONGITUDINAL";"COLISÃO COM VÍTIMA";1;1;0;0;0;0;0;0;0;1;0;"Cruzamento";"Bom";"Sem defeito";"Perfeito estado";"Seca";"Perfeito estado";"Faixa de pedestre";"Outras";"";"Única";"Faixa seccionada";"";""
"4078";2020-12-29;"18:14:00";"COM VÍTIMA";"FINALIZADA";"SANTO ANTÔNIO";"AV GUARARAPES";"";"RUA DO SOL";"AO LADO DA AGENCIA DOS CORREIOS";"SANTO ANTÔNIO";14;"CIDADE";"ATROPELAMENTO";"ÕNIBUS ATROPELOU CADEIRANTE. C/V";0;0;0;0;1;1;0;0;0;1;0;"Cruzamento";"Bom";"Sem defeito";"Perfeito estado";"Seca";"Perfeito estado";"Faixa de pedestre";"Outras";"60 km/h";"Única";"Faixa contínua";"";""
"4079";2020-12-29;"20:02:00";"SEM VÍTIMA";"FINALIZADA";"JORDÃO";"RUA DR ALVARO FERRAZ";"24";"";"PROX AO TERMINAL DO JORDAO";"JORDÃO";NA;"";"COLISÃO";"COLISAO ENTRE AUTO E MOTO S/VITIMAS";0;1;0;0;0;0;0;1;0;0;0;"Longo da via";"Bom";"Não existe";"Perfeito estado";"Seca";"Perfeito estado";"Não existe";"R-6a";"";"Única";"Não existe";"";""
"4080";2020-12-30;"07:15:00";"COM VÍTIMA";"FINALIZADA";"IPUTINGA";"AV CAXANGA";"4068";"AV PROFESSOR JOAQUIM CAVALCANTI";"EMBAIXO DO VIADUTO AO LADFO DO BIG BOMPREÇO";"IPUTINGA";NA;"SUBURBIO";"COLISÃO";"COM UMA VITIMA AGUARDANDO SAMU";0;1;0;0;0;0;0;0;0;1;0;"Longo da via";"Chuvoso";"Não existe";"Perfeito estado";"Molhada";"Perfeito estado";"Não existe";"Não há placas";"60 km/h";"Única";"";"";""
"4081";2020-12-30;"07:31:00";"COM VÍTIMA";"FINALIZADA";"CABANGA";"RUA JOAO PAULO II";"292";"";"NO FINAL DO VIADUTO CAPITÃO TEMUDO /SENTIDO BOA VIAGEM";"CABANGA";NA;"SUBURBIO";"COLISÃO TRASEIRA";"COM DUAS VITIMAS AGUARDANDO SAMU";1;1;0;0;0;0;0;0;0;1;0;"Viaduto";"Chuvoso";"Não existe";"Perfeito estado";"Molhada";"Perfeito estado";"Não existe";"Não há placas";"60 km/h";"Dupla";"Canteiro central";"";""
"4082";2020-12-30;"07:52:00";"COM VÍTIMA";"FINALIZADA";"LINHA DO TIRO";"RUA URIEL DE HOLANDA";"1541";"";"EM FRENTE AO ARMAZEM OLIVEIRA";"LINHA DO TIRO";NA;"SUBURBIO";"COLISÃO FRONTAL";"COM UMA VITIMA-SOCORRIDA -VT 18 DA CTTU NO LOCAL/GMFLAVIO LUIS/GM DE SOUZA";1;1;0;0;0;0;0;0;0;1;0;"Longo da via";"Chuvoso";"Não existe";"Incompleta";"Molhada";"Perfeito estado";"Não existe";"Não há placas";"";"Dupla";"Não existe";"";""
"4083";2020-12-30;"08:41:00";"COM VÍTIMA";"FINALIZADA";"SÍTIO DOS PINTOS";"RUA PROF CLAUDIO SELVA";"135";"RUA DA JAQUEIRA";"";"SÍTIO DOS PINTOS";NA;"SUBURBIO";"TOMBAMENTO";"CICLISTA PERDEU O CONTROLE DA BICICLETA";0;0;0;1;0;0;0;0;0;1;0;"Longo da via";"Bom";"Não existe";"Não existente";"Seca";"Perfeito estado";"Não existe";"Não há placas";"";"Dupla";"Não existe";"";""
"4084";2020-12-30;"11:51:00";"COM VÍTIMA";"FINALIZADA";"IBURA";"RUA PINTOR AGENOR DE ALBUQUERQUE CESAR";"705";"";"RUA DA COMPESA";"IBURA";NA;"SUBURBIO";"ABALROAMENTO TRANSVERSAL";"COM UMA VITIMA -AGUARDANDO  SAMU";1;1;0;0;0;0;0;0;0;1;0;"Longo da via";"Chuvoso";"Não existe";"Perfeito estado";"Molhada";"Perfeito estado";"Não existe";"Não há placas";"";"Dupla";"Não existe";"";""
"4085";2020-12-30;"14:04:00";"COM VÍTIMA";"FINALIZADA";"JORDÃO";"AV MARIA IRENE";"1672";"";"RROX AO POSTO IPIRANGA / PROX A FEIRA LIVRE DO JORDAO";"JORDÃO";NA;"";"COLISÃO TRASEIRA";"COLISÃO MOTO X CARRO";1;1;0;0;0;0;0;0;0;1;0;"Cruzamento";"Bom";"Não existe";"Não existente";"Seca";"Perfeito estado";"Não existe";"Não há placas";"";"Dupla";"Não existe";"";""
"4086";2020-12-30;"15:43:00";"COM VÍTIMA";"FINALIZADA";"CAMPO GRANDE";"RUA PROFESSOR FRANCISCO DA TRINDADE";"290";"RUA SAO CAETANO";"APÓS O SUPERMERCADO STILOS / PRÓX À MISSÃO EVANGÉLICA PENTECOSTAL.";"CAMPO GRANDE";NA;"";"COLISÃO";"AGUARDANDO ATENDIMENTO DO SAMU.";1;1;0;0;0;0;0;0;0;1;0;"Cruzamento";"Bom";"Não existe";"Perfeito estado";"Seca";"Perfeito estado";"Não existe";"";"";"Dupla";"Não existe";"";""
"4087";2020-12-30;"17:26:00";"SEM VÍTIMA";"FINALIZADA";"TEJIPIÓ";"AV DR JOSE RUFINO";"";"";"PRÓX À ESTAÇÃO DE TEJIPIÓ";"TEJIPIÓ";NA;"SUBURBIO";"COLISÃO";"UM DOS CONDUTORES SE RECUSA A RETIRAR O VEÍCULO DO LOCAL- IMPOSSIBILITANDO O OUTRO VEÍCULO DE TAMBÉM SAIR. VIA OBSTRUÍDA.";2;0;0;0;0;0;0;0;0;0;0;"";"";"";"";"";"";"";"";"";"";"";"";""