"";"data";"hora";"natureza_acidente";"situacao";"bairro";"endereco";"numero";"detalhe_endereco_acidente";"complemento";"bairro_cruzamento";"num_semaforo";"sentido_via";"tipo";"descricao";"auto";"moto";"ciclom";"ciclista";"pedestre";"onibus";"caminhao";"viatura";"outros";"vitimas";"vitimasfatais";"acidente_verificado";"tempo_clima";"situacao_semaforo";"sinalizacao";"condicao_via";"conservacao_via";"ponto_controle";"situacao_placa";"velocidade_max_via";"mao_direcao";"divisao_via1";"divisao_via2";"divisao_via3"
"4088";2020-12-30;"17:30:00";"SEM VÍTIMA";"FINALIZADA";"DERBY";"AV GOVERNADOR AGAMENON MAGALHAES";"";"RUA JOAQUIM NABUCO";"AO LADO DO HOSPITAL DA RESTAURAÇÃO";"DERBY";NA;"";"COLISÃO";"COLISÃO COM VEICULO OFICIAL / CARRO X USB";1;0;0;0;0;0;0;1;0;0;0;"";"";"";"";"";"";"";"";"";"";"";"";""
"4089";2020-12-30;"18:57:00";"SEM VÍTIMA";"CANCELADA";"ARRUDA";"AV PROFESSOR JOSE DOS ANJOS";"";"AV BEBERIBE";"";"ARRUDA";131;"";"COLISÃO";"COLISÃO SEM VÍTIMAS- UMA DAS PARTES APRESENTA SINTOMAS DE EMBRIAGUEZ";4;0;0;0;0;0;0;0;0;0;0;"";"";"";"";"";"";"";"";"";"";"";"";""
"4090";2020-12-30;"20:38:00";"COM VÍTIMA";"FINALIZADA";"MANGABEIRA";"AV NORTE";"4560";"";"EM FRENTE AO SESC DE CASA AMARELA/VÍTIMA JÁ SOCORRIDA";"MANGABEIRA";NA;"";"ATROPELAMENTO";"";1;0;0;0;1;0;0;0;0;1;0;"Longo da via";"Bom";"";"Perfeito estado";"Seca";"Perfeito estado";"Não existe";"Outras";"";"Dupla";"Canteiro central";"";""
"4091";2020-12-31;"15:47:00";"COM VÍTIMA";"FINALIZADA";"CASA AMARELA";"EST DAS UBAIAS";"147";"";"";"CASA AMARELA";NA;"CIDADE";"COLISÃO FRONTAL";"COM VÍTIMA";1;1;0;0;0;0;0;0;0;1;0;"Longo da via";"Bom";"Não existe";"Perfeito estado";"Seca";"Perfeito estado";"Não existe";"Outras";"";"Dupla";"Não existe";"";""
"4092";2020-12-31;"21:48:00";"COM VÍTIMA";"FINALIZADA";"CAMPINA DO BARRETO";"AV PROFESSOR JOSE DOS ANJOS";"";"";"E/F A ACADEMIA DA CHAO DE ESTRELA";"CAMPINA DO BARRETO";NA;"SUBURBIO";"COLISÃO FRONTAL";"COLISAO ENTRE DUAS MOTOS COM VITIMAS";0;2;0;0;0;0;0;0;0;4;0;"Longo da via";"Nublado";"Não existe";"Perfeito estado";"Seca";"Perfeito estado";"Não existe";"Outras";"";"Dupla";"Faixa seccionada";"";""
"4093";2021-01-01;"19:44:00";"COM VÍTIMA";"FINALIZADA";"MADALENA";"RUA BENFICA";"";"";"EM FRENTE AO EXTRA NA SAIDA";"MADALENA";NA;"SUBURBIO";"COLISÃO FRONTAL";"COLISÃO MOTO X CARRO";1;1;0;0;0;0;0;0;0;1;0;"Longo da via";"Bom";"Não existe";"Perfeito estado";"Seca";"Perfeito estado";"Outros";"Não há placas";"";"Dupla";"Faixa contínua";"Faixa seccionada";""
"4094";2021-01-01;"23:45:00";"COM VÍTIMA";"FINALIZADA";"VÁRZEA";"AV CAXANGA";"";"RUA GASTAO VIDIGAL";"EM FRENTE A UPA DA CAXANGA";"VÁRZEA";281;"CIDADE";"COLISÃO TRASEIRA";"DOIS AUTOS";2;0;0;0;0;0;0;0;0;1;0;"Cruzamento";"Bom";"Sem defeito";"Perfeito estado";"Oleosa";"Perfeito estado";"Outros";"Outras";"";"Única";"Não existe";"";""
"4095";2021-01-02;"10:54:00";"COM VÍTIMA";"FINALIZADA";"VASCO DA GAMA";"RUA RESPLENDOR";"353";"";"AO  LADO  DO  COLEGIO ADERBAL  GALVÃO  EM  FRENTE  AO  CONJUNTO RESIDENCIAL  ADERBAL  GALVÃO";"VASCO DA GAMA";NA;"";"COLISÃO COM CICLISTA";"VEICULO DESCEU  DESGOVERNADO  BATEU  EM  UMA  MOTO  UMA  BICICLETA  VITIMA  SOCORRIDA  PELO  SAMU";1;1;0;1;0;0;0;0;0;1;0;"Longo da via";"Bom";"Não existe";"Incompleta";"Seca";"Perfeito estado";"Não existe";"Não há placas";"";"Dupla";"Não existe";"";""
"4096";2021-01-02;"11:13:00";"COM VÍTIMA";"FINALIZADA";"BOA VIAGEM";"RUA VISCONDE DE JEQUITINHONHA";"22";"RUA CAPITAO ZUZINHA";"RUA CAPITÃO ZUZINHA";"BOA VIAGEM";NA;"SUBURBIO";"ABALROAMENTO LONGITUDINAL";"COLISÃO COM VÍTIMA";1;1;0;0;0;0;0;0;0;1;0;"Longo da via";"Bom";"Sem defeito";"Perfeito estado";"Seca";"Perfeito estado";"Faixa de pedestre";"Outras";"";"Única";"Canal";"";""
"4097";2021-01-03;"09:32:00";"COM VÍTIMA";"FINALIZADA";"ILHA DO RETIRO";"AV ENGENHEIRO ABDIAS DE CARVALHO";"365";"";"EM FRENTE A LANCHONETE COXINHAS DE BATATA";"ILHA DO RETIRO";NA;"";"ABALROAMENTO LONGITUDINAL";"COM DUA SVITIMA SAMU ACIONADO CTTU NO LOCAL VT25/GM ANDRE PINHEIRO /GM DENIS";1;1;0;0;0;0;0;0;0;2;0;"Longo da via";"Bom";"Sem defeito";"Perfeito estado";"Seca";"Perfeito estado";"Faixa de pedestre";"Outras";"60 km/h";"Dupla";"Faixa contínua";"Faixa seccionada";"Canteiro central"
"4098";2021-01-03;"11:07:00";"SEM VÍTIMA";"FINALIZADA";"CASA AMARELA";"RUA OSCAR DE BARROS";"126";"";"POSTO DE SAÚDE PROFESSOR MARIO RAMOS";"CASA AMARELA";NA;"SUBURBIO";"CHOQUE OBJETO FIXO";"VEÍCULO CHOCOU-SE COM UM MURO ,SEM VITIMAS";1;0;0;0;0;0;0;0;0;0;0;"Longo da via";"Bom";"Não existe";"Perfeito estado";"Seca";"Perfeito estado";"Não existe";"R-6a";"";"Única";"Não existe";"";""
"4099";2021-01-03;"15:00:00";"COM VÍTIMA";"FINALIZADA";"BOA VIAGEM";"RUA VISCONDE DE JEQUITINHONHA";"";"";"PRÓX AO EDIFÍCIO PAINEIRAS E STEAKS ESPETINHO";"BOA VIAGEM";NA;"";"ABALROAMENTO LONGITUDINAL";"AGUARDANDO ATENDIMENTO DO SAMU. VT-08 NO LOCAL.";1;1;0;0;0;0;0;0;0;1;0;"Longo da via";"Bom";"Não existe";"Perfeito estado";"Seca";"Perfeito estado";"Não existe";"Não há placas";"40 km/h";"Única";"Faixa contínua";"Faixa seccionada";""
"4100";2021-01-03;"15:39:00";"SEM VÍTIMA";"FINALIZADA";"IPSEP";"RUA JEAN EMILE FAVRE";"750";"RUA POTENGY";"FARMÁCIA DIARIAMENTE / GALERIA MARIA DE LOURDES";"IPSEP";564;"SUBURBIO";"ABALROAMENTO TRANSVERSAL";"SEM VÍTIMAS / COM OBSTRUÇÃO DE VIA.";2;0;0;0;0;0;0;0;0;0;0;"Cruzamento";"Bom";"Sem defeito";"Perfeito estado";"Seca";"Perfeito estado";"Faixa de pedestre";"R-6a";"";"Dupla";"Faixa contínua";"";""
"4101";2021-01-03;"21:49:00";"SEM VÍTIMA";"FINALIZADA";"ESPINHEIRO";"RUA DO ESPINHEIRO";"";"RUA SANTO ELIAS";"PROX AO POSTO DE GASOLINA IPIRANGA";"ESPINHEIRO";NA;"";"COLISÃO";"COLISÃO CARRO X CARRO / SUSPEITA DE ALCOOLEMIA";2;0;0;0;0;0;0;0;0;0;0;"Cruzamento";"Bom";"Não existe";"Perfeito estado";"Seca";"Perfeito estado";"Faixa de pedestre";"R-6a";"";"Única";"Faixa seccionada";"";""
"4102";2021-01-04;"09:56:00";"COM VÍTIMA";"FINALIZADA";"ENCRUZILHADA";"RUA FERNANDO CESAR";"338";"RUA DR JOSE MARIA";"AO LADO DO MV AUTOMÓVEIS";"ENCRUZILHADA";45;"CIDADE";"ABALROAMENTO TRANSVERSAL";"COLISÃO COM VÍTIMA COM MOTO E AUTO OFICIAL";1;1;0;0;0;0;0;0;0;1;0;"Cruzamento";"Bom";"Sem defeito";"Perfeito estado";"Seca";"Perfeito estado";"Faixa de pedestre";"Outras";"";"Única";"Não existe";"";""
"4103";2021-01-04;"10:26:00";"SEM VÍTIMA";"FINALIZADA";"SÃO JOSÉ";"RUA IMPERIAL";"1600";"";"EM FRENTE";"SÃO JOSÉ";NA;"SUBURBIO";"CHOQUE OBJETO FIXO";"";0;0;0;0;0;0;1;0;0;0;0;"Longo da via";"Chuvoso";"Não existe";"Perfeito estado";"Molhada";"Mal conservada";"Não existe";"Não há placas";"";"Única";"Não existe";"";""
"4104";2021-01-04;"10:28:00";"SEM VÍTIMA";"FINALIZADA";"DERBY";"AV GOVERNADOR AGAMENON MAGALHAES";"";"RUA JOAQUIM NABUCO";"HOSPITAL DA RESTAURAÇÃO";"DERBY";174;"SUBURBIO";"ABALROAMENTO TRANSVERSAL";"";2;0;0;0;0;0;0;0;0;0;0;"Cruzamento";"Chuvoso";"Sem defeito";"Perfeito estado";"Molhada";"Perfeito estado";"Faixa de pedestre";"Não há placas";"";"Dupla";"Canal";"";""
"4105";2021-01-04;"10:44:00";"COM VÍTIMA";"FINALIZADA";"SANTO ANTÔNIO";"C SANTA RITA";"";"";"EM FRENTE AS TORRES GÊMEAS";"SANTO ANTÔNIO";NA;"";"COLISÃO";"COLISÃO COM VÍTIMA ENTRE AUTO E MOTO";1;1;0;0;0;0;0;0;0;1;0;"Longo da via";"Bom";"Não existe";"Perfeito estado";"Seca";"Perfeito estado";"Outros";"Não há placas";"60 km/h";"Dupla";"Canteiro central";"";""
"4106";2021-01-04;"16:05:00";"COM VÍTIMA";"FINALIZADA";"DERBY";"AV GOVERNADOR AGAMENON MAGALHAES";"";"";"E/F A PRAÇA DO DERBY S/T  BOA VIAGEM";"DERBY";NA;"";"COLISÃO FRONTAL";"COLISAO ENTRE AUTO E MOTO COM UMA VITIMA VT 24 NO LOCAL";1;1;0;0;0;0;0;0;0;1;0;"Longo da via";"Bom";"Sem defeito";"Perfeito estado";"Seca";"Perfeito estado";"Faixa de pedestre";"Não há placas";"60 km/h";"Dupla";"Canteiro central";"";""
"4107";2021-01-05;"08:25:00";"COM VÍTIMA";"FINALIZADA";"SÃO JOSÉ";"VDO DAS CINCO PONTAS";"";"";"SOBRE O VIADUTO DO FORTE DAS CINCO PONTAS";"SÃO JOSÉ";NA;"SUBURBIO";"ABALROAMENTO LONGITUDINAL";"COLISÃO ENVOLVENDO UM AUTOMOVEL E UMA MOTOCICLETA ENVOLVENDO UMA VÍTIMA";1;1;0;0;0;0;0;0;0;1;0;"Viaduto";"Bom";"Não existe";"Ilegível";"Seca";"Perfeito estado";"Não existe";"Não há placas";"40 km/h";"Dupla";"Canteiro central";"";""
"4108";2021-01-05;"10:48:00";"COM VÍTIMA";"FINALIZADA";"PINA";"AV ENGENHEIRO DOMINGOS FERREIRA";"";"";"EM FRENTE AO ARMAZEM CORAL";"PINA";NA;"";"ATROPELAMENTO";"COM UMA VITIMA/SAMU NO LOCAL/CTTU NO LOCAL VT 10";0;1;0;0;1;0;0;0;0;1;0;"Longo da via";"Bom";"Não existe";"Perfeito estado";"Seca";"Perfeito estado";"Não existe";"Não há placas";"60 km/h";"Única";"Faixa contínua";"";""
"4109";2021-01-05;"11:15:00";"COM VÍTIMA";"FINALIZADA";"AFOGADOS";"RUA SAO MIGUEL";"";"1 TRV JUSTICA E PAZ";"qui";"AFOGADOS";NA;"SUBURBIO";"ABALROAMENTO TRANSVERSAL";"COM VITIMA/ AGUARDANDO O SAMU";2;0;0;0;0;0;0;0;0;1;0;"Cruzamento";"Bom";"Sem defeito";"";"Seca";"Perfeito estado";"Faixa de pedestre";"Outras";"40 km/h";"Dupla";"Faixa contínua";"";""
"4110";2021-01-05;"14:09:00";"SEM VÍTIMA";"FINALIZADA";"BOA VIAGEM";"AV BOA VIAGEM";"802";"";"EM FRENTE AO ARCÁDIA RECEPÇÕES";"BOA VIAGEM";NA;"";"COLISÃO";"COLISÃO ENTRE AUTOS.";2;0;0;0;0;0;0;0;0;0;0;"";"";"";"";"";"";"";"";"";"";"";"";""
"4111";2021-01-05;"16:24:00";"COM VÍTIMA";"FINALIZADA";"AFOGADOS";"RUA SAO MIGUEL";"";"";"PROX AO BODE DO NÓ";"AFOGADOS";NA;"";"ABALROAMENTO LONGITUDINAL";"COLISÃO CARRO X MOTO";1;1;0;0;0;0;0;0;0;1;0;"Longo da via";"Bom";"Sem defeito";"";"";"";"Não existe";"Não há placas";"";"Dupla";"Faixa contínua";"";""
"4112";2021-01-05;"17:35:00";"COM VÍTIMA";"FINALIZADA";"ROSARINHO";"AV NORTE";"";"";"DEFRONTE A PADARIA ROSARINHO";"ROSARINHO";NA;"SUBURBIO";"COLISÃO TRASEIRA";"COLISAO ENVOLVENDO AUTO E MOTO COM VITIMA";1;1;0;0;0;0;0;0;0;1;0;"Longo da via";"Bom";"Não existe";"Perfeito estado";"Seca";"Perfeito estado";"Faixa de pedestre";"Outras";"";"Dupla";"Faixa seccionada";"";""
"4113";2021-01-05;"18:37:00";"COM VÍTIMA";"CANCELADA";"IPSEP";"AV RECIFE";"";"RUA JEAN EMILE FAVRE";"";"IPSEP";NA;"";"COLISÃO";"";1;1;0;0;0;0;0;0;0;1;0;"";"";"";"";"";"";"";"";"";"";"";"";""
"4114";2021-01-06;"08:02:00";"COM VÍTIMA";"FINALIZADA";"MUSTARDINHA";"RUA DR ARMANDO TAVARES";"111";"RUA NATALINO TEIXEIRA";"PROX. AO ESPETINHO DO PITECO";"MUSTARDINHA";NA;"";"ABALROAMENTO TRANSVERSAL";"AUTO E MOTO C/V";1;1;0;0;0;0;0;0;0;1;0;"Cruzamento";"Bom";"Não existe";"Não existente";"Seca";"Perfeito estado";"Não existe";"Não há placas";"";"Dupla";"Não existe";"";""
"4115";2021-01-06;"08:11:00";"SEM VÍTIMA";"FINALIZADA";"SANTO AMARO";"RUA TREZE DE MAIO";"";"RUA FREI CASSIMIRO";"EM FRENTE BORRACHARIA";"SANTO AMARO";NA;"";"COLISÃO";"COLISÃO SEM VÍTIMA COM VT DO PATRIMÔNIO GCMR";1;0;0;0;0;0;0;1;0;0;0;"Longo da via";"Bom";"Não existe";"Incompleta";"Seca";"Mal conservada";"Não existe";"Outras";"40km/h";"Dupla";"Faixa contínua";"";""
"4116";2021-01-06;"08:15:00";"COM VÍTIMA";"FINALIZADA";"DERBY";"AV GOVERNADOR AGAMENON MAGALHAES";"";"";"APOS  O HOSPITAL  DA RESTAURAÇÃO   NO SENTIDO  BOA  VIAGEM    DE  ESQUINA  COM  A  PRAÇA  DO  DERBY";"DERBY";NA;"";"ABALROAMENTO LONGITUDINAL";"COLISAO  COM  VITIMA";1;1;0;0;0;0;0;0;0;1;0;"Longo da via";"Bom";"Não existe";"Perfeito estado";"Seca";"Perfeito estado";"Não existe";"Não há placas";"60 km/h";"Única";"Faixa seccionada";"";""
"4117";2021-01-06;"15:22:00";"COM VÍTIMA";"FINALIZADA";"CASA AMARELA";"AV NORTE";"";"RUA GUIMARAES PEIXOTO";"RUA GUIMARÃES PEIXOTO";"CASA AMARELA";NA;"";"COLISÃO TRASEIRA";"COLISÃO COM VÍTIMA ENTRE 2 MOTOCICLETAS.";0;2;0;0;0;0;0;0;0;1;0;"Longo da via";"Bom";"Sem defeito";"Perfeito estado";"Seca";"Perfeito estado";"Faixa de pedestre";"Outras";"";"";"Não existe";"";""
"4118";2021-01-06;"17:32:00";"COM VÍTIMA";"CANCELADA";"IMBIRIBEIRA";"AV MARECHAL MASCARENHAS DE MORAES";"";"";"E/F AOS CORREIOS S/T PRAZERES PROX A FACULDADE UNIVERSO";"IMBIRIBEIRA";NA;"";"COLISÃO COM CICLISTA";"COLISAO ENTRE ONIBUS E CICLISTA";0;0;0;1;0;1;0;0;0;1;0;"";"";"";"";"";"";"";"";"";"";"";"";""
"4119";2021-01-06;"21:47:00";"COM VÍTIMA";"FINALIZADA";"BOA VIAGEM";"RUA DOS NAVEGANTES";"";"";"E/F AO EDFC  HOLIDAY";"BOA VIAGEM";NA;"";"ABALROAMENTO TRANSVERSAL";"COLISAO ENTRE AUTO E MOTO COM VITIMAS";1;1;0;0;0;0;0;0;0;1;0;"Cruzamento";"Bom";"Não existe";"Perfeito estado";"Seca";"Perfeito estado";"Faixa de retenção";"Placas Pare";"";"Única";"Outros";"";""
"4120";2021-01-07;"06:55:00";"COM VÍTIMA";"FINALIZADA";"TORRÕES";"AV ENGENHEIRO ABDIAS DE CARVALHO";"300";"";"EM FRENTE A UPA/LADO OPOSTO";"TORRÕES";NA;"CIDADE";"ABALROAMENTO LONGITUDINAL";"COM UMA VITIMA ,SAMU ACIONADO/";1;1;0;0;0;0;0;0;0;1;0;"Longo da via";"Bom";"Não existe";"Perfeito estado";"Seca";"Perfeito estado";"Não existe";"Não há placas";"";"Dupla";"Canteiro central";"Faixa seccionada";""
"4121";2021-01-07;"07:48:00";"COM VÍTIMA";"FINALIZADA";"DERBY";"AV GOVERNADOR AGAMENON MAGALHAES";"";"RUA DR LEOPOLDO LINS";"";"DERBY";NA;"";"COLISÃO TRASEIRA";"COLISÃO COM VITIMA";1;1;0;0;0;0;0;0;0;1;0;"Longo da via";"Bom";"Sem defeito";"Perfeito estado";"Seca";"Perfeito estado";"Faixa de pedestre";"Não há placas";"60 km/h";"Dupla";"Faixa contínua";"";""
"4122";2021-01-07;"08:47:00";"SEM VÍTIMA";"FINALIZADA";"TAMARINEIRA";"RUA CORONEL URIEL SERGIO GARDIM";"54";"";"ACADEMIA ARMY CROSSFIT";"TAMARINEIRA";NA;"SUBURBIO";"ABALROAMENTO LONGITUDINAL";"A VIATURA NÃO ESTA CARACTERIZADA";2;0;0;0;0;0;0;0;0;0;0;"Longo da via";"Bom";"";"Incompleta";"Seca";"Perfeito estado";"Faixa de pedestre";"Outras";"";"Dupla";"Não existe";"";""
"4123";2021-01-07;"09:39:00";"COM VÍTIMA";"FINALIZADA";"GRAÇAS";"AV RUI BARBOSA";"";"RUA DAS GRACAS";"EM FRENTE AO COLEGIO AGNES";"GRAÇAS";NA;"";"CAPOTAMENTO";"PISTA MOLHADA O MOTOCICLISTA, TOMBOU NA VIA SOZINHO. ACIDENTE DE PERCURSO, COM UMA VITIMA /SAMU NO LOCAL/CTTU NO LOCAL GM LUCAS ALMEIDA  Mat. 107736-8  ,PONTO FIXO";0;1;0;0;0;0;0;0;0;1;0;"Cruzamento";"Chuvoso";"Sem defeito";"Perfeito estado";"Molhada";"Perfeito estado";"Faixa de pedestre";"Não há placas";"60 km/h";"Única";"Faixa contínua";"";""
"4124";2021-01-07;"09:55:00";"SEM VÍTIMA";"FINALIZADA";"GRAÇAS";"AV GOVERNADOR AGAMENON MAGALHAES";"";"RUA JOAQUIM NABUCO";"";"GRAÇAS";NA;"";"COLISÃO";"";1;0;0;0;0;0;0;1;0;0;0;"";"";"";"";"";"";"";"";"";"";"";"";""
"4125";2021-01-07;"11:38:00";"COM VÍTIMA";"FINALIZADA";"ESPINHEIRO";"RUA DA HORA";"";"";"ESQUINA DO CERPE";"ESPINHEIRO";NA;"";"ABALROAMENTO LONGITUDINAL";"COM VITIMA";1;1;0;0;0;0;0;0;0;1;0;"Cruzamento";"Bom";"Sem defeito";"Perfeito estado";"Seca";"Perfeito estado";"Faixa de pedestre";"Outras";"";"Única";"Faixa contínua";"Faixa seccionada";""
"4126";2021-01-07;"17:50:00";"COM VÍTIMA";"FINALIZADA";"CASA AMARELA";"AV NORTE";"";"";"PRÓX À UPINHA";"CASA AMARELA";NA;"";"COLISÃO COM CICLISTA";"AUTO X CICLISTA";1;0;0;1;0;0;0;0;0;1;0;"Longo da via";"Bom";"Não existe";"Perfeito estado";"Seca";"Perfeito estado";"Não existe";"Outras";"";"Dupla";"Faixa seccionada";"Canteiro central";""
"4127";2021-01-07;"18:21:00";"COM VÍTIMA";"FINALIZADA";"PARNAMIRIM";"RUA DA HARMONIA";"";"EST DO ENCANAMENTO";"";"PARNAMIRIM";NA;"";"COLISÃO";"02 MOTOCICLETAS";0;2;0;0;0;0;0;0;0;2;0;"Cruzamento";"Bom";"Sem defeito";"Perfeito estado";"Seca";"Perfeito estado";"Faixa de pedestre";"Outras";"";"Única";"Não existe";"";""
"4128";2021-01-08;"08:01:00";"COM VÍTIMA";"FINALIZADA";"SAN MARTIN";"AV ENGENHEIRO ABDIAS DE CARVALHO";"";"RUA QUINZE DE MARCO";"PRAÇA DA CHESF";"SAN MARTIN";NA;"";"ABALROAMENTO LONGITUDINAL";"COLISÃO COM VÍTIMA";0;2;0;0;0;0;0;0;0;1;0;"Longo da via";"Bom";"Sem defeito";"Perfeito estado";"Seca";"Perfeito estado";"Faixa de pedestre";"Não há placas";"";"Única";"Canteiro central";"";""
"4129";2021-01-08;"13:18:00";"COM VÍTIMA";"FINALIZADA";"IPSEP";"AV RECIFE";"3532";"";"EM FRENTE AO POSTO IPIRANGA/ SENTIDO BOA VIAGEM";"IPSEP";NA;"";"ABALROAMENTO LONGITUDINAL";"COLISÃO COM VÍTIMA";1;1;0;0;0;0;0;0;0;1;0;"Longo da via";"Bom";"Não existe";"Perfeito estado";"Seca";"Perfeito estado";"Não existe";"Não há placas";"";"Dupla";"Faixa seccionada";"";""
"4130";2021-01-08;"22:26:00";"COM VÍTIMA";"FINALIZADA";"PINA";"AV HERCULANO BANDEIRA";"627";"";"PROX A CAIXA ECONOMICA";"PINA";NA;"";"COLISÃO TRASEIRA";"COLISAO ENTRE AUTO E MOTO COM VITIMA";1;1;0;0;0;0;0;0;0;1;0;"Cruzamento";"Bom";"Não existe";"Perfeito estado";"Seca";"Perfeito estado";"Não existe";"Outras";"";"Única";"Faixa seccionada";"";""
"4131";2021-01-09;"11:56:00";"SEM VÍTIMA";"FINALIZADA";"BOA VISTA";"AV CONDE DA BOA VISTA";"1410";"";"PRÓXIMO À RUA PADRE INGLÊS";"BOA VISTA";NA;"";"COLISÃO";"CONFORME O SUB INSP CÁSSIO O ORIENTADOR INFORMOU QUE UMA DAS PARTES ESTAVA COM SUSPEITA DE EMBRIAGUES";1;1;0;0;0;0;0;0;0;0;0;"";"";"";"";"";"";"";"";"";"";"";"";""
"4132";2021-01-09;"12:19:00";"COM VÍTIMA";"FINALIZADA";"BOA VIAGEM";"AV ARMINDO MOURA";"";"RUA VISCONDE DE JEQUITINHONHA";"PRÓX AO COMAR II";"BOA VIAGEM";NA;"";"ABALROAMENTO LONGITUDINAL";"AUTO X MOTO";1;1;0;0;0;0;0;0;0;1;0;"Cruzamento";"Bom";"Sem defeito";"Perfeito estado";"Seca";"Perfeito estado";"Faixa de pedestre";"Outras";"";"Única";"Faixa seccionada";"Canal";""
"4133";2021-01-09;"12:36:00";"SEM VÍTIMA";"FINALIZADA";"BRASÍLIA TEIMOSA";"AV BRASILIA FORMOSA";"";"";"PRAIA BURACO DA VÉIA / PRÓX À LOJA GOUVEIA";"BRASÍLIA TEIMOSA";NA;"";"COLISÃO";"COLISÃO COM VEÍCULO OFICIAL";2;0;0;0;0;0;0;0;0;0;0;"Longo da via";"Bom";"Não existe";"Perfeito estado";"Seca";"Perfeito estado";"Não existe";"";"";"";"";"";""
"4134";2021-01-09;"12:53:00";"";"";"SANTO AMARO";"AV CRUZ CABUGA";"";"AV NORTE";"EM FRENTE AO PREDIO DO SENAI";"SANTO AMARO";34;"";"ABALROAMENTO TRANSVERSAL";"COLISÃO COM 4 VEICULOS";4;0;0;0;0;0;0;0;0;0;0;"Cruzamento";"Bom";"Sem defeito";"Perfeito estado";"Seca";"Perfeito estado";"Faixa de pedestre";"";"";"Dupla";"Faixa contínua";"Faixa seccionada";""
"4135";2021-01-09;"14:02:00";"COM VÍTIMA";"FINALIZADA";"ÁGUA FRIA";"RUA SAO BENTO";"";"AV BEBERIBE";"EM BAIXO DO SEMAFORO 064";"ÁGUA FRIA";64;"";"ABALROAMENTO LONGITUDINAL";"COLISÃO CARRO X MOTO / ORIENTADOR MARCELO NO LOCAL";1;1;0;0;0;0;0;0;0;1;0;"Cruzamento";"Bom";"Sem defeito";"Perfeito estado";"Seca";"Perfeito estado";"Faixa de pedestre";"Não há placas";"";"Dupla";"Faixa contínua";"";""
"4136";2021-01-09;"14:10:00";"COM VÍTIMA";"FINALIZADA";"BOA VIAGEM";"RUA VISCONDE DE JEQUITINHONHA";"";"AV ARMINDO MOURA";"PRÓX AO COMAR II";"BOA VIAGEM";NA;"";"ABALROAMENTO TRANSVERSAL";"COLISÃO MOTO X MOTO / VT 13 NO LOCAL";0;2;0;0;0;0;0;0;0;3;0;"Cruzamento";"Bom";"Sem defeito";"Perfeito estado";"Seca";"Perfeito estado";"Faixa de pedestre";"Outras";"";"Única";"Faixa seccionada";"";""
"4137";2021-01-09;"14:21:00";"COM VÍTIMA";"FINALIZADA";"SANTO AMARO";"AV CRUZ CABUGA";"";"AV NORTE";"EM FRENTE AO PREDIO DO SENAI";"SANTO AMARO";34;"CIDADE";"ABALROAMENTO TRANSVERSAL";"A EQUIPE FOI SOLICITADA PARA VERIFICAR A COLISÃO DIANTE DE VEÍCULOS QUE PERMANECEM NA VIA";4;0;0;0;0;0;0;0;0;1;0;"Cruzamento";"Bom";"Sem defeito";"Perfeito estado";"Seca";"Perfeito estado";"Faixa de pedestre";"";"";"Dupla";"Faixa contínua";"Faixa seccionada";""
"4138";2021-01-09;"14:24:00";"SEM VÍTIMA";"CANCELADA";"CAMPINA DO BARRETO";"RUA MARCILIO DIAS";"110";"";"NA ENTRADA DO POINT BURGUER";"CAMPINA DO BARRETO";NA;"";"COLISÃO";"COLISÃO CARRO X MOTO / O CONDUTOR DA MOTO APOS A COLISÃO DEIXOU O VEICULO E LOCAL E SE EVADIU";1;1;0;0;0;0;0;0;0;0;0;"";"";"";"";"";"";"";"";"";"";"";"";""
"4139";2021-01-10;"00:51:00";"COM VÍTIMA";"FINALIZADA";"DERBY";"AV GOVERNADOR AGAMENON MAGALHAES";"";"";"CRUZAMENTO COM A RUA HENRIQUE DIAS SENTIDO BOA VIAGEM";"DERBY";NA;"";"ATROPELAMENTO";"VÍTIMA SOCORRIDA";1;0;0;0;1;0;0;0;0;1;0;"Cruzamento";"Bom";"Sem defeito";"Perfeito estado";"Seca";"Perfeito estado";"Faixa de pedestre";"Outras";"";"Única";"Faixa seccionada";"Canteiro central";""
"4140";2021-01-10;"19:36:00";"COM VÍTIMA";"FINALIZADA";"AFOGADOS";"RUA MOTOCOLOMBO";"";"";"E/F AO TROCAO";"AFOGADOS";NA;"";"ABALROAMENTO TRANSVERSAL";"COLIAO ENTRE AUTO E MOTO COM VITIMAS";1;1;0;0;0;0;0;0;0;1;0;"Cruzamento";"Bom";"Sem defeito";"Perfeito estado";"Seca";"Perfeito estado";"Faixa de pedestre";"Outras";"";"Única";"Não existe";"";""
"4141";2021-01-10;"22:57:00";"COM VÍTIMA";"FINALIZADA";"CORDEIRO";"RUA CANTORA CLARA NUNES";"90 A";"";"E/F A UPINHA DE SANTA LUZIA";"CORDEIRO";NA;"";"COLISÃO FRONTAL";"COLISAO ENTRE AUTO E MOTO COM VITIMAS";1;1;0;0;0;0;0;0;0;1;0;"Longo da via";"Bom";"Não existe";"Ilegível";"Seca";"Mal iluminada";"Não existe";"Não há placas";"";"Dupla";"Não existe";"";""