"";"data";"hora";"natureza_acidente";"situacao";"bairro";"endereco";"numero";"detalhe_endereco_acidente";"complemento";"bairro_cruzamento";"num_semaforo";"sentido_via";"tipo";"descricao";"auto";"moto";"ciclom";"ciclista";"pedestre";"onibus";"caminhao";"viatura";"outros";"vitimas";"vitimasfatais";"acidente_verificado";"tempo_clima";"situacao_semaforo";"sinalizacao";"condicao_via";"conservacao_via";"ponto_controle";"situacao_placa";"velocidade_max_via";"mao_direcao";"divisao_via1";"divisao_via2";"divisao_via3"
"4142";2021-01-11;"10:09:00";"SEM VÍTIMA";"FINALIZADA";"DERBY";"AV GOVERNADOR AGAMENON MAGALHAES";"";"";"EM FRENTE AO SEMÁFORO Nº 078";"DERBY";NA;"CIDADE";"ABALROAMENTO TRANSVERSAL";"COLISÃO ENTRE VEÍCULO OFICIAL E CAMINHÃO";0;0;0;0;0;0;1;1;0;0;0;"Longo da via";"Bom";"Sem defeito";"Perfeito estado";"Seca";"Perfeito estado";"Não existe";"Não há placas";"";"Dupla";"Não existe";"";""
"4143";2021-01-11;"11:21:00";"COM VÍTIMA";"FINALIZADA";"GRAÇAS";"RUA ALBERTO PAIVA";"347";"RUA DO FUTURO";"EM FRENTE AO BISTRO FRISABOR";"GRAÇAS";NA;"";"COLISÃO FRONTAL";"COM UMA VITIMA AGUARDANDO  SAMU";1;1;0;0;0;0;0;0;0;1;0;"Longo da via";"Bom";"Não existe";"Incompleta";"Seca";"Perfeito estado";"Não existe";"Placas Pare";"";"Única";"Faixa seccionada";"";""
"4144";2021-01-11;"12:14:00";"COM VÍTIMA";"FINALIZADA";"TORRÕES";"RUA WASHINGTON DUARTE ESPINDOLA";"";"";"AO LADO POSTO SHELL LUPI DOIS";"TORRÕES";NA;"SUBURBIO";"COLISÃO";"COM DUAS VITIMAS SAMU ACIONADO";1;1;0;0;0;0;0;0;0;2;0;"Longo da via";"Bom";"Não existe";"";"Seca";"Perfeito estado";"Não existe";"Não há placas";"";"Única";"";"";""
"4145";2021-01-11;"14:35:00";"COM VÍTIMA";"FINALIZADA";"ENCRUZILHADA";"LGO ENCRUZILHADA";"";"AV JOAO DE BARROS";"";"ENCRUZILHADA";664;"";"COLISÃO COM CICLISTA";"COLISÃO DO AUTO E BICICLETA";1;0;0;1;0;0;0;0;0;1;0;"Longo da via";"Bom";"Sem defeito";"Perfeito estado";"Seca";"Perfeito estado";"Faixa de pedestre";"Outras";"";"Dupla";"Faixa contínua";"Canteiro central";"Blocos"
"4146";2021-01-11;"16:00:00";"COM VÍTIMA";"FINALIZADA";"BOA VIAGEM";"AV CONSELHEIRO AGUIAR";"";"RUA ARTUR MUNIZ";"";"BOA VIAGEM";NA;"";"ABALROAMENTO TRANSVERSAL";"AGENTES SE DEPARARAM COM UMA COLISÃO COM VÍTIMA";1;1;0;0;0;0;0;0;0;1;0;"Cruzamento";"Bom";"Sem defeito";"Perfeito estado";"Seca";"Perfeito estado";"Faixa de pedestre";"";"";"Única";"Faixa contínua";"Faixa seccionada";""
"4147";2021-01-11;"17:34:00";"COM VÍTIMA";"FINALIZADA";"ARRUDA";"AV BEBERIBE";"";"";"PRÓX AO CANAL DA CONSTRUÇÃO";"ARRUDA";NA;"";"COLISÃO COM CICLISTA";"";0;0;0;1;0;1;0;0;0;1;0;"Longo da via";"Bom";"Não existe";"Perfeito estado";"Seca";"Perfeito estado";"Outros";"R-6a";"";"Dupla";"Faixa contínua";"";""
"4148";2021-01-11;"18:22:00";"SEM VÍTIMA";"CANCELADA";"CAMPO GRANDE";"RUA MARQUES DE ABRANTES";"37";"";"EM FRENTE A ULTRAGAZ";"CAMPO GRANDE";NA;"";"COLISÃO COM CICLISTA";"COLISÃO ENVOVENDO DOIS AUTOS E UM CICLISTA SEM VÍTIMA, CONDUTOR DE UM DOS VEÍCULOS APRESENTA SINTOMAS DE EMBRIAGUEZ";2;0;0;1;0;0;0;0;0;0;0;"";"";"";"";"";"";"";"";"";"";"";"";""
"4149";2021-01-12;"08:42:00";"COM VÍTIMA";"FINALIZADA";"IPSEP";"AV RECIFE";"";"RUA SAO NICOLAU";"EM FRENTE A CASA DAS BATERIAS";"IPSEP";16;"";"COLISÃO";"AUTO E MOTO C/V  VT- 05  GM´S FABIANO WILIAN MELO NO LOCAL";1;1;0;0;0;0;0;0;0;1;0;"";"";"";"";"";"";"";"";"";"";"";"";""
"4150";2021-01-12;"09:52:00";"COM VÍTIMA";"FINALIZADA";"IPSEP";"AV RECIFE";"";"";"E/F AO MARTELINHO DE OURO";"IPSEP";NA;"";"ABALROAMENTO LONGITUDINAL";"COLISÃO C/VITIMA ENTRE UM ONIBUS E UM CAMINHAO // BATEDORES  MARCELO ANTONIO, PASSOS E MAXUEL NO QTH";0;0;0;0;0;1;1;0;0;1;0;"Longo da via";"Bom";"Não existe";"Perfeito estado";"Seca";"Perfeito estado";"Não existe";"Não há placas";"";"Dupla";"Faixa seccionada";"Canteiro central";""
"4151";2021-01-12;"10:13:00";"COM VÍTIMA";"FINALIZADA";"IPUTINGA";"AV MAURICIO DE NASSAU";"268";"";"E/F A AUTO FILME EQUIPADORA";"IPUTINGA";NA;"";"COLISÃO TRASEIRA";"COLISIÃO C/ VITIMA ENTRE UM AUTO E UMA MOTO";1;1;0;0;0;0;0;0;0;1;0;"Cruzamento";"Bom";"Não existe";"Ilegível";"Seca";"Perfeito estado";"Não existe";"Placas Pare";"";"Dupla";"Faixa contínua";"";""
"4152";2021-01-12;"10:18:00";"COM VÍTIMA";"FINALIZADA";"ESPINHEIRO";"RUA QUARENTA E OITO";"244";"";"APOS O ESPAÇO VIDA SAUDAVEL";"ESPINHEIRO";NA;"";"ABALROAMENTO LONGITUDINAL";"AUTO E MOTO C/ V  VT-09 NO LOCAL";1;1;0;0;0;0;0;0;0;1;0;"Longo da via";"Bom";"Não existe";"Perfeito estado";"Seca";"Perfeito estado";"Não existe";"R-6a";"";"Única";"Faixa seccionada";"";""
"4153";2021-01-12;"13:15:00";"COM VÍTIMA";"CANCELADA";"TORRE";"RUA REAL DA TORRE";"";"RUA CONDE DE IRAJA";"E/F AO EXTRABOM";"TORRE";NA;"";"COLISÃO";"COLISAO ENTRE DUAS MOTOS COM UMA VITIMA";0;1;0;0;0;0;0;0;0;1;0;"";"";"";"";"";"";"";"";"";"";"";"";""
"4154";2021-01-12;"18:29:00";"SEM VÍTIMA";"FINALIZADA";"SANTO AMARO";"AV GOVERNADOR AGAMENON MAGALHAES";"";"";"E/F AO CAMPO DO ONZE";"SANTO AMARO";NA;"";"COLISÃO";"COLISAO ENTRE DOIS AUTOS S/ VITIMAS ( HILUX ESTA LOCADA PARA A CASA MILITAR)";2;0;0;0;0;0;0;0;0;0;0;"Longo da via";"Bom";"Não existe";"Perfeito estado";"Seca";"Perfeito estado";"";"Não há placas";"";"Dupla";"Canteiro central";"";""
"4155";2021-01-12;"20:26:00";"COM VÍTIMA";"FINALIZADA";"IMBIRIBEIRA";"RUA ALAMEDA DAS HORTENCIAS";"279";"";"PROX AO COLEGIO NOVO MOTIVO";"IMBIRIBEIRA";NA;"";"ABALROAMENTO LONGITUDINAL";"COLISAO ENTRE AUTO E MOTO COM VITIMAS";1;1;0;0;0;0;0;0;0;1;0;"Cruzamento";"Bom";"Não existe";"Ilegível";"Seca";"Mal iluminada";"Não existe";"Não há placas";"";"Dupla";"Faixa seccionada";"";""
"4156";2021-01-12;"22:36:00";"COM VÍTIMA";"FINALIZADA";"IPSEP";"AV RECIFE";"";"";"E/F AO POSTO SHELL / SEMÁFORO 055";"IPSEP";NA;"";"COLISÃO FRONTAL";"AUTO X MOTO. C/V";1;1;0;0;0;0;0;0;0;1;0;"";"Bom";"Não existe";"Não existente";"Seca";"Perfeito estado";"Não existe";"Não há placas";"";"";"Não existe";"";""
"4157";2021-01-13;"10:48:00";"SEM VÍTIMA";"FINALIZADA";"VÁRZEA";"RUA GASTAO VIDIGAL";"";"AV CAXANGA";"SEMÁFORO Nº 281";"VÁRZEA";281;"CIDADE";"CHOQUE OBJETO FIXO";"QUEDA DO SEMÁMORO APÓS COLISÃO";0;0;0;0;0;1;0;0;0;0;0;"";"Bom";"Sem defeito";"Incompleta";"Seca";"Perfeito estado";"Agente";"Não há placas";"";"Dupla";"Faixa contínua";"";""
"4158";2021-01-13;"11:12:00";"COM VÍTIMA";"FINALIZADA";"MADALENA";"RUA JOAO IVO DA SILVA";"";"AV ENGENHEIRO ABDIAS DE CARVALHO";"AO LADO DO HABIBS";"MADALENA";132;"CIDADE";"ABALROAMENTO TRANSVERSAL";"COM UMA VITIMA AGUARDANDO SAMU";0;2;0;0;0;0;0;0;0;1;0;"Cruzamento";"Bom";"Sem defeito";"Incompleta";"Seca";"Perfeito estado";"Faixa de pedestre";"Não há placas";"";"Única";"Faixa seccionada";"";""
"4159";2021-01-13;"13:48:00";"SEM VÍTIMA";"CANCELADA";"SAN MARTIN";"AV GENERAL SAN MARTIN";"";"";"EM FRENTE À FARMÁCIA DO TRABALHADOR";"SAN MARTIN";NA;"";"COLISÃO";"COLISÃO COM VEÍCULO OFICIAL";2;0;0;0;0;0;0;0;0;0;0;"";"";"";"";"";"";"";"";"";"";"";"";""
"4160";2021-01-13;"14:30:00";"COM VÍTIMA";"FINALIZADA";"PARNAMIRIM";"RUA PROFESSORA AURORA SOARES";"";"";"PROX AO MUSEU MURILO LA GREGA";"PARNAMIRIM";NA;"";"ABALROAMENTO LONGITUDINAL";"COLISÃO CARRO X MOTO";1;1;0;0;0;0;0;0;0;1;0;"Longo da via";"Bom";"Não existe";"Perfeito estado";"Seca";"Perfeito estado";"Outros";"Não há placas";"";"Dupla";"Faixa contínua";"";""
"4161";2021-01-13;"14:59:00";"COM VÍTIMA";"FINALIZADA";"IPUTINGA";"AV CAXANGA";"";"";"EM FRENTE A FORD GRANVIA";"IPUTINGA";NA;"";"COLISÃO COM CICLISTA";"CARRO COLIDIU COM CICLISTA E DEPOIS E VEICULO CHOCOU-SE COM POSTE / VT 02";1;0;0;1;0;0;0;0;0;2;0;"Longo da via";"Bom";"Sem defeito";"Perfeito estado";"Seca";"Perfeito estado";"Faixa de pedestre";"Não há placas";"";"Dupla";"Canteiro central";"";""
"4162";2021-01-13;"18:01:00";"COM VÍTIMA";"FINALIZADA";"PINA";"AV ANTONIO DE GOES";"275";"";"EM FRENTE AO INTERNACIONAL TRADE CENTER";"PINA";NA;"";"COLISÃO TRASEIRA";"COLISAO ENTRE AUTO E MOTO COM VITIMA";1;1;0;0;0;0;0;0;0;1;0;"Longo da via";"Bom";"Não existe";"Perfeito estado";"Seca";"Perfeito estado";"Não existe";"Não há placas";"";"Única";"Canteiro central";"";""
"4163";2021-01-13;"17:59:00";"COM VÍTIMA";"FINALIZADA";"BOA VIAGEM";"RUA COSMORAMA";"";"RUA BALTAZAR PASSOS";"PROX TRAS DO COLEGIO MADRE DE DEUS";"BOA VIAGEM";556;"";"ABALROAMENTO LONGITUDINAL";"COLISÃO MOTO X CARRO";1;1;0;0;0;0;0;0;0;1;0;"Esquina";"Bom";"Sem defeito";"Perfeito estado";"Seca";"Perfeito estado";"Faixa de pedestre";"Outras";"";"Dupla";"Outros";"";""
"4164";2021-01-13;"18:11:00";"COM VÍTIMA";"FINALIZADA";"SANTO AMARO";"RUA PALMARES";"";"RUA TREZE DE MAIO";"";"SANTO AMARO";30;"";"ABALROAMENTO LONGITUDINAL";"AUTO X MOTOCICLETA";1;1;0;0;0;0;0;0;0;1;0;"Cruzamento";"Bom";"Sem defeito";"Perfeito estado";"Seca";"Perfeito estado";"Faixa de pedestre";"Não há placas";"60 km/h";"Dupla";"Não existe";"";""
"4165";2021-01-13;"18:27:00";"COM VÍTIMA";"FINALIZADA";"BOA VIAGEM";"RUA MARQUES DE VALENCA";"350";"";"EM FRENTE A IGREJA NOSSA SENHORA DE FÁTIMA, PROXIMO  DO RESTAURANTE ENTRE AMIGOS";"BOA VIAGEM";NA;"";"ABALROAMENTO TRANSVERSAL";"COLISÃO ENTRE AUTO E MOTO COM VÍTIMAS";1;1;0;0;0;0;0;0;0;1;0;"Cruzamento";"Bom";"Não existe";"Perfeito estado";"Seca";"Perfeito estado";"Faixa de pedestre";"Não há placas";"";"Dupla";"Faixa seccionada";"";""
"4166";2021-01-13;"20:48:00";"COM VÍTIMA";"FINALIZADA";"TEJIPIÓ";"RUA FALCAO DE LACERDA";"484";"";"NA ENTRADA DA ESTAÇÃO DO METRÔ COQUEIRAL, AO LADO DA ASSEMBLEIA DE DEUS, AO LADO DA PIZZARIA  E CASA DE MASSAS";"TEJIPIÓ";NA;"";"ABALROAMENTO LONGITUDINAL";"COLISÃO ENTRE MOTO X CAMINHÃO X AUTO";1;1;0;0;0;0;1;0;0;1;0;"Longo da via";"Bom";"Sem defeito";"Perfeito estado";"Seca";"Perfeito estado";"Faixa de pedestre";"Outras";"50 km/h";"Dupla";"Faixa contínua";"";""
"4167";2021-01-14;"07:21:00";"COM VÍTIMA";"FINALIZADA";"CORDEIRO";"RUA GOMES TABORDA";"1703";"";"EM FRENTE A CERVEJARIA VAPOR 82";"CORDEIRO";NA;"";"COLISÃO COM CICLISTA";"AUTO E CICLISTA C/V";1;0;0;1;0;0;0;0;0;1;0;"Longo da via";"Bom";"Não existe";"Perfeito estado";"Seca";"Perfeito estado";"Não existe";"Outras";"";"Dupla";"Faixa seccionada";"";""
"4168";2021-01-14;"07:29:00";"SEM VÍTIMA";"FINALIZADA";"SANTO AMARO";"AV CRUZ CABUGA";"";"";"E/F A CASA DA INDUSTRIA";"SANTO AMARO";NA;"";"COLISÃO";"COLISÃO S/VITIMA ENTRE DOIS AUTOS (VEICULO OFICIAL) // VT.30 NO QTH";2;0;0;0;0;0;0;0;0;0;0;"Longo da via";"Bom";"Não existe";"Perfeito estado";"Seca";"Perfeito estado";"Não existe";"Não há placas";"";"Dupla";"Faixa contínua";"";""
"4169";2021-01-14;"09:22:00";"SEM VÍTIMA";"FINALIZADA";"ÁGUA FRIA";"AV BEBERIBE";"1715";"";"";"ÁGUA FRIA";NA;"";"ABALROAMENTO LONGITUDINAL";"";0;0;0;0;0;1;1;0;0;0;0;"Longo da via";"Bom";"Sem defeito";"Perfeito estado";"Seca";"Perfeito estado";"Outros";"Outras";"";"Dupla";"Faixa contínua";"";""
"4170";2021-01-14;"12:34:00";"COM VÍTIMA";"CANCELADA";"ILHA DO LEITE";"RUA MINAS GERAIS";"30";"";"E/F A PRAÇA FERNANDES FIGUEIRA POR TRAS DO IMIP";"ILHA DO LEITE";NA;"";"COLISÃO";"COLISAO ENTRE AUTO EMOTO COMUMAVITIMA";1;1;0;0;0;0;0;0;0;1;0;"";"";"";"";"";"";"";"";"";"";"";"";""
"4171";2021-01-14;"16:25:00";"COM VÍTIMA";"FINALIZADA";"SANTO AMARO";"AV PREFEITO ARTUR LIMA CAVALCANTI";"";"";"APOS O HOSPITAL DE COVID";"SANTO AMARO";NA;"";"ABALROAMENTO LONGITUDINAL";"COLISAO ENVOLVENDO AUTO E MOTO COM VITIMA";1;1;0;0;0;0;0;0;0;1;0;"Longo da via";"Bom";"Não existe";"Perfeito estado";"Seca";"Perfeito estado";"Não existe";"R-6a";"";"Dupla";"Canteiro central";"";""
"4172";2021-01-14;"20:46:00";"COM VÍTIMA";"FINALIZADA";"BOA VIAGEM";"AV ENGENHEIRO DOMINGOS FERREIRA";"";"";"PROX AO BANCO SANTADER";"BOA VIAGEM";NA;"";"COLISÃO TRASEIRA";"COLISAO ENTRE DOIS AUTOS COM VITIMAS  ( MOTORISTA DO FIAT MOBI COM SINAIS DE EMBREAGUES )";2;0;0;0;0;0;0;0;0;1;0;"Longo da via";"Bom";"Sem defeito";"Perfeito estado";"Seca";"Perfeito estado";"Faixa de pedestre";"Outras";"";"Única";"Faixa seccionada";"";""
"4173";2021-01-14;"21:00:00";"COM VÍTIMA";"FINALIZADA";"AREIAS";"AV DR JOSE RUFINO";"";"RUA JOSE NATARIO";"SEMÁFORO 044 / ENTRADA DE AREIAS E E/F AO POSTO SHELL";"AREIAS";NA;"";"ABALROAMENTO TRANSVERSAL";"AUTO X MOTO. C/V";1;1;0;0;0;0;0;0;0;1;0;"Cruzamento";"Bom";"Sem defeito";"Perfeito estado";"Seca";"Perfeito estado";"Faixa de pedestre";"R-6a";"40 km/h";"Dupla";"Faixa contínua";"";""
"4174";2021-01-14;"23:39:00";"COM VÍTIMA";"FINALIZADA";"BOA VIAGEM";"AVENIDA CELSO FURTADO (VIA MANGUE)";"";"";"PROXIMO AO RETORNO SENTIDO BOA VIAGEM";"BOA VIAGEM";NA;"SUBURBIO";"COLISÃO COM CICLISTA";"COLISÃO MOTO E BICICLETA";0;1;0;3;0;0;0;0;0;4;0;"Longo da via";"Bom";"Não existe";"Perfeito estado";"Seca";"Perfeito estado";"Não existe";"Outras";"60 km/h";"Única";"Faixa contínua";"";""
"4175";2021-01-15;"00:37:00";"COM VÍTIMA";"FINALIZADA";"TAMARINEIRA";"EST VELHA DE AGUA FRIA";"";"";"COM A AV PROFº JOSÉ DOS ANJOS";"TAMARINEIRA";NA;"CIDADE";"COLISÃO FRONTAL";"COLISÃO  AUTO X MOTO";1;0;1;0;0;0;0;0;0;1;0;"Cruzamento";"Bom";"Sem defeito";"Perfeito estado";"Seca";"Perfeito estado";"Faixa de pedestre";"";"";"Única";"Canteiro central";"";""
"4176";2021-01-15;"12:01:00";"COM VÍTIMA";"FINALIZADA";"MADALENA";"AV VISCONDE DE ALBUQUERQUE";"";"RUA LOPES DE CARVALHO";"";"MADALENA";NA;"";"ABALROAMENTO TRANSVERSAL";"";1;0;1;0;0;0;0;0;0;1;0;"Longo da via";"Bom";"Não existe";"Perfeito estado";"Seca";"Perfeito estado";"Não existe";"Não há placas";"";"Única";"Faixa seccionada";"";""
"4177";2021-01-15;"16:14:00";"COM VÍTIMA";"FINALIZADA";"TEJIPIÓ";"AV DR JOSE RUFINO";"";"";"EM FRENTE À ESTAÇÃO DE TEJIPIÓ";"TEJIPIÓ";497;"";"ABALROAMENTO TRANSVERSAL";"AUTO X MOTO";1;1;0;0;0;0;0;0;0;2;0;"Longo da via";"Bom";"Sem defeito";"Perfeito estado";"Seca";"Perfeito estado";"Não existe";"R-6a";"";"Dupla";"Faixa contínua";"";""
"4178";2021-01-15;"17:02:00";"COM VÍTIMA";"FINALIZADA";"SÃO JOSÉ";"AV ENGENHEIRO JOSE ESTELITA";"";"";"ANTES DO VIADUTO CAPITÃO TEMUDO";"SÃO JOSÉ";NA;"SUB";"ABALROAMENTO TRANSVERSAL";"LADO OPOSTO AO CABANGA IATE CLUBE";0;0;1;0;0;0;1;0;0;1;0;"Longo da via";"Bom";"Não existe";"Perfeito estado";"Seca";"Perfeito estado";"Faixa de pedestre";"";"";"Dupla";"Canteiro central";"";""
"4179";2021-01-15;"17:04:00";"SEM VÍTIMA";"FINALIZADA";"BOA VIAGEM";"RUA PADRE BERNADINO PESSOA";"";"RUA DOS NAVEGANTES";"";"BOA VIAGEM";NA;"";"COLISÃO";"VEÍCULO ESTAVA DANDO RÉ DO ESTACIONAMENTO PARA A VIA E COLIDIU COM A MOTOCICLETA LEVEMENTE";1;0;1;0;0;0;0;0;0;0;0;"";"";"";"";"";"";"";"";"";"";"";"";""
"4180";2021-01-15;"17:12:00";"SEM VÍTIMA";"FINALIZADA";"IMBIRIBEIRA";"RUA SAO JUDAS TADEU";"385";"RUA PROF PEDRO AUGUSTO CARNEIRO LEAO";"";"IMBIRIBEIRA";NA;"";"ABALROAMENTO TRANSVERSAL";"";2;0;0;0;0;0;0;0;0;0;0;"";"Bom";"Não existe";"Não existente";"Seca";"Perfeito estado";"Não existe";"Não há placas";"";"Dupla";"Não existe";"";""
"4181";2021-01-15;"20:31:00";"COM VÍTIMA";"FINALIZADA";"SAN MARTIN";"AV GENERAL SAN MARTIN";"";"AV CONSUL VILARES FRAGOSO";"PRÓX AO QUARTEL DA CAVALARIA";"SAN MARTIN";326;"";"COLISÃO COM CICLISTA";"COLISÃO ENTRE AUTO E BICICLETA, COM VÍTIMA";1;0;0;1;0;0;0;0;0;1;0;"Cruzamento";"Bom";"Sem defeito";"Perfeito estado";"Seca";"Perfeito estado";"Faixa de pedestre";"Não há placas";"";"Dupla";"Faixa contínua";"Faixa seccionada";""
"4182";2021-01-15;"22:25:00";"SEM VÍTIMA";"FINALIZADA";"GUABIRABA";"RUA Z";"";"";"AO LADO DO POSTO DE GASOLINA  ECO POSTO SERRA II";"GUABIRABA";NA;"SUBURBIO";"CHOQUE VEÍCULO PARADO";"COLISÃO ENTRE VIATURA DA PM E CAMINHÃO, SEM VITIMAS";0;0;0;0;0;0;0;1;1;0;0;"Longo da via";"Bom";"Não existe";"Não existente";"Seca";"Mal iluminada";"Não existe";"Não há placas";"";"Dupla";"Não existe";"";""
"4183";2021-01-15;"22:45:00";"COM VÍTIMA";"FINALIZADA";"ESPINHEIRO";"RUA DO ESPINHEIRO";"";"RUA SANTO ELIAS";"PRÓX AO POSTO DE COMBUSTÍVEL YPIRANGA";"ESPINHEIRO";NA;"";"ABALROAMENTO TRANSVERSAL";"COLISÃO ENTRE AUTO E 2 MOTOS, COM VÍTIMAS";1;2;0;0;0;0;0;0;0;2;0;"Cruzamento";"Bom";"Não existe";"Perfeito estado";"Seca";"Perfeito estado";"Faixa de pedestre";"Placas Pare";"";"Dupla";"Faixa seccionada";"";""
"4184";2021-01-16;"04:00:00";"COM VÍTIMA";"CANCELADA";"BOA VIAGEM";"RUA BARAO DE SOUZA LEAO";"";"";"EM  FRENTE  AO  HOSPITAL   ALFA";"BOA VIAGEM";NA;"";"CHOQUE";"PASSAGEIRA   SE  PENDUROU   NO  ONIBUS  E  CAIU   NO  CHÃO   ESTAR  SENDO  SOCORRIDA  PELO   SAMU";0;0;0;0;0;1;0;0;0;1;0;"";"";"";"";"";"";"";"";"";"";"";"";""
"4185";2021-01-16;"07:34:00";"SEM VÍTIMA";"FINALIZADA";"IMBIRIBEIRA";"AV MARECHAL MASCARENHAS DE MORAES";"";"";"EM FRENTE A FARMACIA PAGUE MENOS";"IMBIRIBEIRA";290;"SUBURBIO";"COLISÃO TRASEIRA";"COLISÃO S/VITIMA. MOTORISTA COM SUSPEITA DE EMBREAGUEZ";2;0;0;0;0;0;0;0;0;0;0;"Longo da via";"Bom";"Sem defeito";"Perfeito estado";"Seca";"Perfeito estado";"Não existe";"Não há placas";"60 km/h";"Dupla";"Canteiro central";"";""
"4186";2021-01-16;"13:41:00";"COM VÍTIMA";"CANCELADA";"SANTO AMARO";"PTE DO LIMOEIRO";"";"";"PROXIMO AO HOSPITAL  PROVISORIO";"SANTO AMARO";NA;"";"COLISÃO";"COLISAO ENVOLVENDO AUTO E  MOTO COM VITIMA";1;1;0;0;0;0;0;0;0;1;0;"";"";"";"";"";"";"";"";"";"";"";"";""
"4187";2021-01-16;"18:49:00";"SEM VÍTIMA";"CANCELADA";"TORRE";"RUA JOSE BONIFACIO";"";"";"E/F AO POSOT IPIRANGA/ APOS O HOSPITAL DE AVILLA";"TORRE";NA;"";"COLISÃO";"COLISAO S/V ENTRE DOIS AUTOS ( CONDUTOR DA BMW COM SINAIS DE EMBREAGUES";2;0;0;0;0;0;0;0;0;0;0;"";"";"";"";"";"";"";"";"";"";"";"";""
"4188";2021-01-17;"00:05:00";"COM VÍTIMA";"FINALIZADA";"BOA VIAGEM";"AV ENGENHEIRO DOMINGOS FERREIRA";"";"RUA ALEXANDRINO MARTINS RODRIGUES";"E/F AO BOMPREÇO";"BOA VIAGEM";303;"";"ABALROAMENTO LONGITUDINAL";"MOTOCICLETA COLIDIU NA TRASEIRA DO AUTO PASSEIO - C/VITIMA";1;1;0;0;0;0;0;0;0;1;0;"Longo da via";"Bom";"Sem defeito";"Perfeito estado";"Seca";"Perfeito estado";"Faixa de pedestre";"";"60 km/h";"Única";"Faixa contínua";"";""
"4189";2021-01-17;"01:14:00";"SEM VÍTIMA";"CANCELADA";"JORDÃO";"RUA DR ALVARO FERRAZ";"9";"";"QUADRA C - PRÓXIMO NUCLEO POLICIAL E AO MERCADINHO LEVE MAIS";"JORDÃO";NA;"";"CHOQUE VEÍCULO PARADO";"CONDUTOR APRESENTANDO SINTOMAS DE EMBRIAGUEZ CHOCOU O VEICULO CONTRA A TRASEIRA DE UM CAMINHÃO PARADO";1;0;0;0;0;0;1;0;0;0;0;"";"";"";"";"";"";"";"";"";"";"";"";""
"4190";2021-01-17;"07:20:00";"COM VÍTIMA";"FINALIZADA";"SÃO JOSÉ";"C SANTA RITA";"";"";"APÓS O CUBE DE AMADORES DE PESCA VIRIATO DE MEDEIROS";"SÃO JOSÉ";NA;"CIDADE";"CHOQUE OBJETO FIXO";"O CONDUTOR PERDEU O CONTROLE DO VEÍCULO COLIDINDO COM TAPUMES DE METAL QUE ISOLAM A ÁREA";1;0;0;0;0;0;0;0;0;1;0;"Longo da via";"Bom";"Não existe";"Perfeito estado";"Seca";"Perfeito estado";"Não existe";"Não há placas";"";"Dupla";"Canteiro central";"";""
"4191";2021-01-17;"11:57:00";"SEM VÍTIMA";"CANCELADA";"MADALENA";"AV JOSE GONCALVES DE MEDEIROS";"72";"";"EM FRENTE A PORTO SEGURO";"MADALENA";NA;"";"CHOQUE OBJETO FIXO";"MOTORISTA COM SINTOMAS DE EMBRIAGUES";1;0;0;0;0;0;0;0;0;0;0;"";"";"";"";"";"";"";"";"";"";"";"";""
"4192";2021-01-17;"15:27:00";"COM VÍTIMA";"FINALIZADA";"MADALENA";"EST DOS REMEDIOS";"";"RUA BENFICA";"EM FRENTE À POLICLÍNICA LESSA DE ANDRADE";"MADALENA";NA;"";"ABALROAMENTO TRANSVERSAL";"";0;2;0;0;0;0;0;0;0;2;0;"Cruzamento";"Bom";"Sem defeito";"Perfeito estado";"Seca";"Perfeito estado";"Faixa de pedestre";"R-6a";"60 km/h";"Única";"Faixa contínua";"Faixa seccionada";"Blocos"
"4193";2021-01-17;"17:38:00";"COM VÍTIMA";"CANCELADA";"MADALENA";"RUA NOBRE DE LACERDA";"";"RUA DR JOSE MARCELINO";"PROX A LOJA NAGEM DA MADALENA";"MADALENA";NA;"";"COLISÃO";"COLISÃO MOTO X CARRO";1;1;0;0;0;0;0;0;0;2;0;"";"";"";"";"";"";"";"";"";"";"";"";""
"4194";2021-01-17;"19:10:00";"COM VÍTIMA";"FINALIZADA";"MUSTARDINHA";"AV MANOEL GONCALVES DA LUZ";"241";"";"EM FRENTE AO POSTO DE COMBUSTIVEIS TOTAL, PROXIMO DO VAREJÃO DO POVO";"MUSTARDINHA";NA;"";"ATROPELAMENTO";"ATROPELAMENTO ENVOLVENDO ÔNIBUS E PEDESTRE, COM VÍTIMA";0;0;0;0;1;1;0;0;0;1;0;"Longo da via";"Bom";"Não existe";"Perfeito estado";"Seca";"Perfeito estado";"Não existe";"Não há placas";"";"Dupla";"Faixa seccionada";"";""
"4195";2021-01-17;"19:18:00";"COM VÍTIMA";"FINALIZADA";"AREIAS";"AV RECIFE";"";"";"APOS O HOSPITAL DO IDOSO, PROXIMO DO HIPER BOM PREÇO, SENTIDO CIDADE UNIVERSITARIA";"AREIAS";NA;"";"ABALROAMENTO LONGITUDINAL";"COLISÃO ENTRE AUTO E MOTO, COM VÍTIMA";1;1;0;0;0;0;0;0;0;1;0;"Longo da via";"Bom";"Não existe";"Perfeito estado";"Seca";"Perfeito estado";"Não existe";"Não há placas";"";"Dupla";"Faixa seccionada";"Canteiro central";""