"";"data";"hora";"natureza_acidente";"situacao";"bairro";"endereco";"numero";"detalhe_endereco_acidente";"complemento";"bairro_cruzamento";"num_semaforo";"sentido_via";"tipo";"descricao";"auto";"moto";"ciclom";"ciclista";"pedestre";"onibus";"caminhao";"viatura";"outros";"vitimas";"vitimasfatais";"acidente_verificado";"tempo_clima";"situacao_semaforo";"sinalizacao";"condicao_via";"conservacao_via";"ponto_controle";"situacao_placa";"velocidade_max_via";"mao_direcao";"divisao_via1";"divisao_via2";"divisao_via3"
"4196";2021-01-17;"20:58:00";"SEM VÍTIMA";"FINALIZADA";"PINA";"AV ENGENHEIRO DOMINGOS FERREIRA";"861";"";"CONFRARIA DA BARBA";"PINA";NA;"SUBURBIO";"COLISÃO TRASEIRA";"COLISÃO ENTRE AUTO E VIATURA DA PM";2;0;0;0;0;0;0;0;0;0;0;"Longo da via";"Bom";"Sem defeito";"Perfeito estado";"Seca";"Perfeito estado";"Faixa de pedestre";"R-6a";"60 km/h";"Única";"Faixa seccionada";"";""
"4197";2021-01-17;"22:02:00";"SEM VÍTIMA";"FINALIZADA";"CASA AMARELA";"RUA PADRE LEMOS";"";"";"EM FRENTE AO MERCADO DE CASA AMARELA, LADO OPOSTO AO Nº 30";"CASA AMARELA";404;"SUBURBIO";"ABALROAMENTO LONGITUDINAL";"COLISÃO ENTRE VIATURA DA PM E MOTO, S/V";0;1;0;0;0;0;0;1;0;0;0;"Longo da via";"Bom";"Sem defeito";"Perfeito estado";"Seca";"Perfeito estado";"";"";"";"Dupla";"Não existe";"";""
"4198";2021-01-17;"22:43:00";"COM VÍTIMA";"CANCELADA";"BARRO";"RUA ANDRE DIAS FIGUEREDO";"64";"";"AO LADO DO BARRO SOCIETY";"BARRO";NA;"";"COLISÃO";"COLISÃO ENTRE AUTO E MOTO, COM VÍTIMA";1;1;0;0;0;0;0;0;0;1;0;"";"";"";"";"";"";"";"";"";"";"";"";""
"4199";2021-01-17;"23:25:00";"COM VÍTIMA";"CANCELADA";"PINA";"AV BOA VIAGEM";"";"";"PRÓXIMO AO JCPM";"PINA";NA;"";"CHOQUE";"";0;0;0;0;0;0;0;0;0;1;0;"";"";"";"";"";"";"";"";"";"";"";"";""
"4200";2021-01-18;"08:08:00";"COM VÍTIMA";"FINALIZADA";"CASA AMARELA";"RUA PADRE LEMOS";"671";"";"";"CASA AMARELA";NA;"";"ABALROAMENTO LONGITUDINAL";"COLISÃO COM VÍTIMA ENTRE  AUTO E MOTO";1;1;0;0;0;0;0;0;0;1;0;"Longo da via";"Bom";"Não existe";"Perfeito estado";"Seca";"Perfeito estado";"Não existe";"R-6a";"";"Dupla";"Faixa seccionada";"";""
"4201";2021-01-18;"15:34:00";"COM VÍTIMA";"FINALIZADA";"SANTO AMARO";"RUA BISPO CARDOSO AYRES";"297";"RUA BERNARDO GUIMARAES";"";"SANTO AMARO";NA;"";"ABALROAMENTO LONGITUDINAL";"COLISÃO COM VÍTIMA ENTRE  AUTO E MOTO";1;1;0;0;0;0;0;0;0;1;0;"Cruzamento";"Bom";"Não existe";"Perfeito estado";"Seca";"Perfeito estado";"Faixa de pedestre";"Outras";"";"Única";"Não existe";"";""
"4202";2021-01-18;"23:16:00";"SEM VÍTIMA";"CANCELADA";"ROSARINHO";"AV NORTE";"";"RUA GENERAL ABREU E LIMA";"CRUZAMENTO C/A RUA GENERAL ABREU E LIMA - SENTIDO SUB/CID";"ROSARINHO";NA;"CIDADE";"COLISÃO";"MOTOCICLISTA COLIDIU NA TRASEIRA DA VIATURA POLICIAL  - S/VITIMA";1;1;0;0;0;0;0;0;0;0;0;"";"";"";"";"";"";"";"";"";"";"";"";""
"4203";2021-01-19;"03:22:00";"COM VÍTIMA";"FINALIZADA";"BARRO";"AV DR JOSE RUFINO";"";"";"SOBRE O VIADUTO DO BARRO";"BARRO";NA;"CIDADE";"ABALROAMENTO TRANSVERSAL";"COLISÃO COM VÍTIMA ENTRE  ONIBUS E MOTO";0;1;0;0;0;1;0;0;0;1;0;"Cruzamento";"Bom";"Não existe";"Ilegível";"Seca";"Mal conservada";"Não existe";"";"";"Dupla";"Não existe";"";""
"4204";2021-01-19;"07:42:00";"COM VÍTIMA";"FINALIZADA";"CASA AMARELA";"EST DO ARRAIAL";"";"";"EM FRENTE DO CLUB AMERICA";"CASA AMARELA";NA;"";"COLISÃO TRASEIRA";"COM VITIMA AGUARDANDO SAMU NO LOCAL";1;1;0;0;0;0;0;0;0;1;0;"Longo da via";"Nublado";"Não existe";"";"Seca";"Perfeito estado";"Não existe";"Outras";"";"Única";"Faixa seccionada";"";""
"4205";2021-01-19;"08:58:00";"COM VÍTIMA";"FINALIZADA";"ILHA DO RETIRO";"AV ENGENHEIRO ABDIAS DE CARVALHO";"";"";"EM FRENTE A ILHA DO RETIRO";"ILHA DO RETIRO";367;"";"COLISÃO";"COM VITIMA";1;1;0;0;0;0;0;0;0;1;0;"";"";"";"";"";"";"";"";"";"";"";"";""
"4206";2021-01-19;"09:45:00";"COM VÍTIMA";"FINALIZADA";"BOA VIAGEM";"AV BOA VIAGEM";"1140";"";"EAO LADO DO PRAZA HOTEL";"BOA VIAGEM";118;"";"COLISÃO TRASEIRA";"COM UMA VITIMA AGUARDANDO SAMU";1;1;0;0;0;0;0;0;0;1;0;"Longo da via";"Bom";"Sem defeito";"Perfeito estado";"Seca";"Perfeito estado";"Faixa de pedestre";"R-6a";"";"Única";"Faixa contínua";"Faixa seccionada";""
"4207";2021-01-19;"10:33:00";"SEM VÍTIMA";"CANCELADA";"MACAXEIRA";"AV NORTE";"7490";"RUA DE APIPUCOS";"EM FRENTE A PRAÇA DA MACAXEIRA";"MACAXEIRA";671;"";"ENGAVETAMENTO";"COLISÃO SEM VITIMAS ,VEÍCULO OFICIAL VT CTTU";5;0;0;0;0;0;0;1;0;0;0;"";"";"";"";"";"";"";"";"";"";"";"";""
"4208";2021-01-19;"10:49:00";"COM VÍTIMA";"FINALIZADA";"MACAXEIRA";"AV NORTE";"";"";"EM FRENTE A ACADEMIA DA CIDADE";"MACAXEIRA";671;"";"COLISÃO TRASEIRA";"COM VITIMA";1;4;0;0;0;0;2;0;0;1;0;"Longo da via";"Bom";"Sem defeito";"Perfeito estado";"Seca";"Perfeito estado";"Faixa de retenção";"Outras";"";"Dupla";"Canteiro central";"";""
"4209";2021-01-19;"11:39:00";"COM VÍTIMA";"FINALIZADA";"TORRE";"RUA REAL DA TORRE";"";"";"REALIZAR DA UMA VARREDUIRA NO LOCAL DO BAIRRO DA MADALENA ATÉ O BAIRRO DA TORRE";"TORRE";NA;"";"COLISÃO";"";2;0;0;0;0;0;0;0;0;1;0;"";"";"";"";"";"";"";"";"";"";"";"";""
"4210";2021-01-19;"14:31:00";"COM VÍTIMA";"FINALIZADA";"DERBY";"AV GOVERNADOR AGAMENON MAGALHAES";"";"";"PRÓX AO AMERICANO BATISTA";"DERBY";174;"SUBURBIO";"ABALROAMENTO LONGITUDINAL";"AUTO X MOTO";1;1;0;0;0;0;0;0;0;1;0;"Cruzamento";"Bom";"Sem defeito";"Perfeito estado";"Seca";"Perfeito estado";"Agente";"R-4a";"60 km/h";"Dupla";"Canteiro central";"";""
"4211";2021-01-19;"14:57:00";"COM VÍTIMA";"FINALIZADA";"SÃO JOSÉ";"RUA IMPERIAL";"2005";"";"PRÓX À PERNAMBUCO ALUMÍNIO";"SÃO JOSÉ";352;"";"COLISÃO TRASEIRA";"AUTO X MOTO";1;1;0;0;0;0;0;0;0;2;0;"Longo da via";"Bom";"Sem defeito";"Perfeito estado";"Seca";"Perfeito estado";"Não existe";"Não há placas";"";"Única";"Não existe";"";""
"4212";2021-01-19;"15:54:00";"COM VÍTIMA";"FINALIZADA";"CABANGA";"VDO PAPA JOAO PAULO II";"";"PRC GOVERNADOR PAULO GUERRA";"AO LADO DO CABANGA IAT CLUBE";"CABANGA";NA;"";"ABALROAMENTO LONGITUDINAL";"COLISÃO COM VÍTIMA ENVOLVENDO UM AUTO E UMA MOT0OCICLETA";1;1;0;0;0;0;0;0;0;1;0;"Longo da via";"Bom";"Não existe";"Incompleta";"Seca";"Perfeito estado";"Não existe";"Não há placas";"";"Única";"Faixa contínua";"";""
"4213";2021-01-19;"16:43:00";"COM VÍTIMA";"FINALIZADA";"BOA VISTA";"AV GOVERNADOR AGAMENON MAGALHAES";"";"";"AV. GOV. AGAMENON MAGALHAES";"BOA VISTA";NA;"OLINDA";"CAPOTAMENTO";"ACIDENTE AO LONGO DA VIA . ACIDENTE DE PERCUSO  SOB O SEMAFORO 037 NO SENTIDO OLINDA";0;1;0;0;0;0;0;0;0;1;0;"Cruzamento";"Bom";"Sem defeito";"Perfeito estado";"Seca";"Perfeito estado";"Faixa de pedestre";"Não há placas";"60 km/h";"Única";"Faixa seccionada";"";""
"4214";2021-01-19;"17:42:00";"COM VÍTIMA";"FINALIZADA";"VÁRZEA";"AV AFONSO OLINDENSE";"";"";"SENTINDO INDO PRA CAXAGA, LOGO APOS O COLISEU";"VÁRZEA";NA;"";"COLISÃO COM CICLISTA";"MOTO X CICLISTA";0;1;0;1;0;0;0;0;0;2;0;"Longo da via";"Bom";"Não existe";"Perfeito estado";"Seca";"Perfeito estado";"Não existe";"Outras";"40 km/h";"Dupla";"Faixa seccionada";"";""
"4215";2021-01-19;"21:57:00";"SEM VÍTIMA";"CANCELADA";"MACAXEIRA";"AV NORTE";"";"";"PROX AO TERMINAL DA MACAXEIRA";"MACAXEIRA";NA;"";"CHOQUE";"VEÍCULO CHOCOU-SE CONTRA UM POSTE E FOI ABANDONADO NA VIA PELO CONDUTOR";1;0;0;0;0;0;0;0;0;0;0;"";"";"";"";"";"";"";"";"";"";"";"";""
"4216";2021-01-19;"22:01:00";"COM VÍTIMA";"FINALIZADA";"SANTO ANTÔNIO";"PTE PRINCESA IZABEL";"";"";"COLISÃO ENVOLVENDO VT DA CTTU NÚMERO 27";"SANTO ANTÔNIO";NA;"";"COLISÃO COM CICLISTA";"COLISÃO  ENVOLVENDO UMA VT E UMA BICICLETA";0;0;0;1;0;0;0;1;0;1;0;"Longo da via";"Chuvoso";"Não existe";"Perfeito estado";"Molhada";"Perfeito estado";"Não existe";"Não há placas";"";"Dupla";"Faixa contínua";"";""
"4217";2021-01-20;"12:37:00";"COM VÍTIMA";"FINALIZADA";"VÁRZEA";"RUA AGRICOLANDIA";"171";"RUA PROFESSOR ANTONIO COELHO";"EDF. RIO TAPAJÓS";"VÁRZEA";NA;"";"ABALROAMENTO LONGITUDINAL";"COM VÍTIMA. MOTO E CAMINHÃO";1;1;0;0;0;0;0;0;0;1;0;"Cruzamento";"Bom";"Não existe";"Incompleta";"Seca";"Perfeito estado";"Não existe";"Placas Pare";"";"Dupla";"Faixa seccionada";"";""
"4218";2021-01-20;"14:12:00";"COM VÍTIMA";"FINALIZADA";"ARRUDA";"AV BEBERIBE";"";"";"AO LADO DO LOJAO DO PETROLEO";"ARRUDA";NA;"";"COLISÃO COM CICLISTA";"COLISAO ENTRE ONIBUS E CICLISTA";0;0;0;1;0;1;0;0;0;1;0;"Longo da via";"Bom";"Sem defeito";"Perfeito estado";"Seca";"Perfeito estado";"Faixa de pedestre";"Outras";"";"Dupla";"Faixa contínua";"";""
"4219";2021-01-20;"17:09:00";"SEM VÍTIMA";"FINALIZADA";"SOLEDADE";"RUA DA SOLEDADE";"";"";"E/F A IGREJA DA SOLEDADE";"SOLEDADE";NA;"";"COLISÃO";"CAMINHAO COLIDIU COM A VT DA GUARDA MUNICIPAL";1;0;0;0;0;0;1;0;0;0;0;"Longo da via";"Bom";"Sem defeito";"Perfeito estado";"Seca";"Perfeito estado";"";"Não há placas";"40 KM/H";"Única";"";"";""
"4220";2021-01-20;"21:37:00";"COM VÍTIMA";"CANCELADA";"IMBIRIBEIRA";"AV MARECHAL MASCARENHAS DE MORAES";"";"";"E/F AO AEROPORTO / NA ÁREA DE DESEMBARQUE";"IMBIRIBEIRA";NA;"";"COLISÃO";"TÁXI X MOTO. C/V";1;1;0;0;0;0;0;0;0;1;0;"";"";"";"";"";"";"";"";"";"";"";"";""
"4221";2021-01-21;"05:01:00";"COM VÍTIMA";"FINALIZADA";"DERBY";"AV GOVERNADOR AGAMENON MAGALHAES";"";"AV RUI BARBOSA";"CRUZAMENTO C/AV RUI BARBOSA - SENTIDO BOA VIAGEM";"DERBY";NA;"";"ACID. DE PERCURSO";"CONDUTOR PERDEU O CONTROLE  DA MOTOCICLETA E CHOCOU-SE  CONTRA O CANTEIRO CENTRAL DA VIA - C/VITIMAS";0;1;0;0;0;0;0;0;0;2;0;"";"";"";"";"";"";"";"";"";"";"";"";""
"4222";2021-01-21;"09:30:00";"COM VÍTIMA";"FINALIZADA";"IBURA";"AV DOIS RIOS";"";"";"EM FRENTE AO PET SHOP CÃOBELELEIRO / POSTO PETRONAC";"IBURA";NA;"";"ATROPELAMENTO";"";0;1;0;0;1;0;0;0;0;3;0;"Longo da via";"Bom";"Não existe";"Perfeito estado";"Seca";"Perfeito estado";"Não existe";"R-6a";"";"Dupla";"Faixa contínua";"";""
"4223";2021-01-21;"10:36:00";"COM VÍTIMA";"FINALIZADA";"CABANGA";"AV ENGENHEIRO JOSE ESTELITA";"";"";"EMBAIXO DO VIADUTO DO CABANGA";"CABANGA";NA;"";"ABALROAMENTO LONGITUDINAL";"COM UMA VITIMA SAMU NO LOCAL";1;1;0;0;0;0;0;0;0;1;0;"Longo da via";"Bom";"Não existe";"Perfeito estado";"Seca";"Perfeito estado";"Não existe";"Não há placas";"";"Única";"Não existe";"";""
"4224";2021-01-21;"13:36:00";"COM VÍTIMA";"FINALIZADA";"ARRUDA";"RUA DO TRIUNFO";"204";"RUA BOM CONSELHO";"PRÓX À LOJA DA NATURA";"ARRUDA";NA;"";"ABALROAMENTO TRANSVERSAL";"COLISÃO ENTRE MOTOS";0;2;0;0;0;0;0;0;0;1;0;"Cruzamento";"Bom";"Não existe";"Não existente";"Seca";"Perfeito estado";"Não existe";"Não há placas";"";"Dupla";"Não existe";"";""
"4225";2021-01-21;"15:38:00";"SEM VÍTIMA";"CANCELADA";"PINA";"AV REPUBLICA DO LIBANO";"";"";"PRÓX AO SHOPPING RIO MAR";"PINA";NA;"";"COLISÃO";"COLISÃO COM VEÍCULO OFICIAL";2;0;0;0;0;0;0;0;0;0;0;"";"";"";"";"";"";"";"";"";"";"";"";""
"4226";2021-01-21;"15:47:00";"SEM VÍTIMA";"FINALIZADA";"SANTO ANTÔNIO";"PTE PRINCESA IZABEL";"";"";"TEATRO DE SANTA ISABEL";"SANTO ANTÔNIO";NA;"CIDADE";"COLISÃO TRASEIRA";"";2;0;0;0;0;0;0;0;0;0;0;"Ponte";"Bom";"Não existe";"Perfeito estado";"Seca";"Perfeito estado";"Não existe";"Não há placas";"";"Dupla";"Faixa contínua";"Faixa seccionada";""
"4227";2021-01-21;"22:19:00";"COM VÍTIMA";"FINALIZADA";"CASA FORTE";"AV DEZESSETE DE AGOSTO";"";"";"EM FRENTE AO BURGUER KING, PROXIMO DO SHOPPING PLAZA";"CASA FORTE";NA;"";"ABALROAMENTO LONGITUDINAL";"COLISÃO ENTRE AUTO E MOTO, COM VÍTIMA";1;1;0;0;0;0;0;0;0;1;0;"Esquina";"Chuvoso";"Sem defeito";"Perfeito estado";"Seca";"Perfeito estado";"Faixa de pedestre";"R-6a";"";"Dupla";"Faixa contínua";"Faixa seccionada";""
"4228";2021-01-22;"08:15:00";"COM VÍTIMA";"CANCELADA";"PARNAMIRIM";"RUA SEBASTIAO ALVES";"";"EST DO ARRAIAL";"EM   BAIXO  DO  SEMAFORO  421    EM  FRENTE  A  FARMACIA  DO TRABALHADOR";"PARNAMIRIM";NA;"";"COLISÃO";"COLISÃO  COM  VITIMA";2;0;0;0;0;0;0;0;0;1;0;"";"";"";"";"";"";"";"";"";"";"";"";""
"4229";2021-01-22;"12:02:00";"COM VÍTIMA";"FINALIZADA";"CASA FORTE";"AV DEZESSETE DE AGOSTO";"";"";"EM FRENTE AO BANCO DO BRASIL";"CASA FORTE";NA;"";"ABALROAMENTO LONGITUDINAL";"DUAS MOTOS COM VITIMAS";0;2;0;0;0;0;0;0;0;2;0;"Longo da via";"Bom";"";"Perfeito estado";"Seca";"Perfeito estado";"";"";"60 km/h";"Dupla";"Faixa contínua";"";""
"4230";2021-01-22;"13:15:00";"SEM VÍTIMA";"FINALIZADA";"BOA VISTA";"RUA DO PRINCIPE";"";"RUA NUNES MACHADO";"RUA NUNES MACHADO";"BOA VISTA";NA;"";"COLISÃO";"COLISÃO SEM VÍTIMAS ENTRE 2 AUTOS";2;0;0;0;0;0;0;0;0;0;0;"Longo da via";"Bom";"Não existe";"Perfeito estado";"Seca";"Perfeito estado";"Não existe";"Não há placas";"";"Única";"Faixa contínua";"";""
"4231";2021-01-22;"13:21:00";"COM VÍTIMA";"FINALIZADA";"BOMBA DO HEMETÉRIO";"RUA BOMBA DO HEMETERIO";"171";"";"POR TRAS DO GIGANTE DO SAMBA";"BOMBA DO HEMETÉRIO";NA;"";"COLISÃO TRASEIRA";"COLISAO ENTRE AUTO EMOTO COM UMA VITIMA";1;1;0;0;0;0;0;0;0;1;0;"Longo da via";"Chuvoso";"Não existe";"Não existente";"Molhada";"Perfeito estado";"Não existe";"Não há placas";"";"Dupla";"Faixa seccionada";"";""
"4232";2021-01-22;"16:38:00";"COM VÍTIMA";"FINALIZADA";"JARDIM SÃO PAULO";"AV RECIFE";"5536";"";"";"JARDIM SÃO PAULO";NA;"";"ATROPELAMENTO";"MOTO E PEDESTRE";0;1;0;0;1;0;0;0;0;1;0;"Longo da via";"Bom";"Não existe";"Perfeito estado";"Seca";"Perfeito estado";"Não existe";"Não há placas";"50 km/h";"Dupla";"Canteiro central";"";""
"4233";2021-01-22;"16:52:00";"COM VÍTIMA";"CANCELADA";"AFOGADOS";"RUA ARQUITETO LUIZ NUNES";"234";"";"APOS O DEPATRI PROX AO BANCO DO BRASIL";"AFOGADOS";NA;"";"COLISÃO COM CICLISTA";"COLISAO COM CICLISTA";1;0;0;1;0;0;0;0;0;1;0;"";"";"";"";"";"";"";"";"";"";"";"";""
"4234";2021-01-22;"18:27:00";"COM VÍTIMA";"FINALIZADA";"CORDEIRO";"AV CAXANGA";"";"AV GENERAL SAN MARTIN";"SEMÁFORO 080 / PRÓX A INTEGRAÇÃO GETULIO VARGAS";"CORDEIRO";NA;"";"ABALROAMENTO LONGITUDINAL";"AUTO X MOTO. C/V";1;1;0;0;0;0;0;0;0;1;0;"Longo da via";"Bom";"Sem defeito";"Perfeito estado";"Seca";"Perfeito estado";"";"";"60 km/h";"Única";"Faixa seccionada";"";""
"4235";2021-01-22;"21:19:00";"COM VÍTIMA";"FINALIZADA";"BOA VIAGEM";"RUA CAMBUI";"";"RUA DEZ DE JULHO";"PROX A ESTAÇAO DO AEROPORTO";"BOA VIAGEM";NA;"";"ABALROAMENTO TRANSVERSAL";"COLISAO ENTRE AUTO E  DUAS MOTOS COM UMA VITIMA";1;2;0;0;0;0;0;0;0;1;0;"Cruzamento";"Bom";"Não existe";"Incompleta";"Seca";"Mal conservada";"Não existe";"Placas Pare";"";"Única";"Faixa seccionada";"";""
"4236";2021-01-22;"22:22:00";"SEM VÍTIMA";"FINALIZADA";"JORDÃO";"AV MARIA IRENE";"1246";"";"E/F A CASA DE RAÇÃO WS PET SHOP / PRÓX A ASSEMBLEIA DE DEUS";"JORDÃO";NA;"";"COLISÃO";"VT DA PM X AUTO PASSEIO. S/V";1;0;0;0;0;0;0;1;0;0;0;"Longo da via";"Bom";"Não existe";"Perfeito estado";"Seca";"Perfeito estado";"Não existe";"Não há placas";"";"Única";"Não existe";"";""
"4237";2021-01-23;"11:28:00";"SEM VÍTIMA";"FINALIZADA";"DERBY";"AV GOVERNADOR AGAMENON MAGALHAES";"";"PRC DO DERBY";"EM FRENTE A PRAÇA";"DERBY";75;"OLINDA";"COLISÃO";"COLISÃO COM UM VEÍCULO OFICIAL DO IML E UM AUTO PASSEIO";1;0;0;0;0;0;0;1;0;0;0;"Longo da via";"Bom";"Sem defeito";"Perfeito estado";"Seca";"Perfeito estado";"Faixa de pedestre";"Outras";"60KM/H";"Dupla";"Faixa seccionada";"";""
"4238";2021-01-23;"11:39:00";"SEM VÍTIMA";"CANCELADA";"PORTO DA MADEIRA";"RUA SATURNO";"60 A";"AV BEBERIBE";"RUAS EM FRENTE AO COLEGIO NOVENTA GRAUS";"PORTO DA MADEIRA";NA;"";"COLISÃO";"SEM VITIMAS ,UM DOS CONDUTORES COM SINTOMAS DE EMBRIAGUES";2;0;0;0;0;0;0;0;0;0;0;"";"";"";"";"";"";"";"";"";"";"";"";""
"4239";2021-01-23;"12:16:00";"COM VÍTIMA";"FINALIZADA";"CAXANGÁ";"RUA RIBEIRO PESSOA";"945";"";"EM FRENTE AO PARAÍSO HOTEL";"CAXANGÁ";NA;"";"ABALROAMENTO LONGITUDINAL";"AUTO X MOTO";1;1;0;0;0;0;0;0;0;1;0;"Longo da via";"Bom";"Não existe";"Não existente";"Seca";"Perfeito estado";"Faixa de pedestre";"";"";"Dupla";"Não existe";"";""
"4240";2021-01-23;"12:20:00";"SEM VÍTIMA";"FINALIZADA";"CAMPO GRANDE";"EST DE BELEM";"";"";"PRÓX AO CENTRO DE CONVENÇÕES";"CAMPO GRANDE";NA;"";"COLISÃO";"COLISÃO COM VEÍCULO OFICIAL";3;0;0;0;0;0;0;0;0;0;0;"";"";"";"";"";"";"";"";"";"";"";"";""
"4241";2021-01-23;"14:17:00";"COM VÍTIMA";"FINALIZADA";"ENCRUZILHADA";"AV BEBERIBE";"542";"";"PROXIMO AO PADEIRÃO";"ENCRUZILHADA";NA;"";"ABALROAMENTO TRANSVERSAL";"A EQUIPE SE DEPAROU COM A COLISÃO ENVOLVENDO 02 VEÍCULOS E UMA VÍTIMA";1;0;1;0;0;0;0;0;0;1;0;"Longo da via";"Bom";"Não existe";"Perfeito estado";"Seca";"Perfeito estado";"Não existe";"Não há placas";"40 km/h";"Dupla";"Faixa seccionada";"";""
"4242";2021-01-23;"19:41:00";"COM VÍTIMA";"FINALIZADA";"BOA VIAGEM";"RUA VISCONDE DE JEQUITINHONHA";"";"RUA BALTAZAR PASSOS";"";"BOA VIAGEM";NA;"";"ABALROAMENTO TRANSVERSAL";"COLISÃO ENTRE DOIS AUTOS, COM VÍTIMAS";2;0;0;0;0;0;0;0;0;1;0;"Cruzamento";"Bom";"Sem defeito";"Perfeito estado";"Seca";"Perfeito estado";"Faixa de pedestre";"Outras";"";"Única";"Faixa seccionada";"Canteiro central";""
"4243";2021-01-24;"12:06:00";"COM VÍTIMA";"FINALIZADA";"SANTO AMARO";"AV NORTE";"866";"";"E/F A O CRAS DE SANTO AMARO S/T MACAXEIRA";"SANTO AMARO";NA;"";"ABALROAMENTO LONGITUDINAL";"COLISAO ENTRE AUTO E MOTO COM  VITIMA";1;1;0;0;0;0;0;0;0;1;0;"Longo da via";"Bom";"Não existe";"Perfeito estado";"Seca";"Perfeito estado";"Não existe";"Não há placas";"";"Dupla";"Canteiro central";"";""
"4244";2021-01-24;"14:27:00";"COM VÍTIMA";"CANCELADA";"DOIS UNIDOS";"RUA JORNALISTA NELSON FIRMO";"50";"";"PROXIMO AO BAR DO GEORGE";"DOIS UNIDOS";NA;"";"COLISÃO";"COLISÃO COM VÍTIMA";1;1;0;0;0;0;0;0;0;1;0;"";"";"";"";"";"";"";"";"";"";"";"";""
"4245";2021-01-24;"20:19:00";"COM VÍTIMA";"CANCELADA";"IPSEP";"RUA JEAN EMILE FAVRE";"1363";"";"E/F A DROGASIL";"IPSEP";NA;"";"COLISÃO";"AUTO X MOTO  ( UM DOS ENVOLVIDOS COM SUSPEITA DE EMBRIAGUEZ) C/V";1;1;0;0;0;0;0;0;0;1;0;"";"";"";"";"";"";"";"";"";"";"";"";""
"4246";2021-01-25;"12:26:00";"SEM VÍTIMA";"FINALIZADA";"NOVA DESCOBERTA";"RUA CORREGO DA AREIA";"";"";"EM FRENTE À ESCOLA MUNICIPAL DE CASA AMARELA";"NOVA DESCOBERTA";NA;"";"ABALROAMENTO LONGITUDINAL";"COLISÃO COM VEÍCULO OFICIAL.";1;0;0;0;0;0;1;0;0;0;0;"Longo da via";"Bom";"Não existe";"Perfeito estado";"Seca";"Perfeito estado";"Não existe";"Não há placas";"";"Dupla";"Não existe";"";""
"4247";2021-01-25;"16:06:00";"COM VÍTIMA";"CANCELADA";"SAN MARTIN";"RUA VINTE E UM DE ABRIL";"";"";"PRÓX À LOJA DE MÓVEIS MULTILAR / NA FRENTE DA LOTERICA MONTE CARLOS / NA LOJA MULTILAR";"SAN MARTIN";NA;"";"COLISÃO";"";1;1;0;0;0;0;0;0;0;2;0;"";"";"";"";"";"";"";"";"";"";"";"";""
"4248";2021-01-25;"16:34:00";"COM VÍTIMA";"FINALIZADA";"BOA VIAGEM";"RUA ANTONIO FALCAO";"565";"RUA PROFESSOR JULIO FERREIRA DE MELO";"PRÓX À DEPIL";"BOA VIAGEM";NA;"";"ABALROAMENTO LONGITUDINAL";"AUTO X MOTO";1;1;0;0;0;0;0;0;0;1;0;"Longo da via";"Bom";"Não existe";"Perfeito estado";"Seca";"Perfeito estado";"Não existe";"Não há placas";"";"Única";"Faixa seccionada";"";""
"4249";2021-01-25;"16:48:00";"COM VÍTIMA";"FINALIZADA";"JARDIM SÃO PAULO";"RUA DAMASCO";"55";"RUA ALFREDO DUARTE FILHO";"EM FRENTE AO NUMERO 55 / PROX A IGREJA SAO PAULO / NO CRUZAMENTO";"JARDIM SÃO PAULO";NA;"";"COLISÃO FRONTAL";"AUTO X MOTO";1;1;0;0;0;0;0;0;0;1;0;"Cruzamento";"Bom";"Não existe";"Perfeito estado";"Seca";"Perfeito estado";"Não existe";"Não há placas";"30 km/h";"Dupla";"Não existe";"";""
"4250";2021-01-25;"21:14:00";"COM VÍTIMA";"FINALIZADA";"BOA VIAGEM";"AV ENGENHEIRO DOMINGOS FERREIRA";"2842";"RUA PADRE BERNADINO PESSOA";"EM FRENTE AO TORRE MADRID RESIDENCE";"BOA VIAGEM";144;"SUBURBIO";"ABALROAMENTO LONGITUDINAL";"COLISÃO ENTRE AUTO E MOTO, COM VITIMA";1;1;0;0;0;0;0;0;0;1;0;"Cruzamento";"Bom";"Sem defeito";"Perfeito estado";"Seca";"Perfeito estado";"Faixa de pedestre";"R-6a";"60 km/h";"Dupla";"Canteiro central";"";""
"4251";2021-01-25;"22:21:00";"COM VÍTIMA";"FINALIZADA";"PORTO DA MADEIRA";"AV BEBERIBE";"4340";"";"PRÓX A PIZZARIA DO ROUCHE";"PORTO DA MADEIRA";NA;"SUBURBIO";"ABALROAMENTO LONGITUDINAL";"COLISÃO ENTRE AUTO E MOTO, COM VITIMA";1;1;0;0;0;0;0;0;0;1;0;"Longo da via";"Bom";"Não existe";"";"Seca";"Mal iluminada";"Não existe";"Não há placas";"60 km/h";"Dupla";"Faixa seccionada";"";""
"4252";2021-01-26;"07:16:00";"SEM VÍTIMA";"FINALIZADA";"DERBY";"RUA JORNALISTA PAULO BITTENCOURT";"";"";"AO LADO DO HOSPITAL DA RESTAURAÇÃO";"DERBY";NA;"";"COLISÃO";"COLISÃO ENTRE AUTO E MOTO (CTTU)";1;1;0;0;0;0;0;0;0;0;0;"Longo da via";"Bom";"Não existe";"Perfeito estado";"Seca";"Perfeito estado";"Não existe";"Não há placas";"";"Dupla";"Não existe";"";""