"";"data";"hora";"natureza_acidente";"situacao";"bairro";"endereco";"numero";"detalhe_endereco_acidente";"complemento";"bairro_cruzamento";"num_semaforo";"sentido_via";"tipo";"descricao";"auto";"moto";"ciclom";"ciclista";"pedestre";"onibus";"caminhao";"viatura";"outros";"vitimas";"vitimasfatais";"acidente_verificado";"tempo_clima";"situacao_semaforo";"sinalizacao";"condicao_via";"conservacao_via";"ponto_controle";"situacao_placa";"velocidade_max_via";"mao_direcao";"divisao_via1";"divisao_via2";"divisao_via3"
"4253";2021-01-26;"07:20:00";"COM VÍTIMA";"FINALIZADA";"TORRE";"RUA PADRE ANCHIETA";"435";"RUA JOSE BONIFACIO";"EM  FRENTE  A  PADARIA  MASSA  NOBRE. APÓS O MINUTO PÃO DE AÇÚCAR.";"TORRE";193;"SUBURBIO";"COLISÃO TRASEIRA";"COLISÃO  COM  VITIMA A  ESPERA  DO  SAMU";0;2;0;0;0;0;0;0;0;1;0;"Cruzamento";"Chuvoso";"Sem defeito";"Perfeito estado";"Molhada";"Perfeito estado";"Faixa de pedestre";"R-6a";"";"Única";"Faixa seccionada";"";""
"4254";2021-01-26;"08:01:00";"COM VÍTIMA";"FINALIZADA";"CASA AMARELA";"RUA BELA VISTA";"343";"";"EM FRENTE AO SITIO DA TRINDADE";"CASA AMARELA";NA;"SUBURBIO";"ABALROAMENTO TRANSVERSAL";"AUTO E MOTO C/V   VT-18 NO LOCAL  GM´S CLAUDEMIR PEREIRA E VALDEMIR JOSE";1;1;0;0;0;0;0;0;0;1;0;"Longo da via";"Bom";"Não existe";"Incompleta";"Molhada";"Perfeito estado";"Não existe";"Outras";"40 km/h";"Dupla";"Não existe";"";""
"4255";2021-01-26;"08:13:00";"COM VÍTIMA";"FINALIZADA";"BOA VISTA";"PRC MACIEL PINHEIRO";"342";"RUA DO ARAGAO";"";"BOA VISTA";33;"CENTRO";"ATROPELAMENTO";"AUTO E PEDESTRE";1;0;0;0;1;0;0;0;0;1;0;"Cruzamento";"Bom";"Sem defeito";"Incompleta";"Molhada";"Mal conservada";"Não existe";"Não há placas";"40 km/h";"Única";"Não existe";"";""
"4256";2021-01-26;"10:41:00";"SEM VÍTIMA";"FINALIZADA";"BOA VISTA";"AV CONDE DA BOA VISTA";"";"";"RUA DA AURORA";"BOA VISTA";162;"";"CHOQUE OBJETO FIXO";"CEICULO SE CHOCOU COM O SEMÁFORO ( PATRIMÔNIO) APAGANDO O MESMO";0;0;0;0;0;1;0;0;0;0;0;"Cruzamento";"Bom";"Sem defeito";"Perfeito estado";"Seca";"Perfeito estado";"Agente";"R-6c";"";"Única";"Faixa contínua";"";""
"4257";2021-01-26;"13:46:00";"COM VÍTIMA";"FINALIZADA";"ESPINHEIRO";"AV GOVERNADOR AGAMENON MAGALHAES";"2860";"";"E/F AO CREA PE   S/T BOA VIAGEM";"ESPINHEIRO";NA;"BOA VIAGEM";"COLISÃO TRASEIRA";"COLISAO ENTRE  AUTO E  MOTO COM UMA VITIMA";1;1;0;0;0;0;0;0;0;1;0;"Longo da via";"Bom";"Não existe";"Perfeito estado";"Seca";"Perfeito estado";"Não existe";"Outras";"";"Dupla";"Canal";"";""
"4258";2021-01-26;"16:25:00";"COM VÍTIMA";"FINALIZADA";"ÁGUA FRIA";"EST VELHA DE AGUA FRIA";"";"AV PROFESSOR JOSE DOS ANJOS";"PROX. AO DNOCS";"ÁGUA FRIA";306;"SUBURBIO";"ABALROAMENTO LONGITUDINAL";"COM VITIMA/ DUAS MOTOS";0;2;0;0;0;0;0;0;0;1;0;"Cruzamento";"Bom";"Sem defeito";"Perfeito estado";"Seca";"Perfeito estado";"Faixa de pedestre";"Não há placas";"40 km/h";"Dupla";"";"";""
"4259";2021-01-26;"17:17:00";"SEM VÍTIMA";"FINALIZADA";"BOA VIAGEM";"RUA MARIO SOUTO MAIOR";"265";"RUA SA E SOUZA";"EM FRENTE A DROGARIA SETUBAL";"BOA VIAGEM";NA;"";"COLISÃO";"COLISÃO SEM VÍTIMA/ USUARIO ORIENTADO A FAZER O B.O NO BATE PRONTO";1;1;0;0;0;0;0;0;0;0;0;"";"";"";"";"";"";"";"";"";"";"";"";""
"4260";2021-01-26;"17:18:00";"COM VÍTIMA";"FINALIZADA";"DOIS IRMÃOS";"RUA RIBEIRO PESSOA";"733";"";"PROX A UPA DA CAXANGA";"DOIS IRMÃOS";NA;"SUBURBIO";"ABALROAMENTO TRANSVERSAL";"COLISAO ENTRE  AUTO E  MOTO COM DUAS VITIMAS";1;1;0;0;0;0;0;0;0;2;0;"Longo da via";"Chuvoso";"Não existe";"Incompleta";"Seca";"Perfeito estado";"Não existe";"R-6a";"";"Dupla";"Não existe";"";""
"4261";2021-01-26;"17:41:00";"SEM VÍTIMA";"FINALIZADA";"MUSTARDINHA";"RUA VINTE E UM DE ABRIL";"";"";"EM FRENTE AO CAFÉ PETINHO";"MUSTARDINHA";NA;"";"COLISÃO";"VIATURA PM  E GUINCHO CTTU";0;0;0;0;0;0;0;0;0;0;0;"Longo da via";"Bom";"Sem defeito";"Perfeito estado";"Seca";"Perfeito estado";"Outros";"Outras";"";"Dupla";"Outros";"";""
"4262";2021-01-26;"17:43:00";"COM VÍTIMA";"FINALIZADA";"BOA VIAGEM";"AV ENGENHEIRO DOMINGOS FERREIRA";"1818";"";"EM FRENTE AO EXTRA";"BOA VIAGEM";NA;"SUBURBIO";"COLISÃO TRASEIRA";"COLISÃO COM VÍTIMA";1;1;0;0;0;0;0;0;0;1;0;"Longo da via";"Chuvoso";"Não existe";"Perfeito estado";"Molhada";"Perfeito estado";"Não existe";"R-19";"60 km/h";"Única";"Faixa seccionada";"Canteiro central";""
"4263";2021-01-26;"20:48:00";"COM VÍTIMA";"FINALIZADA";"CAMPO GRANDE";"EST DE BELEM";"866";"RUA PADRE CAPISTRANO";"E/F A SUBWAY E POSTO PETRONAC";"CAMPO GRANDE";NA;"CIDADE";"ABALROAMENTO TRANSVERSAL";"MOTO X AUTO. C/V";1;1;0;0;0;0;0;0;0;2;0;"Longo da via";"Chuvoso";"Não existe";"Perfeito estado";"Molhada";"Perfeito estado";"Não existe";"";"";"Dupla";"Faixa contínua";"Faixa seccionada";""
"4264";2021-01-26;"23:15:00";"SEM VÍTIMA";"CANCELADA";"JORDÃO";"RUA EMILIO MONTEIRO FONSECA";"838";"";"";"JORDÃO";NA;"";"COLISÃO";"COLISÃO DOIS AUTOS SEM VITIMAS COM UMA DAS PARTES COM SITOMAS  DE EMBRIAGUES";2;0;0;0;0;0;0;0;0;0;0;"";"";"";"";"";"";"";"";"";"";"";"";""
"4265";2021-01-27;"07:19:00";"COM VÍTIMA";"FINALIZADA";"BAIRRO DO RECIFE";"AV MILITAR";"";"";"EM  FRENTE a unidade de segurança quarda portuaria. MEMORIAL DE JUSTIÇA DE PERNAMBUCO.";"BAIRRO DO RECIFE";NA;"SUBURBIO";"COLISÃO";"VT PM E MOTO";0;1;0;0;0;0;0;1;0;1;0;"Longo da via";"Chuvoso";"Não existe";"Perfeito estado";"Molhada";"Perfeito estado";"Faixa de pedestre";"R-6a";"";"Única";"Faixa seccionada";"";""
"4266";2021-01-27;"08:55:00";"SEM VÍTIMA";"FINALIZADA";"CABANGA";"AV ENGENHEIRO JOSE ESTELITA";"S/N";"PRC GOVERNADOR PAULO GUERRA";"AO LADO DO CABANGA IATE CLUB - PISTA OESTE SENTIDO ILHA JOANA BEZERRA";"CABANGA";NA;"DERBY";"COLISÃO TRASEIRA";"VEIÍC.TRANSITAVA NA FAIXA DA ESQUERDA QUANDO FOI COLIDIDO PELA PARTE LATERAL POSTERIO, VINDO A RODA CHOCANDO-SE NO GUARDREIAL DA VIA RESULTANDO NA CONTRAMÃO DE DIREÇÃO, FATO REGISTRADO PELA CÂMARA CTTU. NO HORÁRIO DAS 07h34:15";2;0;0;0;0;0;0;0;0;0;0;"";"";"";"";"";"";"";"";"";"";"";"";""
"4267";2021-01-27;"10:25:00";"COM VÍTIMA";"FINALIZADA";"SANTO AMARO";"AV GOVERNADOR AGAMENON MAGALHAES";"2656";"";"DESCIDA DO VADUTO SENT DERBY / EM FRENTE AO RESIDENCIAL VIDAL DE NEGREIROS / PISTA LOCAL. EMPRESARIAL AGAMENON MAGALHÃES.";"SANTO AMARO";NA;"SUBURBIO";"ABALROAMENTO LONGITUDINAL";"AUTO E MOTO";1;1;0;0;0;0;0;0;0;1;0;"Longo da via";"Bom";"Não existe";"Perfeito estado";"Seca";"Perfeito estado";"Não existe";"Outras";"";"Dupla";"Canteiro central";"";""
"4268";2021-01-27;"10:31:00";"SEM VÍTIMA";"FINALIZADA";"MADALENA";"RUA BENFICA";"98";"RUA SPORT CLUBE DO RECIFE";"";"MADALENA";NA;"SUBURBIO";"COLISÃO";"COLISÃO SEM VÍTIMA, PORÉM OS VEÍCULOS ESTÃO IMOBILIZADOS NA VIA NECESSITANDO DO APOIO DESTA AUTARQUIA DE TRÂNSITO";1;0;0;0;0;0;1;0;0;0;0;"";"";"";"";"";"";"";"";"";"";"";"";""
"4269";2021-01-27;"12:10:00";"SEM VÍTIMA";"FINALIZADA";"JAQUEIRA";"AV RUI BARBOSA";"";"";"AO LADO DO PARQUE DA JAQUEIRA";"JAQUEIRA";NA;"CIDADE";"CHOQUE OBJETO FIXO";"";1;0;0;0;0;0;0;0;0;0;0;"Longo da via";"Chuvoso";"Não existe";"Perfeito estado";"Molhada";"Perfeito estado";"Não existe";"Não há placas";"40 km/h";"Única";"Faixa seccionada";"";""
"4270";2021-01-27;"13:17:00";"COM VÍTIMA";"FINALIZADA";"SANTO AMARO";"AV CRUZ CABUGA";"165";"RUA CAPITAO LIMA";"EM FRENTE IGREJA UNIVERSAL GRAÇA DE DEUS";"SANTO AMARO";NA;"SUBURBIO";"COLISÃO COM CICLISTA";"COLISÃO AUTO X CICLISTA/ BICICLETA MOTORIZADA";1;0;0;1;0;0;0;0;0;1;0;"Longo da via";"Chuvoso";"Não existe";"Perfeito estado";"Seca";"Perfeito estado";"Não existe";"Outras";"";"Dupla";"Faixa contínua";"";""
"4271";2021-01-27;"14:11:00";"COM VÍTIMA";"FINALIZADA";"AFOGADOS";"RUA COSME VIANA";"";"RUA CORONEL ALFREDO DUARTE";"PROX AO POSTO SETA / PROX AO SEMAFORO 430";"AFOGADOS";430;"SUBURBIO";"COLISÃO FRONTAL";"CAMINHÃO X MOTO / ORIENTADOR DE TRANSITO NO LOCAL ANDRE MOREIRA";0;1;0;0;0;0;1;0;0;1;0;"Cruzamento";"Bom";"Sem defeito";"Perfeito estado";"Seca";"Perfeito estado";"Faixa de pedestre";"Não há placas";"60 km/h";"Única";"Faixa contínua";"Faixa seccionada";""
"4272";2021-01-27;"14:37:00";"SEM VÍTIMA";"FINALIZADA";"PINA";"AV ANTONIO DE GOES";"742";"RUA MANOEL DE BRITO";"EMPRESARIAL DOPIN";"PINA";103;"CIDADE";"COLISÃO TRASEIRA";"COLISÃO TRASEIRA, ONDE O RENAULT CLIO PAROU NO SEMÁFORO Nº 103 AINDA NO AMARELO, QUANDO FOI COLIDIDO NO ANGULO POSTERIOR DIREITO, PELA VT-20 / CTTU  PATRULHEIROS. EVENTO SÓ DANOS MATERIAIS. COLISÃO NA FAIXA CENTRAL DA PISTA LESTE, NO SENTIDO BOA VIAGEM / CABANGA.  ACIDENTE FLAGRADO PELA CÂMARA DA CTTU. HORÁRIO 14h23:36";2;0;0;0;0;0;0;0;0;0;0;"Longo da via";"Bom";"Sem defeito";"Perfeito estado";"Seca";"Perfeito estado";"Faixa de pedestre";"R-19";"60 km/h";"Única";"Canteiro central";"";""
"4273";2021-01-27;"16:01:00";"COM VÍTIMA";"FINALIZADA";"PINA";"AV BOA VIAGEM";"1140";"";"EM FRENTE AO MARANTE PLAZA HOTEL";"PINA";118;"CIDADE";"COLISÃO COM CICLISTA";"AUTO X CICLISTA";1;0;0;1;0;0;0;0;0;1;0;"Longo da via";"Bom";"Sem defeito";"Perfeito estado";"Seca";"Perfeito estado";"Faixa de pedestre";"R-6a";"";"Única";"";"";""
"4274";2021-01-28;"06:49:00";"COM VÍTIMA";"CANCELADA";"ENCRUZILHADA";"AV NORTE";"2459";"";"100 m ANTES DO BANCO SANTANDER";"ENCRUZILHADA";NA;"";"COLISÃO";"COLISÃO C/VITIMA ENTRE AUTO E MOTO (GM ARTHUR E EDVALDO NO QTH) // MOTORISTA DO AUTO SE EVADIU";1;1;0;0;0;0;0;0;0;1;0;"";"";"";"";"";"";"";"";"";"";"";"";""
"4275";2021-01-28;"12:23:00";"COM VÍTIMA";"FINALIZADA";"CASA AMARELA";"AV CONS ROSA E SILVA";"";"RUA PADRE ROMA";"E/F  A CASA JOSE ARAUJO";"CASA AMARELA";61;"SUBURBIO";"ABALROAMENTO LONGITUDINAL";"COLISAO  ENTRE AUTO E MOTO COM UMA VITIMA";1;1;0;0;0;0;0;0;0;1;0;"Cruzamento";"Bom";"Sem defeito";"Perfeito estado";"Seca";"Perfeito estado";"Faixa de pedestre";"Não há placas";"";"Única";"";"";""
"4276";2021-01-28;"15:20:00";"COM VÍTIMA";"FINALIZADA";"GRAÇAS";"RUA DAS PERNAMBUCANAS";"315";"RUA DAS GRACAS";"AO LADO DO EDIFICIO PERNAMBUCANAS CENTER. BURGOMESTRE.";"GRAÇAS";NA;"SUBURBIO";"ABALROAMENTO LONGITUDINAL";"COLISAO ENVOLVENDO AUTO E MOTO COM VITIMA";1;1;0;0;0;0;0;0;0;1;0;"Longo da via";"Bom";"";"";"Seca";"Perfeito estado";"";"Não há placas";"";"Única";"Faixa seccionada";"";""
"4277";2021-01-28;"16:05:00";"SEM VÍTIMA";"FINALIZADA";"SANTO ANTÔNIO";"RUA SANTO ANTONIO";"";"";"EM FRENTE A LASER ELETRO";"SANTO ANTÔNIO";NA;"";"COLISÃO";"COLISÃO COM VEICULO PM- VEICULO OFICIAL";1;1;0;0;0;0;0;0;0;0;0;"Cruzamento";"Bom";"Não existe";"Ilegível";"Seca";"Perfeito estado";"Não existe";"Não há placas";"";"Única";"Não existe";"";""
"4278";2021-01-28;"16:55:00";"SEM VÍTIMA";"FINALIZADA";"CAXANGÁ";"AV CAXANGA";"";"";"E/F A  FARMACIA PAGUE MENOS E A  CAXANGA VEICULO  S/T CAMARAGIBE";"CAXANGÁ";NA;"";"COLISÃO";"COLISAO ENTRE DOIS AUTOS  S/V  UM DOS CONDUTORES ESTA  COM SINTOMAS DE EMBRIAGUEZ";2;0;0;0;0;0;0;0;0;0;0;"Longo da via";"Bom";"Sem defeito";"Perfeito estado";"Seca";"Perfeito estado";"Faixa de pedestre";"R-6a";"";"Dupla";"Canteiro central";"";""
"4279";2021-01-28;"17:26:00";"COM VÍTIMA";"CANCELADA";"ÁGUA FRIA";"RUA SAO SEBASTIAO";"1128";"";"PROX AO MERCADINHO DO MARIO";"ÁGUA FRIA";NA;"";"COLISÃO";"COLISAO ENTRE AUTO E MOTO  O CONDUTOR DO VEICULO COM SINTOMAS DE EMBRIAGUEZ";1;1;0;0;0;0;0;0;0;1;0;"";"";"";"";"";"";"";"";"";"";"";"";""
"4280";2021-01-28;"22:46:00";"COM VÍTIMA";"FINALIZADA";"TAMARINEIRA";"AV CONS ROSA E SILVA";"";"RUA CONEGO BARATA";"SEMÁFORO 061 / CASAS JOSÉ ARAUJO";"TAMARINEIRA";61;"CIDADE";"ABALROAMENTO TRANSVERSAL";"AMBULÂNCIA X MOTO. C/V";0;1;0;0;0;0;1;0;0;1;0;"Cruzamento";"Bom";"Sem defeito";"Perfeito estado";"Seca";"Perfeito estado";"Faixa de pedestre";"R-6a";"40 km/h";"Dupla";"Canteiro central";"";""
"4281";2021-01-28;"23:05:00";"COM VÍTIMA";"FINALIZADA";"ESTÂNCIA";"AV RECIFE";"";"AV TAPAJOS";"LADO OPOSTO AO POSTO BR / APOS O MAKRO";"ESTÂNCIA";620;"SUBURBIO";"ABALROAMENTO LONGITUDINAL";"AUTO X MOTO (SINTOMAS DE EMBRIAGUEZ)";1;1;0;0;0;0;0;0;0;1;0;"Longo da via";"Bom";"Sem defeito";"Perfeito estado";"Seca";"Perfeito estado";"Faixa de retenção";"";"60 km/h";"Única";"Faixa contínua";"";""
"4282";2021-01-29;"10:20:00";"COM VÍTIMA";"FINALIZADA";"BOA VISTA";"PRC MACIEL PINHEIRO";"";"";"CAMINHAO E AUTO PASSEIO";"BOA VISTA";NA;"";"COLISÃO";"AUTO E CAMINHAO";1;0;0;0;0;0;1;0;0;1;0;"";"";"";"";"";"";"";"";"";"";"";"";""
"4283";2021-01-29;"11:47:00";"SEM VÍTIMA";"FINALIZADA";"SANTO AMARO";"AV CRUZ CABUGA";"";"RUA ALEXANDRE MOURA";"";"SANTO AMARO";NA;"SUBURBIO";"ABALROAMENTO TRANSVERSAL";"COM UMA AMBULANCIA  DO SAMU E UM AUTO PASSEIO";1;0;0;0;0;0;1;0;0;0;0;"";"Bom";"Sem defeito";"Perfeito estado";"Seca";"Perfeito estado";"Faixa de pedestre";"Placas Pare";"";"Dupla";"Faixa contínua";"Faixa seccionada";""
"4284";2021-01-29;"13:58:00";"COM VÍTIMA";"FINALIZADA";"IBURA";"AV DOM HELDER CAMARA";"";"";"PROX AO ARMAZEM FAMA";"IBURA";NA;"SUBURBIO";"ABALROAMENTO TRANSVERSAL";"COLISÃO CAMINHÃO X MOTO,  USUARIO INFORMA QUE O CAMINHÃO COLIDIU A MOTO E O MOTORISTA DO CAIMINHAO DEIXOU O CAMINHÃO NO LOCAL E SE EVADIU";0;1;0;0;0;0;1;0;0;1;0;"Longo da via";"Bom";"Não existe";"Não existente";"Seca";"Perfeito estado";"Não existe";"Não há placas";"";"Dupla";"Canteiro central";"";""
"4285";2021-01-29;"15:00:00";"COM VÍTIMA";"FINALIZADA";"ARRUDA";"AV BEBERIBE";"1253";"RUA DAS MOCAS";"EM FRENTE AO ESTACIONAMENTO DO ARMAZEM CORAL / EM FRENTE A LOJINHA DO SANTA CRUZ";"ARRUDA";NA;"CIDADE";"ABALROAMENTO LONGITUDINAL";"COLISÃO AUTO X MOTO";1;1;0;0;0;0;0;0;0;1;0;"Cruzamento";"Bom";"Não existe";"Perfeito estado";"Seca";"Perfeito estado";"Outros";"Não há placas";"";"Dupla";"Faixa contínua";"";""
"4286";2021-01-29;"15:51:00";"COM VÍTIMA";"FINALIZADA";"BOA VIAGEM";"RUA BARAO DE SOUZA LEAO";"1259";"AV DES JOSE NEVES";"PRÓX AO SUPERMERCADO TREVO. PRÓXIMO AO CRUZAMENTO COM A DES JOSE NEVES.";"BOA VIAGEM";476;"";"ATROPELAMENTO";"ÔNIBUS E PEDESTRE.";0;0;0;0;1;1;0;0;0;1;0;"Cruzamento";"Bom";"Sem defeito";"Incompleta";"Seca";"Perfeito estado";"Não existe";"R-6a";"60 km/h";"Única";"Faixa seccionada";"";""
"4287";2021-01-29;"15:54:00";"COM VÍTIMA";"FINALIZADA";"CABANGA";"PTE AGAMENON MAGALHAES";"";"";"AO LADO DO CABANGA IATE CLUB";"CABANGA";NA;"CIDADE";"CHOQUE OBJETO FIXO";"APÓS O CHOQUE COM O CANTEIRO CENTRAL O MOTOCICLISTA COLIDIU COM O VEÍCULO.";1;1;0;0;0;0;0;0;0;1;0;"Ponte";"Bom";"Não existe";"Perfeito estado";"Seca";"Perfeito estado";"Não existe";"Não há placas";"60 km/h";"Única";"Faixa contínua";"";""
"4288";2021-01-29;"17:55:00";"COM VÍTIMA";"FINALIZADA";"BEBERIBE";"AV BEBERIBE";"4211";"";"LADO OPOSTO A BEBERIBE AUTO PEÇAS / PROX AO SEMAFORO 514";"BEBERIBE";514;"CIDADE";"ABALROAMENTO TRANSVERSAL";"COLISÃO DOIS AUTOS E UMA MOTO";2;1;0;0;0;0;0;0;0;1;0;"Longo da via";"Bom";"Sem defeito";"Incompleta";"Seca";"Mal conservada";"Outros";"R-6a";"40 km/h";"Dupla";"Faixa contínua";"";""
"4289";2021-01-29;"18:30:00";"COM VÍTIMA";"FINALIZADA";"IMBIRIBEIRA";"AV MARECHAL MASCARENHAS DE MORAES";"878";"";"COLISÃO TRASEIRA COM VÍTIMA";"IMBIRIBEIRA";NA;"";"COLISÃO TRASEIRA";"AUTO E MOTO";1;1;0;0;0;0;0;0;0;1;0;"Longo da via";"Bom";"Sem defeito";"Perfeito estado";"Seca";"Perfeito estado";"Não existe";"Não há placas";"";"Única";"Faixa seccionada";"";""
"4290";2021-01-29;"19:04:00";"COM VÍTIMA";"FINALIZADA";"PINA";"AV ANTONIO DE GOES";"";"RUA DR JOSE MARIANO";"";"PINA";538;"";"COLISÃO TRASEIRA";"AUTO E MOTO";0;2;0;0;0;0;0;0;0;2;0;"Cruzamento";"Bom";"Sem defeito";"Perfeito estado";"Seca";"Perfeito estado";"Agente";"Não há placas";"";"Única";"Faixa seccionada";"";""
"4291";2021-01-29;"20:02:00";"COM VÍTIMA";"CANCELADA";"ÁGUA FRIA";"AV BEBERIBE";"1772";"";"";"ÁGUA FRIA";NA;"";"COLISÃO";"COLISÃO ENTRE AUTO E MOTO, COM VÍTIMA";1;1;0;0;0;0;0;0;0;1;0;"";"";"";"";"";"";"";"";"";"";"";"";""
"4292";2021-01-29;"22:37:00";"SEM VÍTIMA";"FINALIZADA";"";"RUA ESCRITOR JOAQUIM NOBERTO";"";"RUA FREI AMADOR";"";"";NA;"SUBURBIO";"ABALROAMENTO LONGITUDINAL";"COLISÃO ENTRE AUTO E MOTO DA ROCAM";1;1;0;0;0;0;0;0;0;0;0;"Longo da via";"Bom";"Não existe";"Não existente";"Seca";"Perfeito estado";"Não existe";"Não há placas";"";"";"Não existe";"";""
"4293";2021-01-30;"07:34:00";"COM VÍTIMA";"FINALIZADA";"BOA VISTA";"RUA DO RIACHUELO";"36";"RUA DA AURORA";"PROX. ECT CORREIOS E AGÊNCIA DO TRABALHO.";"BOA VISTA";579;"SUBURBIO";"COLISÃO COM CICLISTA";"ONIBUS E CICLISTA C/V";0;0;0;1;0;1;0;0;0;1;0;"Cruzamento";"Bom";"Sem defeito";"";"Seca";"Perfeito estado";"Outros";"";"40 km/h";"Única";"Faixa seccionada";"";""
"4294";2021-01-30;"15:07:00";"COM VÍTIMA";"CANCELADA";"CABANGA";"AV ENGENHEIRO JOSE ESTELITA";"";"";"E/F AO CAMBANGA  IATE CLUBE  S/T CID";"CABANGA";NA;"";"COLISÃO";"COLISAO ENTRE AUTO E MOTO COM UMA VITIMA";1;1;0;0;0;0;0;0;0;1;0;"";"";"";"";"";"";"";"";"";"";"";"";""
"4295";2021-01-30;"15:33:00";"COM VÍTIMA";"FINALIZADA";"BOA VIAGEM";"RUA DR GASPAR REGUEIRA COSTA";"";"RUA MARQUES DE VALENCA";"POR TRAS DO COLEGIO SANTOS DUMONT";"BOA VIAGEM";NA;"";"ABALROAMENTO LONGITUDINAL";"COLISAO ENTRE AUTO E MOTO COM UMA VITIMA";1;1;0;0;0;0;0;0;0;1;0;"Cruzamento";"Bom";"Não existe";"Perfeito estado";"Seca";"Perfeito estado";"Não existe";"Não há placas";"";"Dupla";"Faixa seccionada";"";""
"4296";2021-01-30;"16:16:00";"COM VÍTIMA";"FINALIZADA";"MACAXEIRA";"RUA MANDACARU";"105";"";"NO POSTO BR NA SUBIDA DO ALTO DO MANDU";"MACAXEIRA";NA;"SUBURBIO";"TOMBAMENTO";"MOTOQUEIRO CAIU SOZINHO.";1;1;0;0;0;0;0;0;0;1;0;"Longo da via";"Bom";"Não existe";"Incompleta";"Seca";"Perfeito estado";"Não existe";"Não há placas";"";"Dupla";"Faixa seccionada";"";""
"4297";2021-01-30;"18:23:00";"COM VÍTIMA";"CANCELADA";"BOA VIAGEM";"AV ENGENHEIRO DOMINGOS FERREIRA";"";"RUA ANTONIO FALCAO";"CARREFUOR";"BOA VIAGEM";NA;"";"COLISÃO";"COM VITIMA AGUARDANDO SAMU / CONDUTOR DO AUTO NÃO ENCONTRA-SE NO LOCAL.";1;1;0;0;0;0;0;0;0;1;0;"";"";"";"";"";"";"";"";"";"";"";"";""
"4298";2021-01-30;"23:41:00";"COM VÍTIMA";"FINALIZADA";"ESPINHEIRO";"RUA DO ESPINHEIRO";"478";"RUA SANTO ELIAS";"CRUZAMENTO C/A RUA SANTO ELIAS - E/F AO POSTO YPIRANGA";"ESPINHEIRO";NA;"ENCRUZILHADA";"ABALROAMENTO TRANSVERSAL";"COLISÃO 2 AUTOS - SEGUIDA DE CAPOTAMENTO - C/VITIMA POSSIVEL SITUAÇÃO DE ALCOOLEMIA";2;0;0;0;0;0;0;0;0;2;0;"Cruzamento";"Bom";"Não existe";"Perfeito estado";"Seca";"Perfeito estado";"Faixa de pedestre";"Placas Pare";"";"Única";"Faixa contínua";"";""
"4299";2021-01-31;"07:04:00";"COM VÍTIMA";"FINALIZADA";"BOA VIAGEM";"RUA GENERAL SALGADO";"820";"RUA COSMORAMA";"EM FRENTE AO EDF CHATEAU";"BOA VIAGEM";NA;"";"ABALROAMENTO LONGITUDINAL";"AUTO E MOTO.";1;1;0;0;0;0;0;0;0;1;0;"Longo da via";"Bom";"Não existe";"";"Seca";"Perfeito estado";"Não existe";"Não há placas";"";"Dupla";"Não existe";"";""
"4300";2021-01-31;"11:22:00";"COM VÍTIMA";"FINALIZADA";"TAMARINEIRA";"EST VELHA DE AGUA FRIA";"618";"AV NORTE";"EM FRENTE A PADARIA MANÁ";"TAMARINEIRA";NA;"SUBURBIO";"ABALROAMENTO LONGITUDINAL";"COM VITIMAS / BOMBEIROS NO LOCAL";1;1;0;0;0;0;0;0;0;1;0;"Longo da via";"Bom";"Não existe";"Perfeito estado";"Seca";"Perfeito estado";"Não existe";"Outras";"";"Dupla";"Faixa contínua";"Blocos";""
"4301";2021-01-31;"12:15:00";"COM VÍTIMA";"FINALIZADA";"TAMARINEIRA";"EST VELHA DE AGUA FRIA";"671";"RUA CABO HONORIO";"LADO OPOSTO AO NUMERO 671";"TAMARINEIRA";NA;"SUBURBIO";"COLISÃO TRASEIRA";"COLISÃO AUTO X MOTO / VT 14 NO LOCAL";1;1;0;0;0;0;0;0;0;1;0;"Esquina";"Bom";"Não existe";"Perfeito estado";"Seca";"Perfeito estado";"Não existe";"Outras";"";"Dupla";"Faixa contínua";"";""
"4302";2021-01-31;"14:35:00";"COM VÍTIMA";"FINALIZADA";"CASA FORTE";"RUA LEONARDO BEZERRA CAVALCANTE";"562";"";"MUNDO PET / PROX A FARMACIA PAGUE MENOS";"CASA FORTE";485;"SUBURBIO";"COLISÃO FRONTAL";"COLISÃO CARRO X MOTO / CARRO SE EVADIU DO LOCAL NAO CONSEGUIRAM PEGAR A PLACA";1;1;0;0;0;0;0;0;0;1;0;"Longo da via";"Bom";"Sem defeito";"Perfeito estado";"Seca";"Perfeito estado";"Faixa de pedestre";"Outras";"";"Única";"Faixa seccionada";"";""
"4303";2021-01-31;"22:44:00";"COM VÍTIMA";"FINALIZADA";"BOA VISTA";"AV MANOEL BORBA";"699";"";"AO LADO DA BOATE METRÓPOLE.";"BOA VISTA";NA;"SUBURBIO";"ATROPELAMENTO";"ATROPELAMENTO DE PEDESTRE";1;0;0;0;1;0;0;0;0;1;0;"Longo da via";"Bom";"Sem defeito";"Perfeito estado";"Seca";"Perfeito estado";"Faixa de pedestre";"R-6a";"40 km/h";"Única";"Faixa seccionada";"";""